crash_date,crash_time,latitude,longitude,on_street_name,number_of_persons_injured,number_of_persons_killed,number_of_pedestrians_injured,number_of_pedestrians_killed,number_of_cyclist_injured,number_of_cyclist_killed,number_of_motorist_injured,number_of_motorist_killed,contributing_factor_vehicle_1,vehicle_type_code1,borough,zip_code,year,month,day_name,total_casualties,severity
2022-03-18,13:00,40.66768,-73.889946,,0.0,0,0,0,0,0,0,0,Unspecified,Sedan,BROOKLYN,11207.0,2022,3,Friday,0.0,Low
2024-11-17,12:25,40.784344,-73.81656,17 AVE,0.0,0,0,0,0,0,1,0,Failure to Yield Right-of-Way,Station Wagon/Sport Utility Vehicle,QUEENS,11357.0,2024,11,Sunday,0.0,Low
2021-01-20,00:35,40.68063,-73.858795,80 STREET                       ,0.0,0,0,0,0,0,0,0,Driver Inattention/Distraction,Station Wagon/Sport Utility Vehicle,QUEENS,11416.0,2021,1,Wednesday,0.0,Low
2024-04-25,18:40,40.700832,-73.742805,NASHVILLE BOULEVARD,0.0,0,0,0,0,0,4,0,Passing Too Closely,Sedan,QUEENS,11411.0,2024,4,Thursday,0.0,Low
2022-11-06,05:35,40.66855,-73.90079,SUTTER AVENUE,0.0,0,0,0,0,0,2,0,Failure to Yield Right-of-Way,Sedan,BROOKLYN,11207.0,2022,11,Sunday,0.0,Low
2021-09-09,17:26,40.764626,-73.99555,11 AVENUE,0.0,0,0,0,0,0,0,0,Unspecified,Sedan,MANHATTAN,10019.0,2021,9,Thursday,0.0,Low
2022-06-17,19:20,40.808205,-73.907845,SAINT MARYS STREET,0.0,0,0,0,0,0,0,0,Unspecified,Sedan,BRONX,10454.0,2022,6,Friday,0.0,Low
2022-12-08,20:50,40.834038,-73.85315,,0.0,0,0,0,0,0,0,0,Unsafe Speed,Station Wagon/Sport Utility Vehicle,BRONX,10462.0,2022,12,Thursday,0.0,Low
2022-01-20,14:00,40.828194,-73.90386,EAST 167 STREET,0.0,0,0,0,0,0,0,0,Unspecified,Sedan,BRONX,10456.0,2022,1,Thursday,0.0,Low
2023-09-08,23:14,40.666462,-73.80445,BELT PARKWAY,0.0,0,0,0,0,0,0,0,Unsafe Lane Changing,Sedan,Unknown,,2023,9,Friday,0.0,Low
2022-11-01,13:00,40.716278,-73.80313000000001,GRAND CENTRAL PKWY,0.0,0,0,0,0,0,1,0,Driver Inattention/Distraction,Station Wagon/Sport Utility Vehicle,Unknown,,2022,11,Tuesday,0.0,Low
2024-06-11,15:48,40.69321,-73.97187,MYRTLE AVE,0.0,0,0,0,0,0,2,0,Unsafe Speed,Sedan,BROOKLYN,11205.0,2024,6,Tuesday,0.0,Low
2022-05-15,22:28,40.68892,-73.99915,BROOKLYN QUEENS EXPRESSWAY,0.0,0,0,0,0,0,0,0,Unspecified,Sedan,Unknown,,2022,5,Sunday,0.0,Low
2024-10-14,09:08,40.636784000000006,-74.018974,65 STREET,0.0,0,0,0,0,0,3,0,Reaction to Uninvolved Vehicle,Station Wagon/Sport Utility Vehicle,Unknown,,2024,10,Monday,0.0,Low
2021-03-23,17:52,40.84519,-73.9112,CROSS BRONX EXPY                ,0.0,0,0,0,0,0,4,0,Other Vehicular,Station Wagon/Sport Utility Vehicle,Unknown,,2021,3,Tuesday,0.0,Low
2022-11-04,09:02,40.68308,-73.96885999999999,,0.0,0,0,0,0,0,0,0,Passing Too Closely,3-Door,BROOKLYN,11238.0,2022,11,Friday,0.0,Low
2025-03-29,23:16,40.654740000000004,-73.90692,ROCKAWAY AVE,0.0,0,0,0,0,0,0,0,Unspecified,Station Wagon/Sport Utility Vehicle,BROOKLYN,11212.0,2025,3,Saturday,0.0,Low
2023-05-15,07:25,40.744465000000005,-73.77179,CLEARVIEW EXPRESSWAY,0.0,0,0,0,0,0,0,0,Unspecified,Tractor Truck Gasoline,Unknown,,2023,5,Monday,0.0,Low
2021-10-17,00:06,40.7123213,-73.73200870000001,HEMPSTEAD AVENUE,0.0,0,0,0,0,0,0,0,Unsafe Speed,Sedan,QUEENS,11429.0,2021,10,Sunday,0.0,Low
2022-11-12,01:55,40.810856,-73.939026,5 AVENUE,0.0,0,0,0,0,0,0,0,Driver Inattention/Distraction,Sedan,MANHATTAN,10037.0,2022,11,Saturday,0.0,Low
2021-04-23,20:00,40.609590000000004,-73.75585,,0.0,0,0,0,0,0,0,0,Other Vehicular,Sedan,QUEENS,11691.0,2021,4,Friday,0.0,Low
2025-05-18,15:38,40.667823999999996,-73.93121,UTICA AVE,0.0,0,0,0,0,0,1,0,Following Too Closely,Sedan,BROOKLYN,11213.0,2025,5,Sunday,0.0,Low
2021-01-29,11:04,40.79676,-73.9451,EAST 112 STREET                 ,0.0,0,0,0,0,0,0,0,Turning Improperly,Station Wagon/Sport Utility Vehicle,MANHATTAN,10029.0,2021,1,Friday,0.0,Low
2023-10-26,09:00,40.671642,-73.96258,EASTERN PARKWAY,0.0,0,0,0,0,0,0,0,Driver Inattention/Distraction,Sedan,BROOKLYN,11238.0,2023,10,Thursday,0.0,Low
2021-04-04,09:55,40.74622,-73.87755,ELMHURST AVENUE                 ,0.0,0,1,0,0,0,0,0,Unspecified,Bike,QUEENS,11373.0,2021,4,Sunday,0.0,Low
2025-04-30,04:14,40.850224,-73.88256,SOUTHERN BLVD,0.0,0,0,0,0,0,0,0,Unsafe Speed,Station Wagon/Sport Utility Vehicle,BRONX,10460.0,2025,4,Wednesday,0.0,Low
2025-03-31,12:30,40.74832,-73.75605,,0.0,0,0,0,0,0,0,0,Unspecified,Sedan,QUEENS,11364.0,2025,3,Monday,0.0,Low
2024-06-27,17:20,40.732277,-73.74056999999999,HILLSIDE AVENUE,0.0,0,0,0,0,0,0,0,Unspecified,Sedan,QUEENS,11427.0,2024,6,Thursday,0.0,Low
2022-03-17,01:27,40.651005,-73.94570999999999,CHURCH AVENUE,0.0,0,0,0,0,0,1,0,Unsafe Speed,Station Wagon/Sport Utility Vehicle,BROOKLYN,11203.0,2022,3,Thursday,0.0,Low
2026-01-23,21:40,40.728294,-73.99303,,0.0,0,0,0,0,0,0,0,Pedestrian/Bicyclist/Other Pedestrian Error/Confusion,Sedan,MANHATTAN,10003.0,2026,1,Friday,0.0,Low
2023-01-25,11:05,40.752975,-73.91024,NORTHERN BOULEVARD,0.0,0,1,0,0,0,0,0,Driver Inattention/Distraction,Station Wagon/Sport Utility Vehicle,Unknown,,2023,1,Wednesday,0.0,Low
2025-06-06,18:27,40.771465,-73.99435,W 57 ST,0.0,0,0,0,0,0,0,0,Unspecified,Station Wagon/Sport Utility Vehicle,MANHATTAN,10019.0,2025,6,Friday,0.0,Low
2022-07-04,20:00,40.87571,-73.84206,GIVAN AVENUE,0.0,0,0,0,0,0,0,0,Driver Inattention/Distraction,Station Wagon/Sport Utility Vehicle,BRONX,10469.0,2022,7,Monday,0.0,Low
2024-07-10,06:20,40.61312,-73.91745,,0.0,0,0,0,0,0,0,0,Unspecified,Sedan,BROOKLYN,11234.0,2024,7,Wednesday,0.0,Low
2021-12-04,01:18,40.845055,-73.90318,CARTER AVENUE                   ,0.0,0,0,0,0,0,0,0,Obstruction/Debris,Station Wagon/Sport Utility Vehicle,Unknown,,2021,12,Saturday,0.0,Low
2022-05-01,19:17,40.841255,-73.9378,,0.0,0,0,0,0,0,2,0,Other Vehicular,Sedan,MANHATTAN,10032.0,2022,5,Sunday,0.0,Low
2023-02-10,03:55,40.60988,-74.08722,TARGEE STREET,0.0,0,0,0,0,0,1,0,Driver Inattention/Distraction,Station Wagon/Sport Utility Vehicle,STATEN ISLAND,10304.0,2023,2,Friday,0.0,Low
2024-04-27,12:49,40.730816,-73.895744,69 STREET,0.0,0,0,0,0,0,2,0,Unsafe Speed,Sedan,Unknown,,2024,4,Saturday,0.0,Low
2022-10-30,08:15,40.62149,-74.02622,86 STREET,0.0,0,1,0,0,0,0,0,Driver Inattention/Distraction,Bike,BROOKLYN,11209.0,2022,10,Sunday,0.0,Low
2024-01-22,16:51,40.634342,-74.07522,,0.0,0,0,0,0,0,0,0,Driver Inattention/Distraction,Sedan,STATEN ISLAND,10301.0,2024,1,Monday,0.0,Low
2023-07-02,11:00,40.719677000000004,-73.8705,83 STREET,0.0,0,0,0,0,0,1,0,Failure to Yield Right-of-Way,Station Wagon/Sport Utility Vehicle,QUEENS,11379.0,2023,7,Sunday,0.0,Low
2021-11-02,15:45,40.764343,-73.88319,ASTORIA BOULEVARD               ,0.0,0,0,0,0,0,0,0,View Obstructed/Limited,Box Truck,QUEENS,11369.0,2021,11,Tuesday,0.0,Low
2025-09-26,18:00,40.722565,-74.0114,,0.0,0,0,0,0,0,0,0,Unspecified,Sedan,MANHATTAN,10013.0,2025,9,Friday,0.0,Low
2022-09-03,19:15,40.672382,-73.78574,ROCKAWAY BOULEVARD,0.0,0,0,0,0,0,0,0,Pavement Slippery,Station Wagon/Sport Utility Vehicle,QUEENS,11434.0,2022,9,Saturday,0.0,Low
2023-11-05,09:38,40.79672,-73.96864000000001,,0.0,0,0,0,0,0,0,0,Driver Inattention/Distraction,Station Wagon/Sport Utility Vehicle,MANHATTAN,10025.0,2023,11,Sunday,0.0,Low
2024-12-13,18:12,40.68609,-73.98266,ATLANTIC AVE,0.0,0,0,0,0,0,0,0,Aggressive Driving/Road Rage,Sedan,BROOKLYN,11217.0,2024,12,Friday,0.0,Low
2021-04-18,18:50,40.67492,-73.87528,FOUNTAIN AVENUE,0.0,0,0,0,0,0,0,0,Other Vehicular,Sedan,BROOKLYN,11208.0,2021,4,Sunday,0.0,Low
2023-11-05,12:50,40.683784,-73.769745,MERRICK BOULEVARD,0.0,0,0,0,0,0,0,0,Driver Inattention/Distraction,Sedan,QUEENS,11434.0,2023,11,Sunday,0.0,Low
2025-05-03,18:30,40.68578,-73.95439,BEDFORD AVE,0.0,0,1,0,0,0,0,0,Pedestrian/Bicyclist/Other Pedestrian Error/Confusion,Station Wagon/Sport Utility Vehicle,BROOKLYN,11216.0,2025,5,Saturday,0.0,Low
2024-07-17,17:36,40.715443,-73.95185,MEEKER AVENUE,0.0,0,0,0,0,0,0,0,Driver Inattention/Distraction,Sedan,Unknown,,2024,7,Wednesday,0.0,Low
2025-08-07,08:14,40.76239,-73.7788,CLEARVIEW EXPRESSWAY,0.0,0,0,0,0,0,2,0,Unsafe Lane Changing,Flat Bed,Unknown,,2025,8,Thursday,0.0,Low
2021-06-02,23:20,40.666855,-73.80425,NORTH CONDUIT AVENUE            ,0.0,0,0,0,0,0,0,0,Reaction to Uninvolved Vehicle,Sedan,QUEENS,11420.0,2021,6,Wednesday,0.0,Low
2023-06-25,04:35,40.662357,-73.73517,MEMPHIS AVENUE,0.0,0,0,0,0,0,0,0,Failure to Keep Right,Sedan,QUEENS,11422.0,2023,6,Sunday,0.0,Low
2022-04-19,03:45,40.74747,-73.97636,,0.0,0,0,0,0,0,0,0,Driver Inattention/Distraction,Box Truck,MANHATTAN,10016.0,2022,4,Tuesday,0.0,Low
2022-12-22,02:00,40.58305,-74.08708,LIBERTY AVENUE,0.0,0,0,0,0,0,0,0,Passing Too Closely,Station Wagon/Sport Utility Vehicle,STATEN ISLAND,10305.0,2022,12,Thursday,0.0,Low
2021-01-03,23:55,40.824078,-73.94889,WEST 143 STREET                 ,0.0,0,0,0,0,0,0,0,Unspecified,Sedan,Unknown,,2021,1,Sunday,0.0,Low
2022-01-04,15:10,40.883633,-73.88517,WEST GUN HILL ROAD,0.0,0,0,0,0,0,2,0,Failure to Keep Right,Sedan,BRONX,10467.0,2022,1,Tuesday,0.0,Low
2023-01-21,04:34,40.651973999999996,-73.86542,BELT PARKWAY,0.0,0,0,0,0,0,2,0,Unspecified,Station Wagon/Sport Utility Vehicle,Unknown,,2023,1,Saturday,0.0,Low
2022-12-22,23:25,40.680805,-73.76389,MERRICK BOULEVARD,0.0,0,0,0,0,0,3,0,Traffic Control Disregarded,Station Wagon/Sport Utility Vehicle,QUEENS,11434.0,2022,12,Thursday,0.0,Low
2024-10-03,04:50,40.622643,-73.8965,BELT PARKWAY,0.0,0,0,0,0,0,0,0,Pavement Slippery,Sedan,Unknown,,2024,10,Thursday,0.0,Low
2023-07-31,10:20,40.728854999999996,-73.92782,BROOKLYN QUEENS EXPRESSWAY,0.0,0,0,0,0,0,0,0,Aggressive Driving/Road Rage,Sedan,Unknown,,2023,7,Monday,0.0,Low
2021-02-02,11:09,40.638435,-73.91653000000001,,0.0,0,0,0,0,0,0,0,Unspecified,Sedan,BROOKLYN,11236.0,2021,2,Tuesday,0.0,Low
2024-10-22,17:20,40.764153,-73.97465,,0.0,0,0,0,1,0,1,0,Unspecified,Sedan,MANHATTAN,10019.0,2024,10,Tuesday,0.0,Low
2025-09-20,09:30,40.664753000000005,-73.89404,PENNSYLVANIA AVE,0.0,0,1,0,0,0,0,0,Turning Improperly,Unknown,BROOKLYN,11207.0,2025,9,Saturday,0.0,Low
2021-08-24,14:09,40.724575,-73.987495,1 AVENUE,0.0,0,0,0,1,0,0,0,Driver Inattention/Distraction,Station Wagon/Sport Utility Vehicle,MANHATTAN,10009.0,2021,8,Tuesday,0.0,Low
2023-12-31,16:00,40.67034,-73.86671,,0.0,0,0,0,0,0,0,0,Unspecified,Station Wagon/Sport Utility Vehicle,BROOKLYN,11208.0,2023,12,Sunday,0.0,Low
2025-09-19,13:10,40.732624,-73.82489,MAIN ST,0.0,0,1,0,0,0,0,0,Driver Inattention/Distraction,Station Wagon/Sport Utility Vehicle,QUEENS,11367.0,2025,9,Friday,0.0,Low
2024-03-13,16:28,40.755505,-73.86816,100 STREET,0.0,0,0,0,0,0,0,0,Traffic Control Disregarded,Sedan,QUEENS,11368.0,2024,3,Wednesday,0.0,Low
2023-10-09,03:48,40.674385,-73.87897,PITKIN AVENUE,0.0,0,0,0,1,0,0,0,Traffic Control Disregarded,Taxi,BROOKLYN,11208.0,2023,10,Monday,0.0,Low
2022-04-14,12:10,40.81888,-73.916504,EAST 153 STREET,0.0,0,0,0,0,0,3,0,Failure to Yield Right-of-Way,Station Wagon/Sport Utility Vehicle,BRONX,10455.0,2022,4,Thursday,0.0,Low
2024-06-15,06:06,40.67798,-73.872116,LIBERTY AVENUE,0.0,0,0,0,0,0,0,0,Unspecified,Sedan,Unknown,,2024,6,Saturday,0.0,Low
2024-10-12,20:13,40.583667999999996,-73.948425,OCEAN AVE,0.0,0,0,0,0,0,0,0,Passing Too Closely,Sedan,BROOKLYN,11235.0,2024,10,Saturday,0.0,Low
2021-12-03,17:00,40.607185,-74.16239,RICHMOND AVENUE                 ,0.0,0,0,0,0,0,0,0,Driver Inattention/Distraction,Station Wagon/Sport Utility Vehicle,Unknown,,2021,12,Friday,0.0,Low
2025-03-11,06:20,40.612656,-73.96498000000001,,0.0,0,0,0,1,0,0,0,Unspecified,Bike,BROOKLYN,11230.0,2025,3,Tuesday,0.0,Low
2025-02-02,15:40,40.69993,-73.96188000000001,BROOKLYN QUEENS EXPRESSWAY,0.0,0,0,0,0,0,0,0,Passing Too Closely,Station Wagon/Sport Utility Vehicle,Unknown,,2025,2,Sunday,0.0,Low
2021-12-24,02:00,40.67908,-73.880684,,0.0,0,0,0,0,0,0,0,Driver Inattention/Distraction,Station Wagon/Sport Utility Vehicle,BROOKLYN,11208.0,2021,12,Friday,0.0,Low
2023-09-26,08:50,40.65595,-73.95528399999999,,0.0,0,0,0,0,0,0,0,Other Vehicular,Van,BROOKLYN,11226.0,2023,9,Tuesday,0.0,Low
2024-12-24,15:10,40.693490000000004,-73.979164,MYRTLE AVE,0.0,0,0,0,0,0,0,0,Unspecified,Sedan,BROOKLYN,11201.0,2024,12,Tuesday,0.0,Low
2023-10-30,21:45,40.739162,-73.78556,188 STREET,0.0,0,0,0,0,0,0,0,Failure to Yield Right-of-Way,Sedan,Unknown,,2023,10,Monday,0.0,Low
2023-03-20,16:00,40.743266999999996,-73.874664,43 AVENUE,0.0,0,0,0,0,0,0,0,Driver Inattention/Distraction,Station Wagon/Sport Utility Vehicle,QUEENS,11373.0,2023,3,Monday,0.0,Low
2025-10-06,12:40,40.729877,-73.957596,FRANKLIN ST,0.0,0,0,0,0,0,0,0,Turning Improperly,Box Truck,BROOKLYN,11222.0,2025,10,Monday,0.0,Low
2025-12-17,10:20,40.767371999999995,-73.8319,,0.0,0,0,0,0,0,0,0,Following Too Closely,Station Wagon/Sport Utility Vehicle,QUEENS,11354.0,2025,12,Wednesday,0.0,Low
2021-06-06,06:30,40.855920000000005,-73.9172,CEDAR AVENUE,0.0,0,0,0,0,0,0,0,Unspecified,Sedan,BRONX,10453.0,2021,6,Sunday,0.0,Low
2025-06-02,18:50,40.86531,-73.90332,W 190 ST,0.0,0,1,0,0,0,0,0,Aggressive Driving/Road Rage,Station Wagon/Sport Utility Vehicle,BRONX,10468.0,2025,6,Monday,0.0,Low
2025-01-24,14:12,40.671738,-73.98832,,0.0,0,0,0,0,0,0,0,Following Too Closely,Sedan,BROOKLYN,11215.0,2025,1,Friday,0.0,Low
2021-06-27,22:14,40.783024,-73.98213,WEST 77 STREET,0.0,0,0,0,0,0,0,0,Backing Unsafely,Sedan,Unknown,,2021,6,Sunday,0.0,Low
2024-03-07,16:37,40.754658,-73.833115,COLLEGE POINT BOULEVARD,0.0,0,0,0,0,0,0,0,Failure to Yield Right-of-Way,Sedan,QUEENS,11355.0,2024,3,Thursday,0.0,Low
2025-01-18,14:11,40.742683,-73.89565,69 ST,0.0,0,0,0,0,0,0,0,Failure to Yield Right-of-Way,Station Wagon/Sport Utility Vehicle,QUEENS,11377.0,2025,1,Saturday,0.0,Low
2024-05-29,21:31,40.637135,-74.11636,HENDERSON AVENUE,0.0,0,0,0,0,0,0,0,Backing Unsafely,Sedan,STATEN ISLAND,10310.0,2024,5,Wednesday,0.0,Low
2024-12-17,08:08,40.71882,-73.80908000000001,,0.0,0,0,0,0,0,0,0,Unspecified,Motorcycle,QUEENS,11432.0,2024,12,Tuesday,0.0,Low
2022-05-10,07:41,0.0,0.0,GREENPOINT AVENUE,0.0,0,0,0,0,0,0,0,Driver Inattention/Distraction,Sedan,QUEENS,11104.0,2022,5,Tuesday,0.0,Low
2022-02-28,21:25,40.680984,-73.961365,,0.0,0,0,0,0,0,0,0,Driver Inattention/Distraction,Station Wagon/Sport Utility Vehicle,BROOKLYN,11238.0,2022,2,Monday,0.0,Low
2024-05-07,21:20,40.535503000000006,-74.16166,,0.0,0,0,0,0,0,0,0,Alcohol Involvement,Station Wagon/Sport Utility Vehicle,STATEN ISLAND,10312.0,2024,5,Tuesday,0.0,Low
2025-09-15,09:32,40.825203,-73.86771,ROSEDALE AVE,0.0,0,0,0,0,0,1,0,Traffic Control Disregarded,Station Wagon/Sport Utility Vehicle,Unknown,,2025,9,Monday,0.0,Low
2024-05-28,21:38,40.74762,-73.95651,CENTER BOULEVARD,0.0,0,0,0,0,0,0,0,Unspecified,Station Wagon/Sport Utility Vehicle,QUEENS,11109.0,2024,5,Tuesday,0.0,Low
2021-10-04,20:37,40.694107,-73.89737,CYPRESS AVENUE                  ,0.0,0,0,0,0,0,0,0,Drugs (illegal),Sedan,QUEENS,11385.0,2021,10,Monday,0.0,Low
2025-04-30,07:45,40.81653,-73.934875,5 AVE,0.0,0,0,0,0,0,0,0,Other Vehicular,Station Wagon/Sport Utility Vehicle,MANHATTAN,10037.0,2025,4,Wednesday,0.0,Low
2022-11-09,12:34,40.83781,-73.82749,,0.0,0,0,0,0,0,0,0,Unspecified,Station Wagon/Sport Utility Vehicle,BRONX,10461.0,2022,11,Wednesday,0.0,Low
2024-10-03,15:15,40.76943,-73.91025,ASTORIA BOULEVARD,0.0,0,0,0,0,0,0,0,Turning Improperly,Sedan,Unknown,,2024,10,Thursday,0.0,Low
2021-06-14,15:10,40.659040000000005,-73.87593000000001,ELTON STREET,0.0,0,0,0,0,0,0,0,Driver Inattention/Distraction,Sedan,Unknown,,2021,6,Monday,0.0,Low
2025-05-09,20:15,40.725918,-73.89534,GRAND AVE,0.0,0,0,0,0,0,0,0,Driver Inattention/Distraction,Station Wagon/Sport Utility Vehicle,Unknown,,2025,5,Friday,0.0,Low
2021-09-05,22:08,40.637794,-74.010765,,0.0,0,0,0,0,0,2,0,Driver Inattention/Distraction,Sedan,BROOKLYN,11220.0,2021,9,Sunday,0.0,Low
2025-02-22,09:08,40.710094,-73.91452,HART ST,0.0,0,0,0,0,0,0,0,Unspecified,Sedan,QUEENS,11385.0,2025,2,Saturday,0.0,Low
2022-10-23,18:29,40.66895,-73.9339,EASTERN PARKWAY,0.0,1,0,1,0,0,0,0,Unsafe Speed,PK,BROOKLYN,11213.0,2022,10,Sunday,1.0,Low
2021-02-12,19:00,40.694893,-73.95342,MYRTLE AVENUE,0.0,0,0,0,0,0,0,0,Driver Inattention/Distraction,Sedan,Unknown,,2021,2,Friday,0.0,Low
2021-01-16,10:30,40.718555,-73.98820500000001,ESSEX STREET                    ,0.0,0,0,0,0,0,0,0,Driver Inattention/Distraction,Sedan,MANHATTAN,10002.0,2021,1,Saturday,0.0,Low
2021-06-03,19:25,40.740517,-73.884315,,0.0,0,0,0,0,0,0,0,Driver Inattention/Distraction,Sedan,QUEENS,11373.0,2021,6,Thursday,0.0,Low
2024-12-08,02:10,40.703194,-73.95532,,0.0,0,0,0,0,0,0,0,Unspecified,Station Wagon/Sport Utility Vehicle,BROOKLYN,11211.0,2024,12,Sunday,0.0,Low
2023-09-20,10:00,40.830112,-73.850266,CROSS BRONX EXPY,0.0,0,0,0,0,0,0,0,Unspecified,Motorcycle,Unknown,,2023,9,Wednesday,0.0,Low
2022-08-10,22:44,40.7044,-73.92384,IRVING AVENUE,0.0,0,0,0,1,0,0,0,Passing or Lane Usage Improper,Sedan,Unknown,,2022,8,Wednesday,0.0,Low
2021-01-10,22:10,40.683342100000004,-73.804323,139 STREET,0.0,0,0,0,0,0,0,0,Following Too Closely,Sedan,QUEENS,11436.0,2021,1,Sunday,0.0,Low
2025-07-11,08:20,40.836056,-73.93477,HARLEM RIVER DRIVE,0.0,0,0,0,0,0,2,0,Passing Too Closely,Taxi,Unknown,,2025,7,Friday,0.0,Low
2023-09-28,19:25,40.52912,-74.21701999999999,BLOOMINGDALE ROAD,0.0,0,1,0,0,0,0,0,Failure to Yield Right-of-Way,Station Wagon/Sport Utility Vehicle,STATEN ISLAND,10309.0,2023,9,Thursday,0.0,Low
2025-08-15,19:50,40.752064000000004,-73.8377,,0.0,0,0,0,0,0,0,0,Passing Too Closely,Sedan,QUEENS,11355.0,2025,8,Friday,0.0,Low
2023-04-03,12:55,40.680896999999995,-73.95118000000001,ARLINGTON PLACE,0.0,0,0,0,0,0,0,0,Driver Inattention/Distraction,Station Wagon/Sport Utility Vehicle,BROOKLYN,11216.0,2023,4,Monday,0.0,Low
2023-03-23,15:45,40.578777,-73.989525,,0.0,0,0,0,0,0,0,0,Unspecified,Sedan,BROOKLYN,11224.0,2023,3,Thursday,0.0,Low
2022-05-28,18:15,40.881440000000005,-73.84875500000001,EAST 222 STREET,0.0,0,0,0,0,0,1,0,Following Too Closely,Sedan,BRONX,10469.0,2022,5,Saturday,0.0,Low
2025-02-10,09:30,40.749320000000004,-73.75684,LONG ISLAND EXPRESSWAY,0.0,0,0,0,0,0,0,0,Driver Inexperience,Station Wagon/Sport Utility Vehicle,Unknown,,2025,2,Monday,0.0,Low
2026-04-02,17:29,40.754513,-73.94396,,0.0,0,1,0,0,0,0,0,Traffic Control Disregarded,Station Wagon/Sport Utility Vehicle,QUEENS,11101.0,2026,4,Thursday,0.0,Low
2023-01-06,09:30,40.82186,-73.88834,BRUCKNER BOULEVARD,0.0,0,0,0,0,0,0,0,Failure to Yield Right-of-Way,Taxi,BRONX,10459.0,2023,1,Friday,0.0,Low
2025-11-24,00:45,40.697734999999994,-73.96092,LITTLE NASSAU ST,0.0,0,0,0,0,0,0,0,Backing Unsafely,Sedan,BROOKLYN,11205.0,2025,11,Monday,0.0,Low
2022-03-19,13:15,40.675983,-73.84975,SUTTER AVENUE,0.0,0,0,0,0,0,1,0,Failure to Yield Right-of-Way,Station Wagon/Sport Utility Vehicle,QUEENS,11417.0,2022,3,Saturday,0.0,Low
2022-10-03,13:00,40.77827,-73.96070999999999,MADISON AVENUE,0.0,0,0,0,0,0,0,0,Turning Improperly,Unknown,MANHATTAN,10028.0,2022,10,Monday,0.0,Low
2023-01-01,02:50,40.671326,-73.798225,142 STREET,0.0,0,0,0,0,0,0,0,Passing Too Closely,Station Wagon/Sport Utility Vehicle,Unknown,,2023,1,Sunday,0.0,Low
2023-12-05,00:34,40.853065,-73.86299,,0.0,0,0,0,0,0,0,0,Other Vehicular,Station Wagon/Sport Utility Vehicle,BRONX,10462.0,2023,12,Tuesday,0.0,Low
2024-05-31,01:20,40.7434,-73.88888,WOODSIDE AVENUE,0.0,0,0,0,0,0,0,0,Driver Inattention/Distraction,Sedan,QUEENS,11373.0,2024,5,Friday,0.0,Low
2025-04-23,19:00,40.607224,-73.992195,,0.0,0,0,0,0,0,0,0,Passing Too Closely,Pick-up Truck,BROOKLYN,11214.0,2025,4,Wednesday,0.0,Low
2023-06-10,00:00,40.71371,-73.85675,NANSEN STREET,0.0,0,0,0,0,0,0,0,Driver Inattention/Distraction,Sedan,QUEENS,11375.0,2023,6,Saturday,0.0,Low
2021-12-03,07:10,40.745723999999996,-73.87819,,0.0,0,0,0,0,0,0,0,Alcohol Involvement,Station Wagon/Sport Utility Vehicle,QUEENS,11373.0,2021,12,Friday,0.0,Low
2022-11-02,10:05,40.656292,-73.89894,,0.0,0,0,0,0,0,1,0,Failure to Yield Right-of-Way,Station Wagon/Sport Utility Vehicle,BROOKLYN,11236.0,2022,11,Wednesday,0.0,Low
2023-04-26,23:15,40.768044,-73.86853,,0.0,0,0,0,0,0,0,0,Unspecified,Sedan,QUEENS,11369.0,2023,4,Wednesday,0.0,Low
2021-02-07,10:55,40.723620000000004,-73.88802,60 AVENUE,0.0,0,0,0,0,0,2,0,Failure to Yield Right-of-Way,Sedan,QUEENS,11378.0,2021,2,Sunday,0.0,Low
2025-01-01,03:54,40.744834999999995,-73.9861,,0.0,0,0,0,0,0,0,0,Driver Inattention/Distraction,Sedan,MANHATTAN,10016.0,2025,1,Wednesday,0.0,Low
2024-04-03,13:00,40.752384,-73.92987,,0.0,0,0,0,0,0,0,0,Unspecified,Sedan,QUEENS,11101.0,2024,4,Wednesday,0.0,Low
2021-06-30,08:20,40.757164,-73.88280999999999,,0.0,0,0,0,0,0,0,0,Unspecified,Station Wagon/Sport Utility Vehicle,QUEENS,11370.0,2021,6,Wednesday,0.0,Low
2022-02-24,15:51,40.591934,-73.800095,,0.0,0,0,0,0,0,0,0,Turning Improperly,Van,QUEENS,11692.0,2022,2,Thursday,0.0,Low
2021-11-30,14:09,40.628654,-73.95192,,0.0,0,1,0,0,0,0,0,Backing Unsafely,Sedan,BROOKLYN,11210.0,2021,11,Tuesday,0.0,Low
2021-05-29,21:35,40.699627,-73.923836,WILSON AVENUE,0.0,0,0,0,0,0,0,0,Passing or Lane Usage Improper,Station Wagon/Sport Utility Vehicle,BROOKLYN,11221.0,2021,5,Saturday,0.0,Low
2023-05-23,12:30,40.769226,-73.98477,WEST 59 STREET,0.0,0,0,0,0,0,0,0,Backing Unsafely,Sedan,Unknown,,2023,5,Tuesday,0.0,Low
2022-12-11,15:34,40.792759999999994,-73.848434,5 AVENUE,0.0,0,0,0,0,0,0,0,Driver Inexperience,Station Wagon/Sport Utility Vehicle,Unknown,,2022,12,Sunday,0.0,Low
2021-07-09,13:00,40.715202000000005,-73.801575,164 PLACE,0.0,0,0,0,0,0,0,0,Driver Inattention/Distraction,Sedan,QUEENS,11432.0,2021,7,Friday,0.0,Low
2025-08-25,17:10,40.738213,-73.86648000000001,55 AVE,0.0,0,0,0,0,0,2,0,Driver Inexperience,Station Wagon/Sport Utility Vehicle,QUEENS,11373.0,2025,8,Monday,0.0,Low
2023-09-09,08:09,40.790409999999994,-73.94554000000001,,0.0,0,0,0,0,0,0,0,Driver Inexperience,Station Wagon/Sport Utility Vehicle,MANHATTAN,10029.0,2023,9,Saturday,0.0,Low
2022-11-21,09:30,40.629505,-73.94416,FLATBUSH AVENUE,0.0,0,0,0,0,0,3,0,Driver Inattention/Distraction,Sedan,BROOKLYN,11210.0,2022,11,Monday,0.0,Low
2021-04-29,00:00,40.777542,-73.95701600000001,LEXINGTON AVENUE,0.0,0,0,0,0,0,0,0,Driver Inattention/Distraction,Box Truck,MANHATTAN,10028.0,2021,4,Thursday,0.0,Low
2025-10-09,09:23,40.678340000000006,-73.9552,PACIFIC ST,0.0,0,0,0,1,0,0,0,Passing or Lane Usage Improper,Station Wagon/Sport Utility Vehicle,BROOKLYN,11238.0,2025,10,Thursday,0.0,Low
2023-06-06,18:22,40.61424,-73.92345,,0.0,0,0,0,0,0,1,0,Driver Inattention/Distraction,Station Wagon/Sport Utility Vehicle,BROOKLYN,11234.0,2023,6,Tuesday,0.0,Low
2023-04-27,16:12,40.84097,-73.89918,EAST 173 STREET,0.0,0,0,0,0,0,0,0,Driver Inattention/Distraction,Bus,BRONX,10457.0,2023,4,Thursday,0.0,Low
2022-09-24,21:35,40.76228,-73.87111999999999,,0.0,0,0,0,0,0,0,0,Driver Inattention/Distraction,Station Wagon/Sport Utility Vehicle,QUEENS,11369.0,2022,9,Saturday,0.0,Low
2023-01-29,01:20,40.722916,-73.73151,224 STREET,0.0,0,0,0,0,0,0,0,Driver Inattention/Distraction,Sedan,Unknown,,2023,1,Sunday,0.0,Low
2025-06-08,09:15,40.810764,-73.95259,W 125 ST,0.0,0,0,0,1,0,0,0,Passing or Lane Usage Improper,Bike,MANHATTAN,10027.0,2025,6,Sunday,0.0,Low
2024-05-21,01:20,40.635803,-74.017624,BROOKLYN QUEENS EXPRESSWAY,0.0,0,0,0,0,0,2,0,Driver Inattention/Distraction,Station Wagon/Sport Utility Vehicle,Unknown,,2024,5,Tuesday,0.0,Low
2022-04-01,21:22,40.754065999999995,-73.915276,34 AVENUE,0.0,0,0,0,0,0,0,0,Driver Inattention/Distraction,Sedan,QUEENS,11101.0,2022,4,Friday,0.0,Low
2022-07-03,18:18,40.724308,-73.842575,JEWEL AVENUE,0.0,0,0,0,0,0,1,0,Passing or Lane Usage Improper,Station Wagon/Sport Utility Vehicle,QUEENS,11375.0,2022,7,Sunday,0.0,Low
2024-04-03,04:15,40.74759,-73.86854,JUNCTION BOULEVARD,0.0,0,0,0,1,0,0,0,Unspecified,Station Wagon/Sport Utility Vehicle,Unknown,,2024,4,Wednesday,0.0,Low
2021-03-15,07:22,40.867461999999996,-73.8443,ARNOW AVENUE                    ,0.0,0,0,0,0,0,0,0,Reaction to Uninvolved Vehicle,Sedan,BRONX,10469.0,2021,3,Monday,0.0,Low
2025-12-06,11:33,40.76092,-73.96703000000001,3 AVE,0.0,0,0,0,0,0,1,0,Unspecified,Sedan,MANHATTAN,10022.0,2025,12,Saturday,0.0,Low
2023-07-09,08:00,40.680637,-73.974556,,0.0,0,0,0,0,0,0,0,Passing Too Closely,Sedan,BROOKLYN,11217.0,2023,7,Sunday,0.0,Low
2022-08-26,12:00,40.876976,-73.90584,,0.0,0,0,0,0,0,0,0,Backing Unsafely,Van,BRONX,10463.0,2022,8,Friday,0.0,Low
2025-06-04,23:02,40.823265,-73.95276,BROADWAY,0.0,0,0,0,0,0,0,0,Driver Inattention/Distraction,Station Wagon/Sport Utility Vehicle,MANHATTAN,10031.0,2025,6,Wednesday,0.0,Low
2022-10-10,16:19,40.802914,-73.92029000000001,EAST 132 STREET,0.0,0,0,0,0,0,1,0,Unspecified,Sedan,BRONX,10454.0,2022,10,Monday,0.0,Low
2021-09-20,02:00,40.827103,-73.94996,BROADWAY,0.0,0,1,0,0,0,0,0,Unspecified,3-Door,Unknown,,2021,9,Monday,0.0,Low
2021-01-30,00:46,40.639782000000004,-74.00151,50 STREET                       ,0.0,0,0,0,0,0,0,0,Unspecified,Sedan,BROOKLYN,11220.0,2021,1,Saturday,0.0,Low
2022-05-12,17:17,40.875587,-73.89408,GOULDEN AVENUE,0.0,0,0,0,0,0,0,0,Passing Too Closely,Sedan,BRONX,10468.0,2022,5,Thursday,0.0,Low
2024-08-08,14:00,40.867634,-73.916595,10 AVENUE,0.0,0,0,0,0,0,0,0,View Obstructed/Limited,Sedan,MANHATTAN,10034.0,2024,8,Thursday,0.0,Low
2024-10-19,08:25,40.723633,-73.844826,108 STREET,0.0,0,0,0,0,0,0,0,Other Vehicular,Sedan,QUEENS,11375.0,2024,10,Saturday,0.0,Low
2023-09-15,20:27,40.81666,-73.888,LAFAYETTE AVENUE,0.0,0,0,0,0,0,0,0,Driver Inattention/Distraction,Station Wagon/Sport Utility Vehicle,BRONX,10474.0,2023,9,Friday,0.0,Low
2024-12-21,16:55,40.821865,-73.888336,BRUCKNER BLVD,0.0,0,0,0,0,0,0,0,Driver Inattention/Distraction,Station Wagon/Sport Utility Vehicle,BRONX,10459.0,2024,12,Saturday,0.0,Low
2022-05-01,21:14,40.670326,-73.87796,BLAKE AVENUE,0.0,0,0,0,0,0,0,0,Driver Inattention/Distraction,Sedan,BROOKLYN,11208.0,2022,5,Sunday,0.0,Low
2021-10-19,15:00,40.6916907,-73.9993379,BROOKLYN QUEENS EXPRESSWAY,0.0,0,0,0,0,0,0,0,Following Too Closely,Station Wagon/Sport Utility Vehicle,Unknown,,2021,10,Tuesday,0.0,Low
2021-08-14,06:18,40.614222999999996,-73.94743000000001,KINGS HIGHWAY,0.0,0,0,0,0,0,1,0,Alcohol Involvement,Sedan,Unknown,,2021,8,Saturday,0.0,Low
2021-04-11,04:55,40.654312,-73.91759,LINDEN BOULEVARD,0.0,0,0,0,0,0,2,0,Driver Inattention/Distraction,Garbage or Refuse,BROOKLYN,11212.0,2021,4,Sunday,0.0,Low
2022-07-17,10:06,40.64018,-74.02179,GOWANUS EXPY (BQE),0.0,0,0,0,0,0,1,0,Driver Inattention/Distraction,Sedan,Unknown,,2022,7,Sunday,0.0,Low
2022-09-28,19:15,40.735797999999996,-73.99797,,0.0,0,0,0,0,0,0,0,Other Vehicular,Dump,MANHATTAN,10011.0,2022,9,Wednesday,0.0,Low
2022-09-30,16:00,40.848793,-73.94358000000001,HENRY HUDSON PARKWAY,0.0,0,0,0,0,0,0,0,Driver Inattention/Distraction,Sedan,Unknown,,2022,9,Friday,0.0,Low
2021-09-16,10:10,40.753716,-73.99605600000001,,0.0,0,0,0,0,0,0,0,Driver Inattention/Distraction,Station Wagon/Sport Utility Vehicle,MANHATTAN,10001.0,2021,9,Thursday,0.0,Low
2021-08-19,13:00,40.70944,-73.86395,,0.0,0,0,0,0,0,0,0,Driver Inattention/Distraction,Station Wagon/Sport Utility Vehicle,QUEENS,11385.0,2021,8,Thursday,0.0,Low
2023-01-13,19:10,40.751971999999995,-73.93196999999999,HONEYWELL STREET,0.0,0,0,0,0,0,0,0,Unspecified,Sedan,QUEENS,11101.0,2023,1,Friday,0.0,Low
2023-09-09,20:17,40.825413,-73.923485,GRAND CONCOURSE,0.0,0,0,0,0,0,1,0,Failure to Yield Right-of-Way,Station Wagon/Sport Utility Vehicle,BRONX,10451.0,2023,9,Saturday,0.0,Low
2025-03-18,15:07,40.66223,-73.939964,ALBANY AVE,0.0,0,0,0,0,0,0,0,View Obstructed/Limited,Bike,BROOKLYN,11203.0,2025,3,Tuesday,0.0,Low
2025-01-03,00:00,40.720238,-73.944405,HUMBOLDT ST,0.0,0,0,0,0,0,0,0,Driver Inattention/Distraction,Sedan,Unknown,,2025,1,Friday,0.0,Low
2022-04-22,18:09,40.668755,-73.77351999999999,LATHAM LANE,0.0,0,0,0,0,0,1,0,Unspecified,Sedan,QUEENS,11434.0,2022,4,Friday,0.0,Low
2021-04-08,06:00,40.704056,-73.87905,,0.0,0,0,0,0,0,0,0,Unspecified,Sedan,QUEENS,11385.0,2021,4,Thursday,0.0,Low
2025-04-12,16:22,40.62458,-74.14233399999999,,0.0,0,0,0,0,0,3,0,Turning Improperly,Sedan,Unknown,,2025,4,Saturday,0.0,Low
2022-06-28,17:52,40.74245,-73.87238,92 STREET,0.0,0,0,0,0,0,1,0,Driver Inattention/Distraction,Station Wagon/Sport Utility Vehicle,QUEENS,11373.0,2022,6,Tuesday,0.0,Low
2021-08-30,15:55,40.667835,-73.89484,BLAKE AVENUE,0.0,0,0,0,0,0,1,0,Unspecified,Sedan,BROOKLYN,11207.0,2021,8,Monday,0.0,Low
2025-12-03,07:42,40.6922,-73.80971,LIBERTY AVE,0.0,0,0,0,0,0,0,0,Backing Unsafely,Station Wagon/Sport Utility Vehicle,QUEENS,11435.0,2025,12,Wednesday,0.0,Low
2021-06-01,11:56,40.663174,-73.911,,0.0,0,0,0,0,0,0,0,Unspecified,Sedan,BROOKLYN,11212.0,2021,6,Tuesday,0.0,Low
2024-04-04,04:30,40.88742,-73.89449,MAJOR DEEGAN EXPRESSWAY,0.0,0,0,0,0,0,0,0,Following Too Closely,Sedan,Unknown,,2024,4,Thursday,0.0,Low
2023-04-14,22:26,40.573658,-74.09558,MIDLAND AVENUE,0.0,0,0,0,0,0,0,0,Unsafe Speed,Sedan,STATEN ISLAND,10306.0,2023,4,Friday,0.0,Low
2022-11-29,11:10,40.69122,-73.93969,MARCUS GARVEY BOULEVARD,0.0,0,0,0,0,0,5,0,Unsafe Lane Changing,Station Wagon/Sport Utility Vehicle,Unknown,,2022,11,Tuesday,0.0,Low
2023-10-21,16:29,40.684002,-73.863434,76 STREET,0.0,0,0,0,1,0,0,0,Pedestrian/Bicyclist/Other Pedestrian Error/Confusion,Sedan,Unknown,,2023,10,Saturday,0.0,Low
2023-06-10,08:00,40.701332,-73.92684,WILSON AVENUE,0.0,0,0,0,0,0,0,0,Backing Unsafely,Station Wagon/Sport Utility Vehicle,Unknown,,2023,6,Saturday,0.0,Low
2022-02-06,14:42,40.881958000000004,-73.81660500000001,HUTCHINSON RIVER PARKWAY,0.0,0,0,0,0,0,0,0,Tinted Windows,Sedan,Unknown,,2022,2,Sunday,0.0,Low
2022-02-06,18:00,40.770252,-73.96784,,0.0,0,0,0,0,0,0,0,View Obstructed/Limited,Unknown,MANHATTAN,10021.0,2022,2,Sunday,0.0,Low
2022-01-24,19:20,40.68247,-73.9763,,0.0,0,0,0,0,0,3,0,Unsafe Lane Changing,Station Wagon/Sport Utility Vehicle,BROOKLYN,11217.0,2022,1,Monday,0.0,Low
2024-04-03,14:00,40.64802,-73.95219399999999,ROGERS AVENUE,0.0,0,0,0,0,0,0,0,Driver Inattention/Distraction,10 Paaseng,Unknown,,2024,4,Wednesday,0.0,Low
2021-02-11,14:00,40.665459999999996,-73.91453,,0.0,0,0,0,0,0,0,0,Unspecified,Sedan,BROOKLYN,11212.0,2021,2,Thursday,0.0,Low
2024-03-15,05:50,40.71025,-73.79986600000001,HIGHLAND AVENUE,0.0,0,1,0,0,0,0,0,Unknown,Sedan,QUEENS,11432.0,2024,3,Friday,0.0,Low
2022-07-08,19:31,40.61871,-73.93075999999999,AVENUE N,0.0,0,0,0,0,0,0,0,Driver Inattention/Distraction,Sedan,BROOKLYN,11234.0,2022,7,Friday,0.0,Low
2022-08-25,10:55,40.66778,-73.996185,,0.0,0,0,0,0,0,0,0,Unspecified,Pick-up Truck,BROOKLYN,11232.0,2022,8,Thursday,0.0,Low
2022-12-21,10:05,40.741547,-73.98958,5 AVENUE,0.0,0,1,0,0,0,0,0,Failure to Yield Right-of-Way,Station Wagon/Sport Utility Vehicle,MANHATTAN,10010.0,2022,12,Wednesday,0.0,Low
2021-09-01,14:25,40.670124,-73.95528,EASTERN PARKWAY                 ,0.0,0,0,0,1,0,0,0,Driver Inattention/Distraction,Bike,Unknown,,2021,9,Wednesday,0.0,Low
2023-08-10,04:10,40.7784,-73.95302,,0.0,0,0,0,0,0,0,0,Unspecified,Sedan,MANHATTAN,10028.0,2023,8,Thursday,0.0,Low
2025-12-08,14:45,40.70649,-73.8174,,0.0,0,0,0,0,0,0,0,Driver Inattention/Distraction,Sedan,QUEENS,11435.0,2025,12,Monday,0.0,Low
2025-03-12,00:00,40.728138,-73.745316,89 AVE,0.0,0,1,0,0,0,0,0,Unspecified,Unknown,QUEENS,11427.0,2025,3,Wednesday,0.0,Low
2022-01-20,10:24,40.81711,-73.89204000000001,TIFFANY STREET,0.0,0,0,0,0,0,0,0,Unspecified,Sedan,BRONX,10474.0,2022,1,Thursday,0.0,Low
2022-09-04,14:40,40.757934999999996,-73.87239,,0.0,0,0,0,0,0,0,0,Unspecified,Sedan,QUEENS,11369.0,2022,9,Sunday,0.0,Low
2024-04-22,04:40,40.72775,-73.942,NORMAN AVENUE,0.0,0,0,0,0,0,1,0,Unspecified,Station Wagon/Sport Utility Vehicle,BROOKLYN,11222.0,2024,4,Monday,0.0,Low
2024-03-22,08:00,40.691520000000004,-73.74708000000001,120 AVENUE,0.0,0,0,0,0,0,2,0,Driver Inattention/Distraction,Station Wagon/Sport Utility Vehicle,Unknown,,2024,3,Friday,0.0,Low
2021-05-21,09:45,40.85391,-73.89109,,0.0,0,0,0,0,0,0,0,Driver Inattention/Distraction,Station Wagon/Sport Utility Vehicle,BRONX,10457.0,2021,5,Friday,0.0,Low
2022-11-22,17:45,40.86804,-73.87910500000001,SOUTHERN BOULEVARD,0.0,0,0,0,0,0,0,0,Driver Inattention/Distraction,Bike,Unknown,,2022,11,Tuesday,0.0,Low
2023-10-24,22:54,40.727844,-73.98223,EAST 10 STREET,0.0,0,0,0,0,0,1,0,Traffic Control Disregarded,Taxi,MANHATTAN,10009.0,2023,10,Tuesday,0.0,Low
2023-12-04,06:07,40.62106,-74.13243,,0.0,0,1,0,0,0,0,0,Driver Inattention/Distraction,Station Wagon/Sport Utility Vehicle,Unknown,,2023,12,Monday,0.0,Low
2024-03-12,05:20,40.73936,-73.89102,QUEENS BLVD,0.0,0,0,0,1,0,0,0,Driver Inattention/Distraction,E-Bike,Unknown,,2024,3,Tuesday,0.0,Low
2022-02-12,12:20,40.575203,-74.16984599999999,,0.0,0,0,0,0,0,0,0,Driver Inattention/Distraction,Sedan,Unknown,,2022,2,Saturday,0.0,Low
2024-01-05,13:59,40.582962,-73.95801,,0.0,0,1,0,0,0,1,0,Driver Inattention/Distraction,Station Wagon/Sport Utility Vehicle,BROOKLYN,11235.0,2024,1,Friday,0.0,Low
2024-10-11,10:00,40.661964000000005,-73.95705,BEDFORD AVE,0.0,0,0,0,0,0,0,0,Passing Too Closely,Sedan,BROOKLYN,11225.0,2024,10,Friday,0.0,Low
2021-12-31,12:50,40.884033,-73.89797,BAILEY AVENUE,0.0,0,0,0,0,0,1,0,Other Vehicular,Station Wagon/Sport Utility Vehicle,BRONX,10463.0,2021,12,Friday,0.0,Low
2021-04-10,16:40,40.714382,-73.93345,METROPOLITAN AVENUE,0.0,0,0,0,0,0,0,0,Driver Inexperience,Station Wagon/Sport Utility Vehicle,BROOKLYN,11211.0,2021,4,Saturday,0.0,Low
2023-12-10,23:33,40.75671,-73.986465,7 AVENUE,0.0,0,1,0,0,0,0,0,Driver Inattention/Distraction,Motorbike,MANHATTAN,10036.0,2023,12,Sunday,0.0,Low
2025-03-18,19:56,40.5454,-74.16574,RICHMOND AVE,0.0,0,0,0,0,0,0,0,Driver Inexperience,Sedan,STATEN ISLAND,10312.0,2025,3,Tuesday,0.0,Low
2022-04-14,23:45,0.0,0.0,,0.0,0,0,0,0,0,0,0,Unspecified,Station Wagon/Sport Utility Vehicle,QUEENS,11422.0,2022,4,Thursday,0.0,Low
2024-09-22,23:59,40.621357,-73.92714000000001,UTICA AVENUE,0.0,0,0,0,0,0,1,0,Driver Inattention/Distraction,Taxi,BROOKLYN,11234.0,2024,9,Sunday,0.0,Low
2021-10-21,17:30,40.7872263,-73.95416329999999,EAST 96 STREET,0.0,0,0,0,0,0,0,0,Following Too Closely,Station Wagon/Sport Utility Vehicle,MANHATTAN,10128.0,2021,10,Thursday,0.0,Low
2025-09-10,08:55,40.604248,-73.97480999999999,,0.0,0,2,0,0,0,0,0,Driver Inattention/Distraction,Standing S,BROOKLYN,11223.0,2025,9,Wednesday,0.0,Low
2022-11-23,14:00,40.73498,-73.85580999999999,102 STREET,0.0,0,1,0,0,0,0,0,Failure to Yield Right-of-Way,Station Wagon/Sport Utility Vehicle,QUEENS,11374.0,2022,11,Wednesday,0.0,Low
2021-06-25,12:09,40.72935,-73.91019399999999,LONG ISLAND EXPRESSWAY,0.0,0,0,0,0,0,1,0,Unsafe Lane Changing,Station Wagon/Sport Utility Vehicle,Unknown,,2021,6,Friday,0.0,Low
2021-07-15,01:00,40.617924,-74.155785,RICHMOND AVENUE,0.0,0,0,0,0,0,0,0,Driver Inattention/Distraction,Station Wagon/Sport Utility Vehicle,Unknown,,2021,7,Thursday,0.0,Low
2024-12-30,21:39,40.747135,-73.89241,37 RD,0.0,0,0,0,0,0,0,0,Following Too Closely,Station Wagon/Sport Utility Vehicle,QUEENS,11372.0,2024,12,Monday,0.0,Low
2024-06-15,23:00,40.71594,-73.89843,,0.0,0,0,0,0,0,0,0,Driver Inattention/Distraction,Station Wagon/Sport Utility Vehicle,QUEENS,11379.0,2024,6,Saturday,0.0,Low
2023-07-21,12:30,40.77622,-73.97596,WEST 72 STREET,0.0,0,0,0,1,0,0,0,Driver Inattention/Distraction,Sedan,MANHATTAN,10023.0,2023,7,Friday,0.0,Low
2025-09-26,00:00,40.89711,-73.88008,MAJOR DEEGAN EXPRESSWAY,0.0,0,0,0,0,0,1,0,Reaction to Uninvolved Vehicle,Station Wagon/Sport Utility Vehicle,Unknown,,2025,9,Friday,0.0,Low
2021-08-02,21:38,40.587685,-74.165436,,0.0,0,0,0,0,0,0,0,Driver Inattention/Distraction,Station Wagon/Sport Utility Vehicle,Unknown,,2021,8,Monday,0.0,Low
2022-09-28,04:59,40.622196,-73.99365999999999,,0.0,0,0,0,0,0,1,0,Alcohol Involvement,Sedan,BROOKLYN,11204.0,2022,9,Wednesday,0.0,Low
2024-10-11,14:38,40.654392,-73.74602,,0.0,0,0,0,0,0,0,0,Unspecified,Station Wagon/Sport Utility Vehicle,QUEENS,11422.0,2024,10,Friday,0.0,Low
2024-10-16,18:20,40.756077000000005,-73.858604,,0.0,0,0,0,0,0,0,0,Passing Too Closely,Station Wagon/Sport Utility Vehicle,QUEENS,11368.0,2024,10,Wednesday,0.0,Low
2023-07-27,17:00,40.868320000000004,-73.83317,EDSON AVENUE,0.0,0,0,0,0,0,0,0,Passing or Lane Usage Improper,Station Wagon/Sport Utility Vehicle,BRONX,10475.0,2023,7,Thursday,0.0,Low
2021-12-10,03:08,40.678455299999996,-73.94967740000001,ATLANTIC AVENUE,0.0,0,0,0,0,0,0,0,Driver Inattention/Distraction,Station Wagon/Sport Utility Vehicle,Unknown,,2021,12,Friday,0.0,Low
2021-06-24,13:45,40.83267,-73.92687,,0.0,0,0,0,0,0,0,0,Passing or Lane Usage Improper,Station Wagon/Sport Utility Vehicle,BRONX,10452.0,2021,6,Thursday,0.0,Low
2021-09-12,04:00,40.677868,-73.87694499999999,,0.0,0,0,0,0,0,0,0,Unspecified,Station Wagon/Sport Utility Vehicle,BROOKLYN,11208.0,2021,9,Sunday,0.0,Low
2024-09-30,14:30,40.691948,-73.730675,231 STREET,0.0,0,0,0,0,0,0,0,Driver Inattention/Distraction,Sedan,QUEENS,11411.0,2024,9,Monday,0.0,Low
2021-08-21,07:30,40.874992,-73.81846,HUTCHINSON RIVER PARKWAY,0.0,0,0,0,0,0,0,0,Unspecified,Sedan,Unknown,,2021,8,Saturday,0.0,Low
2022-08-18,21:00,0.0,0.0,WALTON AVENUE,0.0,0,0,0,0,0,0,0,Passing Too Closely,Pick-up Truck,BRONX,10452.0,2022,8,Thursday,0.0,Low
2021-10-24,16:50,40.728596100000004,-73.98767149999999,2 AVENUE,0.0,0,0,0,0,0,0,0,Turning Improperly,Station Wagon/Sport Utility Vehicle,MANHATTAN,10003.0,2021,10,Sunday,0.0,Low
2021-05-14,10:45,40.61696,-74.02750999999999,FORT HAMILTON PARKWAY,0.0,0,0,0,0,0,0,0,Unspecified,Tractor Truck Diesel,BROOKLYN,11209.0,2021,5,Friday,0.0,Low
2022-07-27,14:30,40.643005,-74.00533,7 AVENUE,0.0,0,1,0,0,0,0,0,Driverless/Runaway Vehicle,Moped,Unknown,,2022,7,Wednesday,0.0,Low
2021-09-16,18:31,40.68704,-73.780525,116 AVENUE,0.0,0,0,0,0,0,0,0,Following Too Closely,Station Wagon/Sport Utility Vehicle,QUEENS,11434.0,2021,9,Thursday,0.0,Low
2023-07-13,18:53,40.649895,-73.90762,ROCKAWAY PARKWAY,0.0,0,0,0,0,0,0,0,Driver Inattention/Distraction,Station Wagon/Sport Utility Vehicle,BROOKLYN,11236.0,2023,7,Thursday,0.0,Low
2022-05-29,18:00,40.654163,-73.91154,,0.0,0,0,0,0,0,0,0,View Obstructed/Limited,Station Wagon/Sport Utility Vehicle,BROOKLYN,11212.0,2022,5,Sunday,0.0,Low
2026-03-19,17:40,40.763657,-73.99905,W 45 ST,0.0,0,0,0,0,0,0,0,Unspecified,Sedan,MANHATTAN,10036.0,2026,3,Thursday,0.0,Low
2022-10-22,19:30,40.791378,-73.938774,,0.0,0,0,0,0,0,0,0,Passing Too Closely,AMBULANCE,MANHATTAN,10029.0,2022,10,Saturday,0.0,Low
2023-01-06,15:45,40.887684,-73.86757,,0.0,0,0,0,0,0,1,0,Reaction to Uninvolved Vehicle,Pick-up Truck,BRONX,10470.0,2023,1,Friday,0.0,Low
2023-05-02,09:15,40.7171,-73.9986,MULBERRY STREET,0.0,0,0,0,0,0,0,0,Driver Inattention/Distraction,Station Wagon/Sport Utility Vehicle,MANHATTAN,10013.0,2023,5,Tuesday,0.0,Low
2024-01-05,04:38,40.729183,-73.98725999999999,EAST 9 STREET,0.0,0,0,0,0,0,0,0,Traffic Control Disregarded,Station Wagon/Sport Utility Vehicle,MANHATTAN,10003.0,2024,1,Friday,0.0,Low
2025-01-27,22:05,40.71063,-73.966774,BROADWAY,0.0,0,1,0,0,0,0,0,Driver Inattention/Distraction,Station Wagon/Sport Utility Vehicle,BROOKLYN,11249.0,2025,1,Monday,0.0,Low
2023-05-03,04:00,40.686825,-73.93881,MARCUS GARVEY BOULEVARD,0.0,0,0,0,0,0,0,0,Traffic Control Disregarded,Station Wagon/Sport Utility Vehicle,BROOKLYN,11221.0,2023,5,Wednesday,0.0,Low
2021-07-17,16:40,40.63524,-73.967636,18 AVENUE,0.0,0,0,0,0,0,0,0,Driver Inattention/Distraction,E-Scooter,BROOKLYN,11230.0,2021,7,Saturday,0.0,Low
2024-10-01,07:59,40.792255,-73.94839499999999,EAST 105 STREET,0.0,0,0,0,0,0,0,0,Traffic Control Disregarded,Station Wagon/Sport Utility Vehicle,MANHATTAN,10029.0,2024,10,Tuesday,0.0,Low
2023-02-23,08:57,40.659973,-73.941414,,0.0,0,0,0,0,0,0,0,Driver Inattention/Distraction,Sedan,BROOKLYN,11203.0,2023,2,Thursday,0.0,Low
2021-12-25,21:30,40.699543,-73.78353,,0.0,0,0,0,0,0,1,0,Driver Inattention/Distraction,Sedan,QUEENS,11433.0,2021,12,Saturday,0.0,Low
2025-02-08,16:54,40.637446999999995,-73.888504,AVENUE N,0.0,0,0,0,0,0,1,0,Traffic Control Disregarded,Station Wagon/Sport Utility Vehicle,BROOKLYN,11236.0,2025,2,Saturday,0.0,Low
2024-11-19,10:00,0.0,0.0,,0.0,0,0,0,0,0,0,0,Passing Too Closely,Box Truck,BROOKLYN,11201.0,2024,11,Tuesday,0.0,Low
2022-02-22,20:25,40.715346999999994,-73.74845,HOLLIS COURT BOULEVARD,0.0,0,1,0,0,0,0,0,Failure to Yield Right-of-Way,Unknown,QUEENS,11428.0,2022,2,Tuesday,0.0,Low
2022-03-16,10:45,40.712914000000005,-73.977776,,0.0,0,0,0,0,0,0,0,Following Too Closely,Station Wagon/Sport Utility Vehicle,MANHATTAN,10002.0,2022,3,Wednesday,0.0,Low
2023-07-08,08:25,40.63697,-74.15141,RICHMOND TERRACE,0.0,0,1,0,0,0,0,0,Unknown,Unknown,Unknown,,2023,7,Saturday,0.0,Low
2021-10-18,15:00,40.630632500000004,-73.975686,,0.0,0,0,0,0,0,0,0,Unspecified,Sedan,BROOKLYN,11230.0,2021,10,Monday,0.0,Low
2024-06-12,17:05,40.629337,-74.08019,,0.0,0,1,0,0,0,0,0,Unspecified,Sedan,STATEN ISLAND,10304.0,2024,6,Wednesday,0.0,Low
2023-11-28,18:05,40.71261,-73.77730600000001,,0.0,0,0,0,0,0,0,0,Passing or Lane Usage Improper,Station Wagon/Sport Utility Vehicle,QUEENS,11423.0,2023,11,Tuesday,0.0,Low
2021-07-04,19:30,40.629307,-74.13599,,0.0,0,0,0,0,0,0,0,Driver Inattention/Distraction,Sedan,Unknown,,2021,7,Sunday,0.0,Low
2022-04-03,12:20,40.63332,-73.88918000000001,,0.0,0,0,0,0,0,0,0,Unspecified,Sedan,BROOKLYN,11236.0,2022,4,Sunday,0.0,Low
2021-06-25,14:34,40.53734,-74.21195,SHELDON AVENUE,0.0,0,0,0,0,0,0,0,Failure to Yield Right-of-Way,Sedan,STATEN ISLAND,10309.0,2021,6,Friday,0.0,Low
2023-08-31,13:50,40.66169,-73.96143000000001,FLATBUSH AVENUE,0.0,0,0,0,0,0,0,0,Passenger Distraction,Station Wagon/Sport Utility Vehicle,BROOKLYN,11225.0,2023,8,Thursday,0.0,Low
2025-05-31,04:45,40.70885,-74.000626,FDR DRIVE RAMP,0.0,0,0,0,0,0,0,0,Reaction to Uninvolved Vehicle,Sedan,Unknown,,2025,5,Saturday,0.0,Low
2024-01-27,21:45,40.73972,-73.92295,,0.0,0,1,0,0,0,0,0,Unspecified,Sedan,QUEENS,11377.0,2024,1,Saturday,0.0,Low
2021-09-04,07:00,40.737553000000005,-73.85089,LONG ISLAND EXPRESSWAY          ,0.0,0,0,0,0,0,1,0,Unsafe Speed,Station Wagon/Sport Utility Vehicle,Unknown,,2021,9,Saturday,0.0,Low
2021-02-10,15:05,40.816406,-73.92778,,0.0,0,0,0,0,0,0,0,Other Vehicular,Sedan,BRONX,10451.0,2021,2,Wednesday,0.0,Low
2024-04-16,05:15,40.68096,-73.93765,DECATUR STREET,0.0,0,0,0,0,0,2,0,Unspecified,Station Wagon/Sport Utility Vehicle,BROOKLYN,11216.0,2024,4,Tuesday,0.0,Low
2024-06-28,22:06,40.688885,-73.73833,120 AVENUE,0.0,0,0,0,0,0,1,0,Unspecified,Sedan,QUEENS,11411.0,2024,6,Friday,0.0,Low
2025-10-20,09:52,40.652645,-73.94977,NOSTRAND AVE,0.0,0,1,0,0,0,0,0,Unspecified,Sedan,BROOKLYN,11226.0,2025,10,Monday,0.0,Low
2021-05-27,11:40,40.83801,-73.87329,BRONX RIVER PARKWAY,0.0,0,0,0,0,0,0,0,Following Too Closely,Sedan,Unknown,,2021,5,Thursday,0.0,Low
2024-03-18,14:22,40.591217,-73.95306,,0.0,0,0,0,0,0,0,0,Driver Inattention/Distraction,Sedan,BROOKLYN,11229.0,2024,3,Monday,0.0,Low
2022-09-22,18:10,40.739666,-73.79215,HORACE HARDING EXPRESSWAY,0.0,0,0,0,0,0,0,0,Driver Inattention/Distraction,Station Wagon/Sport Utility Vehicle,Unknown,,2022,9,Thursday,0.0,Low
2022-04-25,13:40,40.860996,-73.89643000000001,EAST 188 STREET,0.0,0,0,0,0,0,0,0,Driver Inattention/Distraction,Station Wagon/Sport Utility Vehicle,Unknown,,2022,4,Monday,0.0,Low
2021-02-12,15:00,40.632065000000004,-73.91861,FLATLANDS AVENUE,0.0,0,0,0,0,0,0,0,Unspecified,Station Wagon/Sport Utility Vehicle,BROOKLYN,11234.0,2021,2,Friday,0.0,Low
2022-06-06,13:00,40.871117,-73.87683,WEBSTER AVENUE,0.0,0,0,0,0,0,1,0,Unsafe Speed,Sedan,BRONX,10467.0,2022,6,Monday,0.0,Low
2024-05-23,20:51,40.895374,-73.86355999999999,EAST 233 STREET,0.0,0,0,0,0,0,0,0,Failure to Yield Right-of-Way,Sedan,BRONX,10470.0,2024,5,Thursday,0.0,Low
2023-07-26,15:00,40.856625,-73.8319,HUTCHINSON RIVER PARKWAY,0.0,0,0,0,0,0,0,0,Unspecified,Pick-up Truck,Unknown,,2023,7,Wednesday,0.0,Low
2022-08-22,06:00,40.723859999999995,-73.883575,,0.0,0,0,0,0,0,0,0,Unspecified,Station Wagon/Sport Utility Vehicle,QUEENS,11379.0,2022,8,Monday,0.0,Low
2025-10-21,16:40,40.685814,-73.98021999999999,,0.0,0,0,0,0,0,0,0,Unspecified,Sedan,BROOKLYN,11217.0,2025,10,Tuesday,0.0,Low
2023-12-26,10:00,40.6775,-73.76289,133 AVENUE,0.0,0,0,0,0,0,1,0,Driver Inattention/Distraction,Station Wagon/Sport Utility Vehicle,QUEENS,11434.0,2023,12,Tuesday,0.0,Low
2022-06-27,13:57,40.671023999999996,-73.812996,133 AVENUE,0.0,0,0,0,0,0,1,0,Failure to Yield Right-of-Way,Sedan,QUEENS,11420.0,2022,6,Monday,0.0,Low
2021-06-18,08:30,40.675667,-73.86435999999999,CONDUIT BOULEVARD,0.0,0,1,0,0,0,0,0,Driver Inattention/Distraction,Sedan,Unknown,,2021,6,Friday,0.0,Low
2025-07-05,17:00,40.678757,-73.81345999999999,115 AVE,0.0,0,0,0,0,0,1,0,Failure to Yield Right-of-Way,Sedan,QUEENS,11420.0,2025,7,Saturday,0.0,Low
2025-11-10,09:19,40.698190000000004,-73.9619,CLASSON AVE,0.0,0,0,0,0,0,0,0,Other Vehicular,Taxi,BROOKLYN,11249.0,2025,11,Monday,0.0,Low
2022-09-27,17:45,40.714363,-74.000465,WORTH STREET,0.0,0,0,0,0,0,0,0,Unspecified,Sedan,Unknown,,2022,9,Tuesday,0.0,Low
2025-01-30,16:30,40.702557,-73.96074,BROOKLYN QUEENS EXPRESSWAY RAMP,0.0,0,0,0,0,0,1,0,Following Too Closely,Sedan,Unknown,,2025,1,Thursday,0.0,Low
2024-07-02,08:20,40.80467,-73.93219,2 AVENUE,0.0,0,0,0,0,0,0,0,Unspecified,Station Wagon/Sport Utility Vehicle,MANHATTAN,10035.0,2024,7,Tuesday,0.0,Low
2021-07-21,14:20,40.715140000000005,-73.74937,JAMAICA AVENUE,0.0,0,0,0,0,0,0,0,Following Too Closely,Station Wagon/Sport Utility Vehicle,QUEENS,11428.0,2021,7,Wednesday,0.0,Low
2021-02-22,13:00,40.704421999999994,-73.792854,ARCHER AVENUE                   ,0.0,0,0,0,0,0,0,0,Driver Inattention/Distraction,Pick-up Truck,Unknown,,2021,2,Monday,0.0,Low
2025-12-19,16:22,40.756557,-73.974434,E 49 ST,0.0,0,0,0,0,0,0,0,Unspecified,Sedan,MANHATTAN,10017.0,2025,12,Friday,0.0,Low
2024-05-09,22:06,40.817596,-73.95319,AMSTERDAM AVENUE,0.0,0,0,0,1,0,0,0,Pavement Defective,Bike,MANHATTAN,10031.0,2024,5,Thursday,0.0,Low
2021-03-08,15:35,40.624584000000006,-74.003,,0.0,0,0,0,0,0,1,0,Other Vehicular,Sedan,BROOKLYN,11219.0,2021,3,Monday,0.0,Low
2024-02-25,20:18,40.60648,-73.96462,KINGS HIGHWAY,0.0,0,1,0,0,0,0,0,Unspecified,Sedan,BROOKLYN,11223.0,2024,2,Sunday,0.0,Low
2023-11-07,14:10,40.85106,-73.88233000000001,SOUTHERN BOULEVARD,0.0,0,0,0,1,0,0,0,Driver Inattention/Distraction,Sedan,BRONX,10460.0,2023,11,Tuesday,0.0,Low
2023-09-29,05:15,40.718857,-73.946236,BROOKLYN QUEENS EXPRESSWAY,0.0,0,0,0,0,0,1,0,Passing Too Closely,Pick-up Truck,Unknown,,2023,9,Friday,0.0,Low
2022-09-25,08:05,40.749958,-73.93675,41 AVENUE,0.0,0,0,0,0,0,0,0,Driver Inattention/Distraction,Sedan,Unknown,,2022,9,Sunday,0.0,Low
2025-04-30,18:20,40.694035,-73.72679000000001,CROSS ISLAND PARKWAY,0.0,0,0,0,0,0,0,0,Following Too Closely,Van,Unknown,,2025,4,Wednesday,0.0,Low
2023-02-22,20:05,40.753479999999996,-73.980896,5 AVENUE,0.0,0,0,0,0,0,0,0,Unspecified,Taxi,Unknown,,2023,2,Wednesday,0.0,Low
2024-06-27,16:30,40.574867,-74.00069,MERMAID AVENUE,0.0,0,0,0,0,0,0,0,Unspecified,Station Wagon/Sport Utility Vehicle,BROOKLYN,11224.0,2024,6,Thursday,0.0,Low
2024-09-16,09:00,40.606262,-73.96079,,0.0,0,1,0,0,0,0,0,Failure to Yield Right-of-Way,E-Scooter,BROOKLYN,11229.0,2024,9,Monday,0.0,Low
2022-04-23,16:00,40.77895,-73.95028,,0.0,0,0,0,0,0,0,0,Driver Inattention/Distraction,Station Wagon/Sport Utility Vehicle,MANHATTAN,10128.0,2022,4,Saturday,0.0,Low
2022-11-03,18:32,40.827877,-73.93824000000001,8 AVENUE,0.0,0,0,0,0,0,0,0,Unspecified,Bus,Unknown,,2022,11,Thursday,0.0,Low
2021-06-23,15:24,40.759724,-73.92061,37 STREET,0.0,0,0,0,0,0,3,0,Driver Inattention/Distraction,Sedan,Unknown,,2021,6,Wednesday,0.0,Low
2022-10-08,13:02,40.815914,-73.82164,HUNTINGTON AVENUE,0.0,0,0,0,0,0,1,0,View Obstructed/Limited,Taxi,BRONX,10465.0,2022,10,Saturday,0.0,Low
2022-09-05,16:54,40.591877000000004,-73.79136,ROCKAWAY BEACH BOULEVARD,0.0,0,0,0,0,0,0,0,Passing or Lane Usage Improper,Station Wagon/Sport Utility Vehicle,QUEENS,11692.0,2022,9,Monday,0.0,Low
2025-04-06,22:00,40.67266,-73.80009,,0.0,0,0,0,0,0,0,0,Other Vehicular,Sedan,QUEENS,11436.0,2025,4,Sunday,0.0,Low
2023-06-02,09:15,40.61146,-73.92437,AVENUE T,0.0,0,0,0,0,0,0,0,Failure to Yield Right-of-Way,Sedan,BROOKLYN,11234.0,2023,6,Friday,0.0,Low
2023-08-05,18:59,40.746047999999995,-73.89903000000001,65 STREET,0.0,0,0,0,0,0,0,0,Driver Inattention/Distraction,Sedan,QUEENS,11377.0,2023,8,Saturday,0.0,Low
2023-02-23,16:40,40.69372,-73.99046,CADMAN PLAZA WEST,0.0,0,0,0,0,0,0,0,Driver Inexperience,Sedan,Unknown,,2023,2,Thursday,0.0,Low
2025-12-12,00:00,40.688583,-73.80447,LAKEWOOD AVE,0.0,0,1,0,0,0,0,0,Failure to Yield Right-of-Way,Station Wagon/Sport Utility Vehicle,QUEENS,11435.0,2025,12,Friday,0.0,Low
2025-01-30,13:58,40.733784,-74.005554,,0.0,0,0,0,0,0,0,0,Following Too Closely,Box Truck,MANHATTAN,10014.0,2025,1,Thursday,0.0,Low
2024-10-28,20:28,40.83157,-73.94298,W 155 ST,0.0,0,0,0,0,0,0,0,Unspecified,Sedan,MANHATTAN,10032.0,2024,10,Monday,0.0,Low
2021-05-14,09:55,40.712134999999996,-74.0009,,0.0,0,0,0,0,0,0,0,View Obstructed/Limited,Sedan,MANHATTAN,10038.0,2021,5,Friday,0.0,Low
2024-08-19,09:09,40.668617,-73.98515,,0.0,0,0,0,1,0,0,0,Turning Improperly,Station Wagon/Sport Utility Vehicle,BROOKLYN,11215.0,2024,8,Monday,0.0,Low
2021-02-17,13:40,40.703686,-73.965065,WILSON STREET                   ,0.0,0,0,0,1,0,0,0,Failure to Yield Right-of-Way,Station Wagon/Sport Utility Vehicle,BROOKLYN,11249.0,2021,2,Wednesday,0.0,Low
2024-12-16,03:50,40.84337,-73.91544,JEROME AVE,0.0,0,0,0,0,0,0,0,Unspecified,Station Wagon/Sport Utility Vehicle,BRONX,10452.0,2024,12,Monday,0.0,Low
2021-02-19,19:20,40.660656,-73.885796,VAN SICLEN AVENUE               ,0.0,0,0,0,0,0,0,0,Traffic Control Disregarded,Sedan,Unknown,,2021,2,Friday,0.0,Low
2024-07-15,18:00,40.650240000000004,-73.90274000000001,FOSTER AVENUE,0.0,0,0,0,0,0,0,0,Following Too Closely,Pick-up Truck,BROOKLYN,11236.0,2024,7,Monday,0.0,Low
2021-01-07,14:00,40.627758,-73.93436,,0.0,0,0,0,0,0,1,0,Following Too Closely,Sedan,BROOKLYN,11210.0,2021,1,Thursday,0.0,Low
2023-04-01,11:50,40.650771999999996,-74.01519,2 AVENUE,0.0,0,0,0,0,0,0,0,Unspecified,Sedan,BROOKLYN,11232.0,2023,4,Saturday,0.0,Low
2025-07-24,22:38,40.696133,-73.98711,TILLARY ST,0.0,0,0,0,0,0,2,0,Unspecified,Station Wagon/Sport Utility Vehicle,BROOKLYN,11201.0,2025,7,Thursday,0.0,Low
2025-08-06,05:10,40.751606,-73.878815,,0.0,0,0,0,0,0,0,0,Fell Asleep,Sedan,QUEENS,11372.0,2025,8,Wednesday,0.0,Low
2021-01-19,08:20,40.649155,-74.01293000000001,GOWANUS EXPY (BQE)              ,0.0,0,0,0,0,0,0,0,Driver Inattention/Distraction,Station Wagon/Sport Utility Vehicle,Unknown,,2021,1,Tuesday,0.0,Low
2025-03-18,13:10,40.67935,-73.75034000000001,MERRICK BLVD,0.0,0,0,0,0,0,1,0,Other Vehicular,Station Wagon/Sport Utility Vehicle,Unknown,,2025,3,Tuesday,0.0,Low
2025-06-05,10:47,40.679337,-73.944046,HERKIMER ST,0.0,0,0,0,0,0,0,0,Backing Unsafely,PK,BROOKLYN,11216.0,2025,6,Thursday,0.0,Low
2022-06-25,01:58,40.733498,-73.87038000000001,QUEENS BOULEVARD,0.0,0,0,0,0,0,2,0,Traffic Control Disregarded,Taxi,QUEENS,11373.0,2022,6,Saturday,0.0,Low
2024-08-26,00:30,40.68521,-73.76612,120 AVENUE,0.0,0,0,0,0,0,0,0,Reaction to Uninvolved Vehicle,Station Wagon/Sport Utility Vehicle,QUEENS,11434.0,2024,8,Monday,0.0,Low
2025-08-24,21:12,40.84533,-73.9233,CROSS BRONX EXPY RAMP,0.0,0,0,0,0,0,3,0,Listening/Using Headphones,Sedan,Unknown,,2025,8,Sunday,0.0,Low
2026-08-03,23:55,40.673702,-74.00443,HENRY ST,0.0,0,0,0,0,0,1,0,Pedestrian/Bicyclist/Other Pedestrian Error/Confusion,Station Wagon/Sport Utility Vehicle,Unknown,,2026,8,Monday,0.0,Low
2022-07-27,18:00,40.72605,-73.98354,EAST 7 STREET,0.0,0,1,0,0,0,0,0,Pedestrian/Bicyclist/Other Pedestrian Error/Confusion,Bus,Unknown,,2022,7,Wednesday,0.0,Low
2021-03-20,09:11,40.738659999999996,-73.81026999999999,LONG ISLAND EXPRESSWAY          ,0.0,0,0,0,0,0,0,0,Other Vehicular,Station Wagon/Sport Utility Vehicle,Unknown,,2021,3,Saturday,0.0,Low
2021-12-31,02:30,40.709846,-73.859566,WOODHAVEN BOULEVARD,0.0,0,0,0,0,0,0,0,Driver Inattention/Distraction,Sedan,QUEENS,11385.0,2021,12,Friday,0.0,Low
2023-01-07,18:10,40.640316,-73.97907,MC DONALD AVENUE,0.0,0,0,0,0,0,1,0,Driver Inattention/Distraction,Taxi,BROOKLYN,11218.0,2023,1,Saturday,0.0,Low
2024-10-26,10:50,40.633520000000004,-73.91105,,0.0,0,0,0,0,0,0,0,Driver Inexperience,Station Wagon/Sport Utility Vehicle,BROOKLYN,11236.0,2024,10,Saturday,0.0,Low
2025-02-07,10:02,40.85048,-73.83033,,0.0,0,0,0,0,0,0,0,Backing Unsafely,Station Wagon/Sport Utility Vehicle,BRONX,10461.0,2025,2,Friday,0.0,Low
2022-10-28,17:33,40.811264,-73.95782,WEST 123 STREET,0.0,0,0,0,0,0,1,0,Unspecified,Sedan,MANHATTAN,10027.0,2022,10,Friday,0.0,Low
2022-06-14,14:30,40.832645,-73.85944,,0.0,0,0,0,0,0,0,0,Passing Too Closely,Sedan,BRONX,10472.0,2022,6,Tuesday,0.0,Low
2021-07-15,05:25,40.654266,-73.94827,,0.0,0,0,0,0,0,0,0,Driver Inattention/Distraction,Sedan,BROOKLYN,11226.0,2021,7,Thursday,0.0,Low
2024-05-01,12:40,40.745182,-74.00824,,0.0,0,0,0,0,0,0,0,Backing Unsafely,Flat Bed,MANHATTAN,10011.0,2024,5,Wednesday,0.0,Low
2024-10-21,07:40,40.89725,-73.855255,WHITE PLAINS ROAD,0.0,0,0,0,0,0,2,0,Unsafe Speed,Sedan,BRONX,10466.0,2024,10,Monday,0.0,Low
2024-02-21,00:00,40.810265,-73.95931,,0.0,0,0,0,0,0,0,0,Unspecified,Sedan,MANHATTAN,10027.0,2024,2,Wednesday,0.0,Low
2025-01-25,11:50,40.77074,-73.994545,W 56 ST,0.0,0,0,0,0,0,3,0,Unspecified,Station Wagon/Sport Utility Vehicle,MANHATTAN,10019.0,2025,1,Saturday,0.0,Low
2023-11-17,14:19,40.612675,-74.083084,,0.0,0,0,0,0,0,0,0,Driver Inattention/Distraction,Station Wagon/Sport Utility Vehicle,STATEN ISLAND,10304.0,2023,11,Friday,0.0,Low
2024-03-05,07:00,40.704029999999996,-73.81711,VANWYCK EXPRESSWAY,0.0,0,0,0,0,0,0,0,Passing or Lane Usage Improper,Station Wagon/Sport Utility Vehicle,Unknown,,2024,3,Tuesday,0.0,Low
2025-02-17,21:22,40.62958,-73.88666500000001,BELT PARKWAY RAMP,0.0,0,0,0,0,0,2,0,Following Too Closely,Station Wagon/Sport Utility Vehicle,Unknown,,2025,2,Monday,0.0,Low
2022-07-07,23:15,40.854820000000004,-73.9112,UNIVERSITY AVENUE,0.0,0,1,0,0,0,0,0,Pedestrian/Bicyclist/Other Pedestrian Error/Confusion,Station Wagon/Sport Utility Vehicle,Unknown,,2022,7,Thursday,0.0,Low
2021-08-10,20:52,40.709156,-73.84107,JACKIE ROBINSON PKWY,0.0,0,0,0,0,0,2,0,Alcohol Involvement,Station Wagon/Sport Utility Vehicle,Unknown,,2021,8,Tuesday,0.0,Low
2024-03-22,18:25,40.7433,-73.83769000000001,VANWYCK EXPRESSWAY,0.0,0,0,0,0,0,0,0,Driver Inattention/Distraction,Tractor Truck Gasoline,QUEENS,11367.0,2024,3,Friday,0.0,Low
2025-05-13,18:28,40.613464,-74.1198,,0.0,0,0,0,1,0,0,0,Failure to Yield Right-of-Way,Sedan,STATEN ISLAND,10314.0,2025,5,Tuesday,0.0,Low
2025-06-11,19:55,40.823578000000005,-73.878136,BRUCKNER EXPRESSWAY,0.0,0,0,0,0,0,2,0,Other Vehicular,Station Wagon/Sport Utility Vehicle,Unknown,,2025,6,Wednesday,0.0,Low
2025-11-30,18:18,40.728415999999996,-73.95241,CALYER ST,0.0,0,0,0,0,0,0,0,Driver Inattention/Distraction,Station Wagon/Sport Utility Vehicle,BROOKLYN,11222.0,2025,11,Sunday,0.0,Low
2021-06-06,02:08,40.661429999999996,-73.91644000000001,LIVONIA AVENUE,0.0,0,0,0,0,0,0,0,Unspecified,Station Wagon/Sport Utility Vehicle,BROOKLYN,11212.0,2021,6,Sunday,0.0,Low
2023-11-10,09:10,40.77495,-73.91372,,0.0,0,0,0,0,0,1,0,Unspecified,Station Wagon/Sport Utility Vehicle,QUEENS,11105.0,2023,11,Friday,0.0,Low
2022-02-16,11:43,40.647694,-73.98037,MC DONALD AVENUE,0.0,0,0,0,1,0,0,0,Unspecified,Station Wagon/Sport Utility Vehicle,BROOKLYN,11218.0,2022,2,Wednesday,0.0,Low
2021-10-16,03:10,40.8803019,-73.8580946,,0.0,0,0,0,0,0,0,0,Driverless/Runaway Vehicle,Station Wagon/Sport Utility Vehicle,BRONX,10469.0,2021,10,Saturday,0.0,Low
2025-03-27,19:20,40.835117,-73.87391,BRONX RIVER PARKWAY,0.0,0,0,0,0,0,0,0,Driver Inattention/Distraction,Station Wagon/Sport Utility Vehicle,Unknown,,2025,3,Thursday,0.0,Low
2023-05-06,14:40,40.761234,-73.86036,,0.0,0,0,0,0,0,0,0,Driver Inexperience,Station Wagon/Sport Utility Vehicle,QUEENS,11369.0,2023,5,Saturday,0.0,Low
2023-09-19,15:20,40.895523,-73.8504,GUNTHER AVENUE,0.0,0,0,0,0,0,0,0,Brakes Defective,Station Wagon/Sport Utility Vehicle,BRONX,10466.0,2023,9,Tuesday,0.0,Low
2023-10-24,12:30,40.75544,-73.907104,54 STREET,0.0,0,0,0,0,0,2,0,Driver Inattention/Distraction,Sedan,QUEENS,11377.0,2023,10,Tuesday,0.0,Low
2021-08-20,15:52,40.634964000000004,-74.0204,SENATOR STREET,0.0,0,0,0,1,0,0,0,Unspecified,Bike,Unknown,,2021,8,Friday,0.0,Low
2026-02-03,23:00,40.74007,-73.95529,,0.0,0,0,0,0,0,0,0,Unspecified,Station Wagon/Sport Utility Vehicle,QUEENS,11101.0,2026,2,Tuesday,0.0,Low
2022-06-10,16:48,40.650729999999996,-73.9719,PARK CIRCLE,0.0,0,0,0,0,0,0,0,Other Vehicular,Station Wagon/Sport Utility Vehicle,Unknown,,2022,6,Friday,0.0,Low
2022-02-22,11:11,40.75734,-73.98602,7 AVENUE,0.0,0,1,0,0,0,0,0,Driver Inattention/Distraction,Taxi,MANHATTAN,10036.0,2022,2,Tuesday,0.0,Low
2021-06-16,07:33,40.75457,-73.97169,3 AVENUE,0.0,0,0,0,0,0,0,0,Driver Inattention/Distraction,Taxi,MANHATTAN,10017.0,2021,6,Wednesday,0.0,Low
2021-12-04,03:20,40.80939,-73.88042,HALLECK STREET                  ,0.0,0,0,0,0,0,0,0,Unspecified,Sedan,Unknown,,2021,12,Saturday,0.0,Low
2025-03-27,13:50,40.709026,-73.79819,HILLSIDE AVE,0.0,0,0,0,0,0,0,0,Unspecified,Sedan,Unknown,,2025,3,Thursday,0.0,Low
2022-06-17,13:04,40.61437,-73.97095999999999,AVENUE N,0.0,0,0,0,0,0,4,0,Driver Inattention/Distraction,Station Wagon/Sport Utility Vehicle,BROOKLYN,11230.0,2022,6,Friday,0.0,Low
2025-09-21,17:43,40.669167,-73.93066,,0.0,0,0,0,0,0,0,0,Unspecified,Sedan,BROOKLYN,11213.0,2025,9,Sunday,0.0,Low
2024-08-30,14:15,40.587723,-73.8101,,0.0,0,0,0,0,0,0,0,Unspecified,Station Wagon/Sport Utility Vehicle,QUEENS,11693.0,2024,8,Friday,0.0,Low
2025-04-23,17:04,40.595673,-73.98506,STILLWELL AVE,0.0,0,0,0,0,0,2,0,Unspecified,Sedan,BROOKLYN,11214.0,2025,4,Wednesday,0.0,Low
2021-04-17,21:20,40.72657,-73.85265,QUEENS BOULEVARD,0.0,0,0,0,0,0,0,0,Passing Too Closely,Sedan,QUEENS,11375.0,2021,4,Saturday,0.0,Low
2021-10-28,15:53,40.679005,-73.86423,LIBERTY AVENUE,0.0,0,1,0,0,0,0,0,Unknown,Unknown,BROOKLYN,11208.0,2021,10,Thursday,0.0,Low
2021-12-18,10:30,40.62016,-74.076965,VANDERBILT AVENUE,0.0,0,0,0,0,0,0,0,Other Vehicular,Ambulance,STATEN ISLAND,10304.0,2021,12,Saturday,0.0,Low
2025-09-09,15:50,40.68841,-73.84793,ATLANTIC AVE,0.0,0,0,0,0,0,2,0,Following Too Closely,Station Wagon/Sport Utility Vehicle,QUEENS,11421.0,2025,9,Tuesday,0.0,Low
2024-11-15,20:30,40.7048,-73.98921999999999,MANHATTAN BR LOWER,0.0,0,0,0,0,0,0,0,Alcohol Involvement,Sedan,Unknown,,2024,11,Friday,0.0,Low
2022-07-15,12:20,40.595463,-73.94196,,0.0,0,0,0,0,0,3,0,Driver Inattention/Distraction,Sedan,BROOKLYN,11229.0,2022,7,Friday,0.0,Low
2024-11-15,12:05,0.0,0.0,,0.0,0,0,0,0,0,0,0,Driver Inattention/Distraction,Sedan,BROOKLYN,11205.0,2024,11,Friday,0.0,Low
2024-04-17,23:02,40.736004,-73.99579,,0.0,0,0,0,1,0,0,0,Unspecified,Taxi,MANHATTAN,10011.0,2024,4,Wednesday,0.0,Low
2023-04-22,21:05,40.736267,-73.772865,FRANCIS LEWIS BOULEVARD,0.0,0,0,0,0,0,1,0,Driver Inattention/Distraction,Station Wagon/Sport Utility Vehicle,QUEENS,11364.0,2023,4,Saturday,0.0,Low
2024-05-01,15:30,40.765522,-73.99117,,0.0,0,0,0,0,0,0,0,Backing Unsafely,Station Wagon/Sport Utility Vehicle,MANHATTAN,10019.0,2024,5,Wednesday,0.0,Low
2024-11-10,15:57,40.63154,-74.02179,,0.0,0,0,0,0,0,0,0,Backing Unsafely,Sedan,BROOKLYN,11209.0,2024,11,Sunday,0.0,Low
2025-08-21,15:40,40.757355,-73.73886999999999,LONG ISLAND EXPRESSWAY,0.0,0,0,0,0,0,0,0,Following Too Closely,Station Wagon/Sport Utility Vehicle,Unknown,,2025,8,Thursday,0.0,Low
2022-10-12,19:30,40.718212,-73.98553000000001,,0.0,0,0,0,0,0,0,0,Unspecified,Sedan,MANHATTAN,10002.0,2022,10,Wednesday,0.0,Low
2022-10-26,14:35,40.792126,-73.97178000000001,WEST 93 STREET,0.0,0,0,0,0,0,0,0,Unspecified,Sedan,Unknown,,2022,10,Wednesday,0.0,Low
2023-07-06,21:25,40.699493,-73.95262,,0.0,0,0,0,0,0,0,0,Passing Too Closely,Sedan,BROOKLYN,11206.0,2023,7,Thursday,0.0,Low
2022-06-09,00:29,40.772420000000004,-73.97873,CENTRAL PARK WEST,0.0,0,0,0,1,0,0,0,Driver Inattention/Distraction,Taxi,MANHATTAN,10023.0,2022,6,Thursday,0.0,Low
2021-12-18,04:00,40.743109999999994,-73.86751,,0.0,0,0,0,0,0,0,0,Unspecified,Sedan,QUEENS,11368.0,2021,12,Saturday,0.0,Low
2021-11-17,20:15,40.603912,-74.11792,LAGUARDIA AVENUE,0.0,0,0,0,0,0,0,0,Failure to Yield Right-of-Way,Station Wagon/Sport Utility Vehicle,STATEN ISLAND,10314.0,2021,11,Wednesday,0.0,Low
2026-01-28,08:30,40.662594,-73.93984,,0.0,0,0,0,0,0,0,0,Following Too Closely,Sedan,BROOKLYN,11203.0,2026,1,Wednesday,0.0,Low
2021-10-10,11:45,40.666237200000005,-73.9022418,,0.0,0,0,0,0,0,0,0,Unspecified,Station Wagon/Sport Utility Vehicle,BROOKLYN,11212.0,2021,10,Sunday,0.0,Low
2021-11-10,16:16,40.7603968,-73.9968889,,0.0,0,0,0,0,0,0,0,Turning Improperly,Station Wagon/Sport Utility Vehicle,MANHATTAN,10036.0,2021,11,Wednesday,0.0,Low
2026-02-02,11:15,40.715992,-73.99088,,0.0,0,0,0,0,0,0,0,Driver Inattention/Distraction,Sedan,MANHATTAN,10002.0,2026,2,Monday,0.0,Low
2024-08-02,02:43,40.764267,-73.722946,LONG ISLAND EXPRESSWAY,0.0,0,0,0,0,0,4,0,Driver Inattention/Distraction,Sedan,Unknown,,2024,8,Friday,0.0,Low
2023-08-19,03:00,40.779434,-73.94752,1 AVENUE,0.0,0,0,0,0,0,0,0,Unspecified,Sedan,MANHATTAN,10128.0,2023,8,Saturday,0.0,Low
2021-02-06,07:15,40.68864,-73.983665,,0.0,0,0,0,0,0,0,0,Following Too Closely,Sedan,BROOKLYN,11201.0,2021,2,Saturday,0.0,Low
2022-09-19,17:27,40.72526,-73.99475,,0.0,0,0,0,0,0,0,0,Driver Inexperience,Station Wagon/Sport Utility Vehicle,MANHATTAN,10012.0,2022,9,Monday,0.0,Low
2023-07-10,01:35,40.680485,-73.774704,BEDELL STREET,0.0,0,0,0,0,0,0,0,Failure to Yield Right-of-Way,Station Wagon/Sport Utility Vehicle,Unknown,,2023,7,Monday,0.0,Low
2022-04-02,16:20,40.805836,-73.94691,WEST 122 STREET,0.0,0,1,0,0,0,0,0,Failure to Yield Right-of-Way,Station Wagon/Sport Utility Vehicle,Unknown,,2022,4,Saturday,0.0,Low
2023-07-14,09:24,40.67046,-73.88788000000001,SUTTER AVENUE,0.0,0,0,0,0,0,1,0,Unspecified,Sedan,BROOKLYN,11207.0,2023,7,Friday,0.0,Low
2022-11-01,21:13,40.62451,-73.98831,17 AVENUE,0.0,0,0,0,0,0,0,0,Unspecified,Sedan,BROOKLYN,11204.0,2022,11,Tuesday,0.0,Low
2025-12-17,00:00,40.596687,-73.74421,SEAGIRT BLVD,0.0,0,0,0,0,0,0,0,Unspecified,Station Wagon/Sport Utility Vehicle,Unknown,,2025,12,Wednesday,0.0,Low
2025-05-12,12:24,40.688790000000004,-73.9169,BUSHWICK AVE,0.0,0,0,0,0,0,3,0,Fatigued/Drowsy,Sedan,BROOKLYN,11221.0,2025,5,Monday,0.0,Low
2023-01-01,06:50,40.830220000000004,-73.94769000000001,BROADWAY,0.0,0,1,0,0,0,0,0,Unknown,Unknown,MANHATTAN,10031.0,2023,1,Sunday,0.0,Low
2022-11-24,20:49,40.66479,-73.91532,STRAUSS STREET,0.0,0,0,0,0,0,0,0,Unspecified,Station Wagon/Sport Utility Vehicle,BROOKLYN,11212.0,2022,11,Thursday,0.0,Low
2024-01-17,00:25,40.848057,-73.90199,EAST 176 STREET,0.0,0,0,0,0,0,0,0,Unspecified,Sedan,Unknown,,2024,1,Wednesday,0.0,Low
2021-01-09,19:02,40.694214,-73.95931999999999,MYRTLE AVENUE,0.0,0,1,0,0,0,0,0,Failure to Yield Right-of-Way,Station Wagon/Sport Utility Vehicle,BROOKLYN,11205.0,2021,1,Saturday,0.0,Low
2021-10-16,10:37,40.6793378,-73.8948252,JAMAICA AVENUE,0.0,0,0,0,0,0,4,0,Failure to Yield Right-of-Way,Sedan,BROOKLYN,11207.0,2021,10,Saturday,0.0,Low
2022-12-10,09:28,40.61557,-73.99044,19 AVENUE,0.0,0,0,0,0,0,0,0,Reaction to Uninvolved Vehicle,Sedan,BROOKLYN,11204.0,2022,12,Saturday,0.0,Low
2025-11-03,17:40,40.67028,-73.925415,ST JOHNS PL,0.0,0,0,0,0,0,0,0,Unspecified,Sedan,BROOKLYN,11213.0,2025,11,Monday,0.0,Low
2022-04-18,00:00,40.663555,-73.93162,EMPIRE BOULEVARD,0.0,0,0,0,0,0,0,0,Driver Inattention/Distraction,Station Wagon/Sport Utility Vehicle,BROOKLYN,11213.0,2022,4,Monday,0.0,Low
2021-10-18,17:00,40.804455100000006,-73.9118464,BRUCKNER BOULEVARD,0.0,0,0,0,0,0,0,0,Unspecified,Bus,Unknown,,2021,10,Monday,0.0,Low
2023-01-25,17:50,40.806408000000005,-73.94015999999999,EAST 126 STREET,0.0,0,1,0,0,0,0,0,View Obstructed/Limited,Station Wagon/Sport Utility Vehicle,MANHATTAN,10035.0,2023,1,Wednesday,0.0,Low
2021-10-03,18:29,40.754864000000005,-73.85255,GRAND CENTRAL PKWY              ,0.0,0,0,0,0,0,0,0,Driver Inattention/Distraction,Station Wagon/Sport Utility Vehicle,Unknown,,2021,10,Sunday,0.0,Low
2023-09-14,00:15,40.662186,-73.74642,EDGEWOOD AVENUE,0.0,0,0,0,0,0,0,0,Backing Unsafely,Station Wagon/Sport Utility Vehicle,QUEENS,11413.0,2023,9,Thursday,0.0,Low
2021-01-12,09:40,40.866875,-73.884315,,0.0,0,0,0,0,0,2,0,Following Too Closely,Sedan,BRONX,10458.0,2021,1,Tuesday,0.0,Low
2025-02-13,14:57,40.708427,-73.78055,JAMAICA AVE,0.0,0,0,0,0,0,0,0,Driver Inattention/Distraction,Sedan,QUEENS,11433.0,2025,2,Thursday,0.0,Low
2024-03-21,16:00,40.766495,-73.866035,25 AVENUE,0.0,0,0,0,0,0,0,0,Driver Inexperience,Station Wagon/Sport Utility Vehicle,QUEENS,11369.0,2024,3,Thursday,0.0,Low
2024-04-01,00:03,40.74478,-73.93262,QUEENS BOULEVARD,0.0,0,0,0,0,0,0,0,Aggressive Driving/Road Rage,Unknown,Unknown,,2024,4,Monday,0.0,Low
2022-04-18,11:00,40.882153,-73.83193,,0.0,0,0,0,0,0,0,0,Passing Too Closely,Station Wagon/Sport Utility Vehicle,BRONX,10475.0,2022,4,Monday,0.0,Low
2022-06-04,21:10,40.707634000000006,-73.96378,,0.0,0,0,0,1,0,0,0,Pedestrian/Bicyclist/Other Pedestrian Error/Confusion,Station Wagon/Sport Utility Vehicle,BROOKLYN,11211.0,2022,6,Saturday,0.0,Low
2024-08-30,15:42,40.628409999999995,-74.02605,,0.0,0,0,0,0,0,1,0,Reaction to Uninvolved Vehicle,Station Wagon/Sport Utility Vehicle,BROOKLYN,11209.0,2024,8,Friday,0.0,Low
2024-08-26,16:45,40.74726,-73.87445,CASE STREET,0.0,0,0,0,1,0,0,0,Pedestrian/Bicyclist/Other Pedestrian Error/Confusion,Bike,QUEENS,11373.0,2024,8,Monday,0.0,Low
2023-12-23,21:36,40.690327,-73.82466,,0.0,0,0,0,0,0,3,0,Following Too Closely,Station Wagon/Sport Utility Vehicle,QUEENS,11419.0,2023,12,Saturday,0.0,Low
2024-06-22,00:20,40.576504,-74.1037,HYLAN BOULEVARD,0.0,0,0,0,0,0,1,0,Unsafe Speed,Sedan,STATEN ISLAND,10306.0,2024,6,Saturday,0.0,Low
2021-07-05,15:11,40.592407,-73.93361,BRIGHAM STREET,0.0,0,0,0,0,0,0,0,Traffic Control Disregarded,Sedan,BROOKLYN,11235.0,2021,7,Monday,0.0,Low
2022-12-15,16:08,40.750114,-73.98859,,0.0,0,1,0,0,0,0,0,Driver Inexperience,Moped,MANHATTAN,10120.0,2022,12,Thursday,0.0,Low
2024-07-22,07:20,40.663292,-73.90394599999999,,0.0,0,0,0,0,0,0,0,Unspecified,Station Wagon/Sport Utility Vehicle,BROOKLYN,11212.0,2024,7,Monday,0.0,Low
2025-11-27,07:38,40.766715999999995,-73.98288000000001,W 57 ST,0.0,0,0,0,0,0,0,0,Driver Inattention/Distraction,Taxi,MANHATTAN,10019.0,2025,11,Thursday,0.0,Low
2025-09-23,23:52,40.840614,-73.78402,MARINE ST,0.0,0,0,0,0,0,0,0,Unspecified,Sedan,Unknown,,2025,9,Tuesday,0.0,Low
2025-12-03,06:10,40.70897,-73.841515,METROPOLITAN AVE,0.0,0,0,0,0,0,2,0,Driver Inattention/Distraction,Motorcycle,QUEENS,11385.0,2025,12,Wednesday,0.0,Low
2024-06-10,16:23,40.607777,-74.137024,STATEN ISLAND EXPRESSWAY,0.0,0,0,0,0,0,2,0,Following Too Closely,Pick-up Truck,Unknown,,2024,6,Monday,0.0,Low
2022-07-09,22:00,40.67244,-73.73534000000001,LAURELTON PARKWAY,0.0,0,0,0,0,0,0,0,Unspecified,Station Wagon/Sport Utility Vehicle,Unknown,,2022,7,Saturday,0.0,Low
2021-06-08,21:10,40.810062,-73.95496999999999,WEST 123 STREET,0.0,0,0,0,0,0,0,0,Unsafe Speed,Sedan,MANHATTAN,10027.0,2021,6,Tuesday,0.0,Low
2024-02-21,18:59,40.665462,-73.9359,,0.0,0,0,0,0,0,0,0,Unspecified,Pick-up Truck,BROOKLYN,11213.0,2024,2,Wednesday,0.0,Low
2025-07-20,16:00,40.682404,-73.7518,SPRINGFIELD BLVD,0.0,0,0,0,0,0,0,0,Unspecified,Sedan,Unknown,,2025,7,Sunday,0.0,Low
2024-05-29,13:02,40.8431,-73.84778,EAST TREMONT AVENUE,0.0,0,0,0,0,0,2,0,Driver Inattention/Distraction,Station Wagon/Sport Utility Vehicle,BRONX,10461.0,2024,5,Wednesday,0.0,Low
2023-06-14,16:50,40.710840000000005,-73.94885,,0.0,0,0,0,0,0,0,0,Reaction to Uninvolved Vehicle,Station Wagon/Sport Utility Vehicle,BROOKLYN,11206.0,2023,6,Wednesday,0.0,Low
2022-09-07,13:20,40.776577,-73.90813399999999,,0.0,0,0,0,0,0,0,0,Backing Unsafely,Sedan,QUEENS,11105.0,2022,9,Wednesday,0.0,Low
2021-02-02,19:00,40.674026,-73.73033000000001,MERRICK BOULEVARD               ,0.0,0,0,0,0,0,0,0,Backing Unsafely,Station Wagon/Sport Utility Vehicle,Unknown,,2021,2,Tuesday,0.0,Low
2021-09-04,12:30,40.67667,-73.790665,SUTPHIN BOULEVARD               ,0.0,0,0,0,0,0,1,0,Driver Inattention/Distraction,Sedan,QUEENS,11434.0,2021,9,Saturday,0.0,Low
2023-12-09,14:00,40.84588,-73.90475500000001,CLAY AVENUE,0.0,0,0,0,0,0,0,0,Passing Too Closely,Station Wagon/Sport Utility Vehicle,BRONX,10457.0,2023,12,Saturday,0.0,Low
2024-07-18,20:40,40.835679999999996,-73.87037,,0.0,0,0,0,0,0,0,0,Unspecified,Sedan,BRONX,10472.0,2024,7,Thursday,0.0,Low
2022-04-24,02:00,40.773575,-73.90228,,0.0,0,0,0,0,0,0,0,Driver Inattention/Distraction,Sedan,QUEENS,11105.0,2022,4,Sunday,0.0,Low
2021-04-20,19:45,40.683098,-73.78432,LONG STREET,0.0,0,0,0,0,0,0,0,Traffic Control Disregarded,Sedan,QUEENS,11434.0,2021,4,Tuesday,0.0,Low
2021-10-06,15:20,40.579409999999996,-74.15451999999999,,0.0,0,0,0,0,0,1,0,Driver Inattention/Distraction,Station Wagon/Sport Utility Vehicle,Unknown,,2021,10,Wednesday,0.0,Low
2022-10-29,17:00,40.811367,-73.95402,WEST 125 STREET,0.0,0,0,0,0,0,0,0,Unspecified,Sedan,Unknown,,2022,10,Saturday,0.0,Low
2023-03-20,13:30,40.797447,-73.94671,MADISON AVENUE,0.0,0,0,0,0,0,1,0,Illnes,Station Wagon/Sport Utility Vehicle,Unknown,,2023,3,Monday,0.0,Low
2021-08-03,13:30,40.825092,-73.86858000000001,,0.0,0,1,0,0,0,0,0,Unknown,Unknown,BRONX,10472.0,2021,8,Tuesday,0.0,Low
2025-09-04,08:55,40.69097,-73.95745,,0.0,0,0,0,0,0,0,0,Passing Too Closely,Van,BROOKLYN,11205.0,2025,9,Thursday,0.0,Low
2025-12-19,12:55,0.0,0.0,,0.0,0,0,0,0,0,0,0,Reaction to Uninvolved Vehicle,Station Wagon/Sport Utility Vehicle,BROOKLYN,11234.0,2025,12,Friday,0.0,Low
2024-04-04,07:20,40.822604999999996,-73.93735,,0.0,0,0,0,0,0,0,0,Oversized Vehicle,Bus,MANHATTAN,10039.0,2024,4,Thursday,0.0,Low
2024-12-28,21:39,40.69255,-73.879875,JACKIE ROBINSON PKWY,0.0,0,0,0,0,0,0,0,Other Vehicular,Sedan,Unknown,,2024,12,Saturday,0.0,Low
2025-11-10,16:30,40.653847,-73.8734,,0.0,0,0,0,1,0,0,0,Driver Inattention/Distraction,Sedan,BROOKLYN,11239.0,2025,11,Monday,0.0,Low
2021-05-19,12:55,40.692062,-73.95191,NOSTRAND AVENUE,0.0,0,0,0,0,0,0,0,Passing or Lane Usage Improper,Station Wagon/Sport Utility Vehicle,BROOKLYN,11205.0,2021,5,Wednesday,0.0,Low
2022-06-14,18:00,40.6416,-73.93802,ALBANY AVENUE,0.0,0,0,0,1,0,0,0,Driver Inattention/Distraction,Bike,BROOKLYN,11203.0,2022,6,Tuesday,0.0,Low
2025-08-28,13:00,40.884094,-73.89835,,0.0,0,0,0,0,0,1,0,Unspecified,Sedan,BRONX,10463.0,2025,8,Thursday,0.0,Low
2021-11-11,10:41,40.729209999999995,-73.781166,188 STREET,0.0,0,0,0,0,0,0,0,Driver Inattention/Distraction,Sedan,QUEENS,11423.0,2021,11,Thursday,0.0,Low
2022-09-18,15:13,40.726414,-74.000374,,0.0,0,0,0,0,0,0,0,Unspecified,Station Wagon/Sport Utility Vehicle,MANHATTAN,10012.0,2022,9,Sunday,0.0,Low
2024-07-13,23:40,40.76719,-73.73675,,0.0,0,0,0,0,0,0,0,Unsafe Speed,Station Wagon/Sport Utility Vehicle,QUEENS,11362.0,2024,7,Saturday,0.0,Low
2023-12-11,08:30,40.57313,-74.10707,,0.0,0,0,0,0,0,0,0,Backing Unsafely,Sedan,STATEN ISLAND,10306.0,2023,12,Monday,0.0,Low
2025-11-26,19:40,40.657555,-73.89419000000001,LINDEN BLVD,0.0,0,0,0,0,0,2,0,Pavement Slippery,Sedan,Unknown,,2025,11,Wednesday,0.0,Low
2023-08-18,11:21,40.71394,-73.965294,,0.0,0,0,0,0,0,0,0,Passing or Lane Usage Improper,Station Wagon/Sport Utility Vehicle,BROOKLYN,11249.0,2023,8,Friday,0.0,Low
2024-02-11,16:00,40.759396,-73.7994,NORTHERN BLVD,0.0,0,0,0,0,0,0,0,Unspecified,Station Wagon/Sport Utility Vehicle,QUEENS,11358.0,2024,2,Sunday,0.0,Low
2024-12-20,18:15,40.616436,-73.92952,AVENUE O,0.0,0,0,0,0,0,0,0,Failure to Yield Right-of-Way,Sedan,BROOKLYN,11234.0,2024,12,Friday,0.0,Low
2024-08-25,08:06,40.76044,-73.804924,161 STREET,0.0,0,0,0,0,0,1,0,Failure to Yield Right-of-Way,Station Wagon/Sport Utility Vehicle,QUEENS,11358.0,2024,8,Sunday,0.0,Low
2024-12-30,17:48,40.663115999999995,-73.996574,,0.0,0,0,0,0,0,0,0,Passing Too Closely,Station Wagon/Sport Utility Vehicle,BROOKLYN,11232.0,2024,12,Monday,0.0,Low
2023-09-02,22:05,40.764053000000004,-73.96476,EAST 63 STREET,0.0,0,0,0,1,0,0,0,Driver Inattention/Distraction,Sedan,Unknown,,2023,9,Saturday,0.0,Low
2024-10-16,10:35,40.70952,-73.95433,SOUTH 3 STREET,0.0,0,0,0,0,0,0,0,Driver Inattention/Distraction,Sedan,BROOKLYN,11211.0,2024,10,Wednesday,0.0,Low
2025-06-05,08:38,40.76704,-73.99625,,0.0,0,0,0,0,0,0,0,Backing Unsafely,Tractor Truck Diesel,MANHATTAN,10019.0,2025,6,Thursday,0.0,Low
2021-08-24,15:10,40.731777,-73.77011999999999,UNION TURNPIKE,0.0,0,0,0,0,0,0,0,Passenger Distraction,Sedan,QUEENS,11364.0,2021,8,Tuesday,0.0,Low
2025-01-14,11:55,40.649982,-73.91183000000001,E 94 ST,0.0,0,0,0,0,0,2,0,Alcohol Involvement,Station Wagon/Sport Utility Vehicle,BROOKLYN,11236.0,2025,1,Tuesday,0.0,Low
2023-10-04,10:30,40.881344,-73.870476,,0.0,0,0,0,0,0,0,0,Other Vehicular,Sedan,BRONX,10467.0,2023,10,Wednesday,0.0,Low
2025-10-29,18:30,40.83648,-73.89773000000001,CROTONA AVE,0.0,0,0,0,0,0,0,0,Following Too Closely,Station Wagon/Sport Utility Vehicle,BRONX,10457.0,2025,10,Wednesday,0.0,Low
2023-03-07,15:00,40.833755,-73.86175,CROSS BRONX EXPRESSWAY,0.0,0,0,0,0,0,0,0,Reaction to Uninvolved Vehicle,Sedan,BRONX,10460.0,2023,3,Tuesday,0.0,Low
2025-08-26,08:15,40.822838,-73.89599,,0.0,0,0,0,0,0,0,0,Aggressive Driving/Road Rage,Sedan,BRONX,10459.0,2025,8,Tuesday,0.0,Low
2022-01-28,17:23,40.820984,-73.891624,EAST 163 STREET,0.0,0,0,0,0,0,1,0,Unspecified,Sedan,BRONX,10459.0,2022,1,Friday,0.0,Low
2024-01-08,18:19,40.666622,-73.98845,,0.0,0,0,0,1,0,0,0,Pedestrian/Bicyclist/Other Pedestrian Error/Confusion,E-Bike,BROOKLYN,11215.0,2024,1,Monday,0.0,Low
2025-04-28,18:26,40.70358,-73.80969,89 AVE,0.0,0,0,0,1,0,0,0,Failure to Yield Right-of-Way,Sedan,QUEENS,11435.0,2025,4,Monday,0.0,Low
2023-05-22,11:55,40.739674,-73.934586,VANDAM STREET,0.0,0,0,0,0,0,1,0,Driver Inattention/Distraction,Sedan,Unknown,,2023,5,Monday,0.0,Low
2022-01-26,11:30,40.650116,-73.9608,,0.0,0,0,0,0,0,0,0,Driver Inattention/Distraction,E-Bike,BROOKLYN,11226.0,2022,1,Wednesday,0.0,Low
2025-07-19,00:00,40.650826,-73.975494,,0.0,0,0,0,0,0,1,0,Reaction to Uninvolved Vehicle,Sedan,BROOKLYN,11218.0,2025,7,Saturday,0.0,Low
2022-06-27,01:32,40.666435,-73.83478000000001,BELT PARKWAY,0.0,0,0,0,0,0,5,0,Unsafe Speed,Sedan,Unknown,,2022,6,Monday,0.0,Low
2023-05-26,11:55,40.792545000000004,-73.94104,2 AVENUE,0.0,0,0,0,0,0,0,0,Following Too Closely,Station Wagon/Sport Utility Vehicle,MANHATTAN,10029.0,2023,5,Friday,0.0,Low
2023-04-21,17:29,40.545223,-74.21843,,0.0,0,0,0,0,0,0,0,Driver Inattention/Distraction,Station Wagon/Sport Utility Vehicle,STATEN ISLAND,10309.0,2023,4,Friday,0.0,Low
2022-07-31,10:55,40.76242,-73.82751999999999,UNION STREET,0.0,0,0,0,0,0,0,0,Passing or Lane Usage Improper,Sedan,Unknown,,2022,7,Sunday,0.0,Low
2021-04-02,15:05,40.85155,-73.84408,,0.0,0,0,0,0,0,0,0,Unspecified,Sedan,BRONX,10461.0,2021,4,Friday,0.0,Low
2022-09-06,09:40,40.644016,-73.936356,CLARENDON ROAD,0.0,0,0,0,0,0,2,0,Unsafe Speed,Sedan,BROOKLYN,11203.0,2022,9,Tuesday,0.0,Low
2026-01-31,23:35,40.81193,-73.91024,E 147 ST,0.0,0,0,0,0,0,2,0,Unspecified,Station Wagon/Sport Utility Vehicle,BRONX,10455.0,2026,1,Saturday,0.0,Low
2025-09-04,21:00,40.724598,-73.95427,NORMAN AVE,0.0,0,0,0,0,0,0,0,Unspecified,Sedan,BROOKLYN,11222.0,2025,9,Thursday,0.0,Low
2026-11-03,08:27,40.749103999999996,-73.99200400000001,7 AVE,0.0,0,0,0,1,0,0,0,Driver Inattention/Distraction,Taxi,MANHATTAN,10001.0,2026,11,Tuesday,0.0,Low
2025-08-16,16:35,40.75253,-73.94383,21 ST,0.0,0,0,0,1,0,0,0,Failure to Yield Right-of-Way,Motorcycle,Unknown,,2025,8,Saturday,0.0,Low
2021-09-24,05:57,40.869656,-73.898926,WEST 195 STREET,0.0,0,1,0,0,0,0,0,Unknown,Unknown,BRONX,10468.0,2021,9,Friday,0.0,Low
2021-08-20,17:30,40.804134000000005,-73.93684,,0.0,0,0,0,0,0,0,0,Driver Inattention/Distraction,Sedan,MANHATTAN,10035.0,2021,8,Friday,0.0,Low
2021-06-02,18:00,40.80934,-73.91248,CYPRESS AVENUE                  ,0.0,0,0,0,0,0,0,0,Unspecified,Sedan,BRONX,10454.0,2021,6,Wednesday,0.0,Low
2022-03-13,18:15,40.76249,-73.87229,97 STREET,0.0,0,0,0,0,0,0,0,Driver Inattention/Distraction,Sedan,Unknown,,2022,3,Sunday,0.0,Low
2024-10-07,22:06,40.88004,-73.87408,PERRY AVENUE,0.0,0,0,0,0,0,4,0,Traffic Control Disregarded,Sedan,BRONX,10467.0,2024,10,Monday,0.0,Low
2022-04-04,06:12,40.655215999999996,-73.96194,,0.0,0,0,0,0,0,0,0,Unspecified,Station Wagon/Sport Utility Vehicle,BROOKLYN,11225.0,2022,4,Monday,0.0,Low
2021-06-03,00:40,40.663605,-73.934395,SCHENECTADY AVENUE              ,0.0,0,0,0,0,0,4,0,Driver Inattention/Distraction,Station Wagon/Sport Utility Vehicle,Unknown,,2021,6,Thursday,0.0,Low
2025-06-10,08:35,40.84109,-73.937935,AUDUBON AVE,0.0,0,0,0,0,0,1,0,Aggressive Driving/Road Rage,Station Wagon/Sport Utility Vehicle,MANHATTAN,10032.0,2025,6,Tuesday,0.0,Low
2023-07-19,14:45,40.654484000000004,-73.88653599999999,COZINE AVENUE,0.0,0,0,0,0,0,1,0,Other Vehicular,Motorcycle,BROOKLYN,11207.0,2023,7,Wednesday,0.0,Low
2025-07-02,11:44,40.606215999999996,-73.953926,AVENUE R,0.0,0,0,0,0,0,0,0,Unspecified,Sedan,BROOKLYN,11229.0,2025,7,Wednesday,0.0,Low
2025-08-23,22:00,40.717659999999995,-73.992226,ELDRIDGE ST,0.0,0,0,0,0,0,0,0,Unspecified,Sedan,MANHATTAN,10002.0,2025,8,Saturday,0.0,Low
2022-07-20,10:57,40.873695,-73.824394,COOP CITY BOULEVARD,0.0,0,0,0,0,0,0,0,Unspecified,3-Door,Unknown,,2022,7,Wednesday,0.0,Low
2021-07-27,18:00,40.78873,-73.846405,,0.0,0,0,0,0,0,0,0,Unspecified,Pick-up Truck,QUEENS,11356.0,2021,7,Tuesday,0.0,Low
2025-09-03,11:00,40.77664,-73.94501,,0.0,0,0,0,0,0,0,0,Unspecified,Sedan,MANHATTAN,10128.0,2025,9,Wednesday,0.0,Low
2024-12-10,21:27,40.706084999999995,-73.8085,148 STREET,0.0,0,0,0,0,0,0,0,Backing Unsafely,Station Wagon/Sport Utility Vehicle,Unknown,,2024,12,Tuesday,0.0,Low
2023-09-06,19:35,40.60242,-73.99459,86 STREET,0.0,0,0,0,0,0,2,0,Failure to Yield Right-of-Way,Station Wagon/Sport Utility Vehicle,BROOKLYN,11214.0,2023,9,Wednesday,0.0,Low
2022-06-09,23:40,40.65477,-74.00708,GOWANUS EXPY (BQE),0.0,0,0,0,0,0,0,0,Driver Inattention/Distraction,Sedan,Unknown,,2022,6,Thursday,0.0,Low
2021-02-06,17:00,40.70519,-73.91478000000001,CYPRESS AVENUE,0.0,0,0,0,0,0,0,0,Passing or Lane Usage Improper,Station Wagon/Sport Utility Vehicle,QUEENS,11237.0,2021,2,Saturday,0.0,Low
2023-02-27,10:38,40.736343,-74.007195,,0.0,0,0,0,0,0,0,0,Unspecified,Station Wagon/Sport Utility Vehicle,MANHATTAN,10014.0,2023,2,Monday,0.0,Low
2023-12-04,02:58,40.830143,-73.92858000000001,ANDERSON AVENUE,0.0,0,0,0,0,0,0,0,Passing or Lane Usage Improper,Sedan,BRONX,10452.0,2023,12,Monday,0.0,Low
2023-10-15,13:00,40.609013,-73.75492,,0.0,0,0,0,0,0,0,0,Unspecified,Station Wagon/Sport Utility Vehicle,QUEENS,11691.0,2023,10,Sunday,0.0,Low
2022-11-22,15:10,40.585922,-74.10526,RICHMOND ROAD,0.0,0,0,0,0,0,0,0,Unsafe Speed,Sedan,STATEN ISLAND,10306.0,2022,11,Tuesday,0.0,Low
2021-07-06,00:00,40.901990000000005,-73.844765,,0.0,0,0,0,0,0,0,0,Unspecified,Sedan,BRONX,10466.0,2021,7,Tuesday,0.0,Low
2022-06-12,17:05,40.61327,-73.95623,AVENUE O,0.0,0,1,0,0,0,0,0,Unspecified,Station Wagon/Sport Utility Vehicle,BROOKLYN,11230.0,2022,6,Sunday,0.0,Low
2021-08-28,22:10,40.734974,-74.00014499999999,,0.0,0,0,0,0,0,0,0,Passenger Distraction,Taxi,MANHATTAN,10011.0,2021,8,Saturday,0.0,Low
2025-06-12,00:00,40.830936,-73.9124,E 167 ST,0.0,0,0,0,0,0,0,0,Unspecified,Sedan,BRONX,10456.0,2025,6,Thursday,0.0,Low
2025-03-05,20:50,0.0,0.0,,0.0,0,0,0,0,0,0,0,Driver Inattention/Distraction,Station Wagon/Sport Utility Vehicle,BRONX,10455.0,2025,3,Wednesday,0.0,Low
2022-09-18,10:20,40.614838,-73.92063,EAST 56 STREET,0.0,0,0,0,0,0,0,0,Traffic Control Disregarded,Sedan,BROOKLYN,11234.0,2022,9,Sunday,0.0,Low
2025-01-01,06:40,40.60644,-73.97592,,0.0,0,0,0,0,0,0,0,Unspecified,Sedan,BROOKLYN,11223.0,2025,1,Wednesday,0.0,Low
2025-10-23,23:54,40.691452000000005,-73.98891400000001,,0.0,0,0,0,0,0,0,0,Driver Inattention/Distraction,Station Wagon/Sport Utility Vehicle,BROOKLYN,11201.0,2025,10,Thursday,0.0,Low
2021-01-10,14:15,40.757329399999996,-73.9450662,9 STREET,0.0,0,0,0,0,0,0,0,Unspecified,Station Wagon/Sport Utility Vehicle,QUEENS,11101.0,2021,1,Sunday,0.0,Low
2022-07-07,19:31,40.745968,-73.75965,,0.0,0,1,0,0,0,0,0,Driver Inattention/Distraction,Station Wagon/Sport Utility Vehicle,QUEENS,11364.0,2022,7,Thursday,0.0,Low
2025-10-02,15:17,0.0,0.0,,0.0,0,0,0,0,0,0,0,Unspecified,Station Wagon/Sport Utility Vehicle,QUEENS,11365.0,2025,10,Thursday,0.0,Low
2021-11-05,17:10,40.663517,-73.75864399999999,220 STREET,0.0,0,0,0,0,0,0,0,Unspecified,Station Wagon/Sport Utility Vehicle,QUEENS,11413.0,2021,11,Friday,0.0,Low
2023-06-30,15:33,40.808815,-73.87215,,0.0,0,0,0,0,0,0,0,Unspecified,Tractor Truck Gasoline,BRONX,10474.0,2023,6,Friday,0.0,Low
2021-08-20,16:04,40.817574,-73.90359000000001,EAST 156 STREET,0.0,0,0,0,0,0,1,0,Failure to Yield Right-of-Way,Sedan,BRONX,10455.0,2021,8,Friday,0.0,Low
2025-03-01,20:00,40.6604,-73.89323399999999,,0.0,0,0,0,0,0,0,0,Passing or Lane Usage Improper,Station Wagon/Sport Utility Vehicle,BROOKLYN,11207.0,2025,3,Saturday,0.0,Low
2023-12-12,17:25,40.568214000000005,-74.11204000000001,HYLAN BOULEVARD,0.0,0,0,0,0,0,1,0,Following Too Closely,Pick-up Truck,STATEN ISLAND,10306.0,2023,12,Tuesday,0.0,Low
2024-11-23,15:14,40.788445,-73.78569,,0.0,0,0,0,0,0,0,0,Driver Inattention/Distraction,Sedan,QUEENS,11360.0,2024,11,Saturday,0.0,Low
2025-10-08,21:36,40.666706,-73.87182,LINDEN BLVD,0.0,0,0,0,0,0,0,0,Driver Inexperience,Sedan,BROOKLYN,11208.0,2025,10,Wednesday,0.0,Low
2024-12-12,15:00,40.655025,-73.869194,,0.0,0,0,0,0,0,0,0,Unspecified,Station Wagon/Sport Utility Vehicle,BROOKLYN,11239.0,2024,12,Thursday,0.0,Low
2022-10-17,15:08,40.731246999999996,-73.79385,UTOPIA PARKWAY,0.0,0,1,0,0,0,0,0,Unknown,Unknown,Unknown,,2022,10,Monday,0.0,Low
2024-05-15,15:08,40.66551,-73.992775,PROSPECT AVENUE,0.0,0,0,0,0,0,1,0,Unspecified,Sedan,BROOKLYN,11215.0,2024,5,Wednesday,0.0,Low
2023-04-01,01:25,40.865105,-73.91846,POST AVENUE,0.0,0,0,0,0,0,0,0,Backing Unsafely,Sedan,Unknown,,2023,4,Saturday,0.0,Low
2021-12-25,02:45,40.744358,-73.88597,,0.0,0,0,0,0,0,0,0,Following Too Closely,Station Wagon/Sport Utility Vehicle,QUEENS,11373.0,2021,12,Saturday,0.0,Low
2024-08-07,09:00,40.742096000000004,-73.86748,JUNCTION BOULEVARD,0.0,0,0,0,0,0,0,0,Following Too Closely,Bus,QUEENS,11368.0,2024,8,Wednesday,0.0,Low
2025-12-04,12:45,40.804306,-73.95569,,0.0,0,0,0,0,0,0,0,Passing Too Closely,Station Wagon/Sport Utility Vehicle,MANHATTAN,10026.0,2025,12,Thursday,0.0,Low
2022-03-13,00:00,40.671528,-73.91261,,0.0,0,0,0,0,0,1,0,Other Vehicular,Sedan,BROOKLYN,11212.0,2022,3,Sunday,0.0,Low
2021-09-04,14:05,40.599292999999996,-73.90485,BELT PARKWAY                    ,0.0,0,0,0,0,0,0,0,Following Too Closely,Station Wagon/Sport Utility Vehicle,Unknown,,2021,9,Saturday,0.0,Low
2024-05-14,06:44,40.714676000000004,-74.0059,READE STREET,0.0,0,0,0,0,0,0,0,Unspecified,Sedan,MANHATTAN,10007.0,2024,5,Tuesday,0.0,Low
2022-04-08,12:00,40.674459999999996,-73.95286,ROGERS AVENUE,0.0,0,0,0,0,0,0,0,Passing Too Closely,Sedan,Unknown,,2022,4,Friday,0.0,Low
2022-10-18,15:26,40.744656,-73.94853,JACKSON AVENUE,0.0,0,0,0,0,0,0,0,Driver Inattention/Distraction,Station Wagon/Sport Utility Vehicle,QUEENS,11101.0,2022,10,Tuesday,0.0,Low
2021-05-05,06:55,40.705128,-73.7466,COLFAX STREET,0.0,0,0,0,0,0,0,0,Unspecified,Sedan,QUEENS,11429.0,2021,5,Wednesday,0.0,Low
2025-03-23,03:12,40.733779999999996,-73.8358,VAN WYCK EXPWY,0.0,0,0,0,0,0,0,0,Driver Inattention/Distraction,Station Wagon/Sport Utility Vehicle,Unknown,,2025,3,Sunday,0.0,Low
2023-04-25,13:39,40.802658,-73.93741999999999,,0.0,0,0,0,0,0,0,0,Passing or Lane Usage Improper,Station Wagon/Sport Utility Vehicle,MANHATTAN,10035.0,2023,4,Tuesday,0.0,Low
2025-01-27,15:00,40.590767,-73.802246,BEACH 74 ST,0.0,0,0,0,0,0,1,0,Other Vehicular,Sedan,QUEENS,11692.0,2025,1,Monday,0.0,Low
2024-01-04,17:05,40.81317,-73.859146,PATTERSON AVENUE,0.0,0,0,0,0,0,0,0,Steering Failure,Station Wagon/Sport Utility Vehicle,BRONX,10473.0,2024,1,Thursday,0.0,Low
2022-11-03,09:30,40.760822,-73.99831999999999,11 AVENUE,0.0,0,0,0,0,0,0,0,Driver Inexperience,Flat Rack,Unknown,,2022,11,Thursday,0.0,Low
2024-08-21,15:25,40.82918,-73.87572,,0.0,0,0,0,0,0,0,0,Backing Unsafely,Station Wagon/Sport Utility Vehicle,BRONX,10472.0,2024,8,Wednesday,0.0,Low
2022-05-07,00:00,40.77895,-73.92079,23 ROAD,0.0,0,0,0,0,0,0,0,Backing Unsafely,Station Wagon/Sport Utility Vehicle,Unknown,,2022,5,Saturday,0.0,Low
2023-01-07,17:12,40.60621,-74.09095,TARGEE STREET,0.0,0,0,0,0,0,0,0,Failure to Yield Right-of-Way,Station Wagon/Sport Utility Vehicle,STATEN ISLAND,10304.0,2023,1,Saturday,0.0,Low
2023-05-09,17:46,40.8882,-73.90760999999999,WEST 238 STREET,0.0,0,0,0,0,0,1,0,Unspecified,FDNY FIRE,Unknown,,2023,5,Tuesday,0.0,Low
2025-08-17,06:28,40.727955,-73.807304,,0.0,0,0,0,0,0,0,0,Driver Inattention/Distraction,Station Wagon/Sport Utility Vehicle,QUEENS,11365.0,2025,8,Sunday,0.0,Low
2023-07-16,14:04,40.701046000000005,-73.89153,64 PLACE,0.0,0,0,0,1,0,0,0,Unspecified,Sedan,QUEENS,11385.0,2023,7,Sunday,0.0,Low
2021-06-06,13:38,40.682503000000004,-73.82131,109 AVENUE,0.0,0,0,0,0,0,0,0,Failure to Yield Right-of-Way,Sedan,QUEENS,11420.0,2021,6,Sunday,0.0,Low
2025-11-17,08:00,40.66095,-73.92905400000001,REMSEN AVE,0.0,0,1,0,0,0,0,0,Failure to Yield Right-of-Way,Unknown,Unknown,,2025,11,Monday,0.0,Low
2025-04-14,11:18,40.68717,-73.89231,JACKIE ROBINSON PKWY,0.0,0,0,0,0,0,2,0,Other Vehicular,Station Wagon/Sport Utility Vehicle,Unknown,,2025,4,Monday,0.0,Low
2024-10-03,04:32,40.85787,-73.93842,HENRY HUDSON PARKWAY,0.0,0,0,0,0,0,0,0,Driver Inattention/Distraction,Station Wagon/Sport Utility Vehicle,Unknown,,2024,10,Thursday,0.0,Low
2024-08-30,17:17,40.75529,-73.90847,51 STREET,0.0,0,0,0,0,0,0,0,Passing or Lane Usage Improper,Sedan,QUEENS,11377.0,2024,8,Friday,0.0,Low
2022-10-04,00:16,40.841877000000004,-73.8888,CROSS BRONX EXPY,0.0,0,0,0,0,0,1,0,Unsafe Speed,Sedan,Unknown,,2022,10,Tuesday,0.0,Low
2023-08-27,00:46,40.736259999999994,-73.74221,GRAND CENTRAL PKWY,0.0,0,0,0,0,0,3,0,Following Too Closely,Station Wagon/Sport Utility Vehicle,Unknown,,2023,8,Sunday,0.0,Low
2022-02-17,11:05,40.591034,-74.10127,FLAGG PLACE,0.0,0,0,0,0,0,1,0,Driver Inattention/Distraction,Station Wagon/Sport Utility Vehicle,STATEN ISLAND,10304.0,2022,2,Thursday,0.0,Low
2023-12-15,10:06,40.62359,-74.02505500000001,83 STREET,0.0,0,0,0,0,0,3,0,Unsafe Speed,Sedan,BROOKLYN,11209.0,2023,12,Friday,0.0,Low
2022-12-30,17:00,40.75455,-73.74316999999999,LONG ISLAND EXPRESSWAY,0.0,0,0,0,0,0,4,0,Following Too Closely,Station Wagon/Sport Utility Vehicle,Unknown,,2022,12,Friday,0.0,Low
2021-11-13,14:40,40.56878,-74.10661,NEW DORP LANE,0.0,0,0,0,0,0,1,0,Driver Inattention/Distraction,Station Wagon/Sport Utility Vehicle,STATEN ISLAND,10306.0,2021,11,Saturday,0.0,Low
2021-12-10,19:00,40.6581467,-74.0035588,GOWANUS EXPY (BQE),0.0,0,0,0,0,0,0,0,Unsafe Lane Changing,Sedan,Unknown,,2021,12,Friday,0.0,Low
2024-03-27,20:30,40.843643,-73.90675999999999,EAST 173 STREET,0.0,0,0,0,0,0,1,0,Driver Inattention/Distraction,Sedan,Unknown,,2024,3,Wednesday,0.0,Low
2025-03-09,12:00,40.733000000000004,-73.859886,98 ST,0.0,0,0,0,0,0,1,0,Driver Inattention/Distraction,Sedan,QUEENS,11374.0,2025,3,Sunday,0.0,Low
2023-07-13,16:13,40.69554,-73.91261,MADISON STREET,0.0,0,0,0,0,0,0,0,Unspecified,Sedan,BROOKLYN,11221.0,2023,7,Thursday,0.0,Low
2026-05-01,08:00,40.586117,-73.93604,BELT PARKWAY,0.0,0,0,0,0,0,0,0,Driver Inattention/Distraction,Station Wagon/Sport Utility Vehicle,Unknown,,2026,5,Friday,0.0,Low
2024-08-31,04:07,40.644306,-74.01804,56 STREET,0.0,0,0,0,0,0,0,0,Unspecified,E-Bike,BROOKLYN,11220.0,2024,8,Saturday,0.0,Low
2023-05-24,16:05,40.707653,-73.921776,TROUTMAN STREET,0.0,0,0,0,0,0,0,0,Driver Inattention/Distraction,E-Bike,Unknown,,2023,5,Wednesday,0.0,Low
2024-03-15,09:00,40.646297,-73.91274,,0.0,0,0,0,0,0,0,0,Unspecified,Station Wagon/Sport Utility Vehicle,BROOKLYN,11236.0,2024,3,Friday,0.0,Low
2022-10-18,14:38,40.74285,-73.83028399999999,LONG ISLAND EXPRESSWAY,0.0,0,0,0,0,0,0,0,Following Too Closely,Sedan,Unknown,,2022,10,Tuesday,0.0,Low
2022-09-02,20:30,40.803425,-73.93309,EAST 126 STREET,0.0,0,0,0,0,0,0,0,Unspecified,Station Wagon/Sport Utility Vehicle,MANHATTAN,10035.0,2022,9,Friday,0.0,Low
2024-10-29,14:21,40.709946,-73.96681,,0.0,0,0,0,0,0,0,0,Unsafe Speed,E-Scooter,BROOKLYN,11249.0,2024,10,Tuesday,0.0,Low
2025-12-16,15:30,40.734783,-73.81094,,0.0,0,0,0,0,0,0,0,Unspecified,Sedan,QUEENS,11365.0,2025,12,Tuesday,0.0,Low
2026-03-17,11:30,40.682514000000005,-74.00104499999999,,0.0,0,0,0,0,0,0,0,Unspecified,Sedan,BROOKLYN,11231.0,2026,3,Tuesday,0.0,Low
2025-12-12,16:30,40.756275,-73.97144,,0.0,0,0,0,0,0,0,0,Unsafe Speed,LIMO,MANHATTAN,10022.0,2025,12,Friday,0.0,Low
2021-09-10,17:35,40.8387216,-73.91377059999999,GRAND CONCOURSE,0.0,0,0,0,0,0,0,0,Following Too Closely,Sedan,BRONX,10456.0,2021,9,Friday,0.0,Low
2023-07-11,00:30,40.796738,-73.92925,FDR DRIVE,0.0,0,0,0,0,0,2,0,Unsafe Speed,Station Wagon/Sport Utility Vehicle,Unknown,,2023,7,Tuesday,0.0,Low
2024-05-06,15:15,40.67675,-73.91830999999999,ATLANTIC AVENUE,0.0,0,0,0,0,0,0,0,Unspecified,Sedan,BROOKLYN,11233.0,2024,5,Monday,0.0,Low
2025-02-13,17:25,40.86676,-73.92061,VERMILYEA AVE,0.0,0,0,0,0,0,0,0,Passing Too Closely,Station Wagon/Sport Utility Vehicle,MANHATTAN,10034.0,2025,2,Thursday,0.0,Low
2024-04-02,04:19,40.768505,-73.90881999999999,,0.0,0,0,0,0,0,0,0,Following Too Closely,Station Wagon/Sport Utility Vehicle,QUEENS,11103.0,2024,4,Tuesday,0.0,Low
2023-11-19,00:23,40.70113,-73.96087,WILLIAMSBURG STREET EAST,0.0,0,0,0,0,0,0,0,Other Vehicular,Station Wagon/Sport Utility Vehicle,BROOKLYN,11249.0,2023,11,Sunday,0.0,Low
2023-04-20,21:30,40.69015,-73.99864000000001,BROOKLYN QUEENS EXPRESSWAY,0.0,0,0,0,0,0,1,0,Unsafe Lane Changing,Tractor Truck Diesel,Unknown,,2023,4,Thursday,0.0,Low
2023-08-13,04:40,40.769867,-73.90835,41 STREET,0.0,0,0,0,0,0,0,0,Driver Inattention/Distraction,Sedan,Unknown,,2023,8,Sunday,0.0,Low
2023-01-06,13:14,40.711452,-73.91986999999999,FLUSHING AVENUE,0.0,0,0,0,0,0,1,0,Traffic Control Disregarded,Station Wagon/Sport Utility Vehicle,QUEENS,11385.0,2023,1,Friday,0.0,Low
2024-11-05,11:00,40.577187,-73.95008,ORIENTAL BOULEVARD,0.0,0,0,0,0,0,0,0,Unspecified,Sedan,BROOKLYN,11235.0,2024,11,Tuesday,0.0,Low
2025-12-14,04:00,40.86357,-73.92600999999999,DYCKMAN ST,0.0,0,1,0,0,0,0,0,Aggressive Driving/Road Rage,Sedan,MANHATTAN,10040.0,2025,12,Sunday,0.0,Low
2024-01-07,18:22,40.790366999999996,-73.949776,EAST 102 STREET,0.0,0,0,0,1,0,0,0,Other Vehicular,Sedan,MANHATTAN,10029.0,2024,1,Sunday,0.0,Low
2023-09-02,21:50,40.549477,-74.14933,BROWN AVENUE,0.0,0,1,0,0,0,0,0,Driver Inattention/Distraction,Sedan,Unknown,,2023,9,Saturday,0.0,Low
2023-10-07,11:40,40.73599,-73.98946,EAST 16 STREET,0.0,0,0,0,1,0,0,0,Driver Inexperience,Taxi,MANHATTAN,10003.0,2023,10,Saturday,0.0,Low
2023-06-11,04:25,40.75829,-73.83431,COLLEGE POINT BOULEVARD,0.0,0,2,0,0,0,0,0,Unspecified,Sedan,Unknown,,2023,6,Sunday,0.0,Low
2021-01-07,22:40,40.743114,-73.77114,CLEARVIEW EXPRESSWAY,0.0,0,0,0,0,0,2,0,Unsafe Speed,Station Wagon/Sport Utility Vehicle,Unknown,,2021,1,Thursday,0.0,Low
2025-09-06,15:33,40.718246,-73.87266,,0.0,0,0,0,0,0,0,0,Backing Unsafely,Station Wagon/Sport Utility Vehicle,QUEENS,11379.0,2025,9,Saturday,0.0,Low
2026-01-25,14:30,40.6378,-74.030426,,0.0,0,0,0,0,0,0,0,Unspecified,Sedan,BROOKLYN,11220.0,2026,1,Sunday,0.0,Low
2025-03-23,03:00,40.76652,-73.920586,30 AVE,0.0,0,0,0,0,0,0,0,Driver Inattention/Distraction,Sedan,QUEENS,11102.0,2025,3,Sunday,0.0,Low
2024-07-29,21:00,40.635124,-73.9968,,0.0,0,0,0,0,0,0,0,Unspecified,Sedan,BROOKLYN,11219.0,2024,7,Monday,0.0,Low
2024-10-19,02:50,40.680035,-73.9055,BROADWAY,0.0,0,0,0,0,0,0,0,Driver Inattention/Distraction,Sedan,Unknown,,2024,10,Saturday,0.0,Low
2023-04-22,09:50,40.676598,-73.93039,UTICA AVENUE,0.0,0,0,0,0,0,0,0,Backing Unsafely,Sedan,Unknown,,2023,4,Saturday,0.0,Low
2022-03-29,07:40,40.807903,-73.92005,EAST 138 STREET,0.0,0,0,0,1,0,0,0,Failure to Yield Right-of-Way,Station Wagon/Sport Utility Vehicle,BRONX,10454.0,2022,3,Tuesday,0.0,Low
2024-01-03,15:15,40.707714,-73.80279499999999,PARSONS BOULEVARD,0.0,0,0,0,0,0,1,0,Unspecified,Station Wagon/Sport Utility Vehicle,QUEENS,11432.0,2024,1,Wednesday,0.0,Low
2024-10-31,10:00,40.763515000000005,-73.91419,30 AVE,0.0,0,0,0,0,0,0,0,Passing or Lane Usage Improper,Sedan,QUEENS,11103.0,2024,10,Thursday,0.0,Low
2025-11-27,13:30,40.68528,-73.7724,MERRICK BLVD,0.0,0,0,0,0,0,0,0,Driver Inattention/Distraction,Sedan,QUEENS,11434.0,2025,11,Thursday,0.0,Low
2023-04-21,19:58,40.666348,-73.76093,BELT PARKWAY,0.0,0,0,0,0,0,0,0,Following Too Closely,Sedan,Unknown,,2023,4,Friday,0.0,Low
2023-03-29,09:37,40.66551,-73.992775,4 AVENUE,0.0,0,0,0,0,0,0,0,Failure to Yield Right-of-Way,E-Scooter,Unknown,,2023,3,Wednesday,0.0,Low
2023-01-10,19:35,40.86804,-73.87910500000001,MOSHOLU PARKWAY,0.0,0,0,0,0,0,0,0,Alcohol Involvement,Station Wagon/Sport Utility Vehicle,Unknown,,2023,1,Tuesday,0.0,Low
2022-09-21,18:00,40.698615999999994,-73.77664,178 STREET,0.0,0,0,0,0,0,0,0,Aggressive Driving/Road Rage,Station Wagon/Sport Utility Vehicle,Unknown,,2022,9,Wednesday,0.0,Low
2022-06-17,19:32,40.597553000000005,-73.99117,24 AVENUE,0.0,0,0,0,0,0,0,0,Traffic Control Disregarded,Station Wagon/Sport Utility Vehicle,BROOKLYN,11214.0,2022,6,Friday,0.0,Low
2024-10-28,10:15,40.76017,-73.83261,PRINCE ST,0.0,0,0,0,0,0,0,0,Passing or Lane Usage Improper,Taxi,QUEENS,11354.0,2024,10,Monday,0.0,Low
2021-09-24,16:50,40.595863,-73.74821999999999,,0.0,0,0,0,0,0,0,0,Unspecified,Sedan,QUEENS,11691.0,2021,9,Friday,0.0,Low
2026-06-01,13:00,40.611,-74.07094000000001,,0.0,0,0,0,0,0,0,0,Unspecified,Station Wagon/Sport Utility Vehicle,STATEN ISLAND,10305.0,2026,6,Monday,0.0,Low
2021-11-17,06:36,40.550976,-74.23250999999999,,0.0,0,0,0,0,0,0,0,Oversized Vehicle,Dump,STATEN ISLAND,10309.0,2021,11,Wednesday,0.0,Low
2023-04-02,18:44,40.695995,-73.96964,BROOKLYN QUEENS EXPRESSWAY,0.0,0,0,0,0,0,1,0,Other Vehicular,Station Wagon/Sport Utility Vehicle,Unknown,,2023,4,Sunday,0.0,Low
2024-07-19,00:00,40.6462,-73.93175,EAST 48 STREET,0.0,0,0,0,0,0,1,0,Failure to Yield Right-of-Way,Station Wagon/Sport Utility Vehicle,BROOKLYN,11203.0,2024,7,Friday,0.0,Low
2022-02-27,15:20,40.75588,-73.92371,35 AVENUE,0.0,0,0,0,1,0,0,0,Driver Inattention/Distraction,Sedan,QUEENS,11101.0,2022,2,Sunday,0.0,Low
2025-03-19,21:06,40.60279,-73.96199,,0.0,0,0,0,0,0,1,0,Other Vehicular,Sedan,BROOKLYN,11223.0,2025,3,Wednesday,0.0,Low
2023-10-02,01:16,40.684,-73.95031,NOSTRAND AVENUE,0.0,0,1,0,0,0,0,0,Failure to Yield Right-of-Way,Sedan,BROOKLYN,11216.0,2023,10,Monday,0.0,Low
2023-05-08,10:45,40.861862,-73.91275,WEST FORDHAM ROAD,0.0,0,0,0,1,0,0,0,Unsafe Speed,Station Wagon/Sport Utility Vehicle,BRONX,10453.0,2023,5,Monday,0.0,Low
2023-08-01,05:10,40.760044,-73.89756,30 AVENUE,0.0,0,0,0,0,0,0,0,Unspecified,Station Wagon/Sport Utility Vehicle,QUEENS,11370.0,2023,8,Tuesday,0.0,Low
2021-11-19,15:49,40.827927,-73.90094,TINTON AVENUE,0.0,0,0,0,0,0,0,0,Driver Inattention/Distraction,Station Wagon/Sport Utility Vehicle,Unknown,,2021,11,Friday,0.0,Low
2025-04-16,17:20,40.804992999999996,-73.911354,BRUCKNER EXPRESSWAY,0.0,0,0,0,0,0,1,0,Unspecified,Sedan,Unknown,,2025,4,Wednesday,0.0,Low
2023-06-26,20:33,0.0,0.0,,0.0,0,0,0,0,0,0,0,Driver Inexperience,Sedan,STATEN ISLAND,10306.0,2023,6,Monday,0.0,Low
2021-09-17,21:15,40.76377,-73.84206,,0.0,0,0,0,0,0,0,0,Unspecified,Sedan,QUEENS,11368.0,2021,9,Friday,0.0,Low
2021-05-24,19:00,40.65853,-73.764206,149 AVENUE,0.0,0,0,0,0,0,0,0,Unspecified,Sedan,QUEENS,11413.0,2021,5,Monday,0.0,Low
2024-10-09,18:05,40.639866,-73.87788,BELT PARKWAY,0.0,0,0,0,0,0,0,0,Unsafe Lane Changing,Sedan,Unknown,,2024,10,Wednesday,0.0,Low
2024-08-21,23:55,40.758266,-73.83899,VAN WYCK EXPWY,0.0,0,0,0,0,0,0,0,Unsafe Lane Changing,Pick-up Truck,Unknown,,2024,8,Wednesday,0.0,Low
2021-02-03,15:00,40.822193,-73.91445,,0.0,0,0,0,0,0,0,0,Driver Inexperience,Ambulance,BRONX,10451.0,2021,2,Wednesday,0.0,Low
2024-03-21,18:51,40.851,-73.90643,,0.0,0,0,0,0,0,0,0,Driver Inattention/Distraction,Station Wagon/Sport Utility Vehicle,BRONX,10453.0,2024,3,Thursday,0.0,Low
2024-03-28,10:00,40.601406,-74.13125600000001,BRADLEY AVENUE,0.0,0,0,0,0,0,0,0,Pavement Slippery,Station Wagon/Sport Utility Vehicle,Unknown,,2024,3,Thursday,0.0,Low
2021-05-11,00:17,40.71589,-73.99631,,0.0,0,0,0,0,0,2,0,Driver Inattention/Distraction,Taxi,MANHATTAN,10013.0,2021,5,Tuesday,0.0,Low
2022-07-24,00:05,40.666129999999995,-73.82615,NORTH CONDUIT AVENUE,0.0,0,0,0,0,0,0,0,Passing Too Closely,Sedan,QUEENS,11420.0,2022,7,Sunday,0.0,Low
2025-01-09,03:00,40.677659999999996,-73.80313000000001,VAN WYCK EXPWY,0.0,0,0,0,0,0,4,0,Driver Inexperience,Sedan,QUEENS,11436.0,2025,1,Thursday,0.0,Low
2022-09-06,14:50,40.619167,-73.91056999999999,,0.0,0,0,0,0,0,0,0,Unspecified,Sedan,BROOKLYN,11234.0,2022,9,Tuesday,0.0,Low
2022-12-24,16:55,40.626553,-74.002495,,0.0,0,0,0,0,0,0,0,Unsafe Lane Changing,Station Wagon/Sport Utility Vehicle,BROOKLYN,11219.0,2022,12,Saturday,0.0,Low
2021-06-27,05:53,40.833946000000005,-73.94266,,0.0,0,0,0,0,0,0,0,Passing Too Closely,Van,MANHATTAN,10032.0,2021,6,Sunday,0.0,Low
2024-07-23,05:48,40.614815,-74.02941,95 STREET,0.0,0,0,0,0,0,1,0,Other Vehicular,Motorcycle,BROOKLYN,11209.0,2024,7,Tuesday,0.0,Low
2024-12-01,22:00,40.767006,-73.9326,,0.0,0,0,0,0,0,0,0,Driver Inattention/Distraction,Sedan,QUEENS,11106.0,2024,12,Sunday,0.0,Low
2023-10-12,15:18,40.87122,-73.85558,BURKE AVENUE,0.0,0,0,0,0,0,0,0,Unspecified,Sedan,BRONX,10469.0,2023,10,Thursday,0.0,Low
2024-05-09,08:11,40.628174,-74.13602,,0.0,0,0,0,0,0,0,0,Driver Inattention/Distraction,Sedan,Unknown,,2024,5,Thursday,0.0,Low
2025-07-12,00:00,40.863686,-73.84224,,0.0,0,0,0,0,0,0,0,Unspecified,Sedan,BRONX,10469.0,2025,7,Saturday,0.0,Low
2022-09-03,16:23,40.767754,-73.83193,LINDEN PLACE,0.0,0,0,0,0,0,0,0,Turning Improperly,Station Wagon/Sport Utility Vehicle,Unknown,,2022,9,Saturday,0.0,Low
2024-09-14,14:10,40.772354,-73.81736,149 STREET,0.0,0,0,0,0,0,0,0,Passing or Lane Usage Improper,Sedan,QUEENS,11354.0,2024,9,Saturday,0.0,Low
2025-12-14,00:15,40.636115999999994,-73.74029499999999,ROCKAWAY BLVD,0.0,0,0,0,0,0,0,0,Unsafe Speed,Sedan,Unknown,,2025,12,Sunday,0.0,Low
2026-05-02,13:35,40.719395,-74.00188399999999,CANAL ST,0.0,0,0,0,0,0,0,0,Passing or Lane Usage Improper,Station Wagon/Sport Utility Vehicle,MANHATTAN,10013.0,2026,5,Saturday,0.0,Low
2026-01-20,21:05,40.79672,-73.97618,HENRY HUDSON PARKWAY,0.0,0,0,0,0,0,2,0,Driver Inattention/Distraction,Sedan,Unknown,,2026,1,Tuesday,0.0,Low
2024-09-29,09:45,40.56345,-74.169754,DRUMGOOLE ROAD WEST,0.0,0,0,0,0,0,0,0,Unsafe Speed,Station Wagon/Sport Utility Vehicle,STATEN ISLAND,10312.0,2024,9,Sunday,0.0,Low
2025-03-19,07:36,40.773196999999996,-73.89793399999999,,0.0,0,0,0,1,0,0,0,Backing Unsafely,Station Wagon/Sport Utility Vehicle,QUEENS,11105.0,2025,3,Wednesday,0.0,Low
2021-03-12,19:50,40.659706,-73.743546,NEWHALL AVENUE,0.0,0,0,0,0,0,1,0,Following Too Closely,Station Wagon/Sport Utility Vehicle,QUEENS,11422.0,2021,3,Friday,0.0,Low
2024-02-01,14:30,40.803127,-73.93625,,0.0,0,0,0,0,0,0,0,Reaction to Uninvolved Vehicle,Van,MANHATTAN,10035.0,2024,2,Thursday,0.0,Low
2023-01-10,19:00,40.75465,-73.82297,,0.0,0,0,0,0,0,0,0,Unspecified,Sedan,QUEENS,11355.0,2023,1,Tuesday,0.0,Low
2021-12-22,07:20,40.762485999999996,-73.96298,2 AVENUE,0.0,0,0,0,0,0,0,0,Unspecified,Sedan,MANHATTAN,10065.0,2021,12,Wednesday,0.0,Low
2024-03-29,00:00,40.644657,-73.95664000000001,BEVERLEY ROAD,0.0,0,0,0,0,0,1,0,View Obstructed/Limited,Sedan,BROOKLYN,11226.0,2024,3,Friday,0.0,Low
2025-12-08,00:14,40.70313,-73.816795,VAN WYCK EXPWY,0.0,0,0,0,0,0,0,0,Passing or Lane Usage Improper,Station Wagon/Sport Utility Vehicle,Unknown,,2025,12,Monday,0.0,Low
2025-08-15,14:00,40.859623,-73.88746,E FORDHAM RD,0.0,0,0,0,0,0,0,0,Unsafe Speed,Bike,Unknown,,2025,8,Friday,0.0,Low
2023-11-04,19:30,40.768955,-73.82669,32 AVENUE,0.0,0,0,0,0,0,0,0,Driver Inattention/Distraction,Station Wagon/Sport Utility Vehicle,Unknown,,2023,11,Saturday,0.0,Low
2021-03-19,17:30,0.0,0.0,TOMPKINS AVENUE                 ,0.0,0,0,0,0,0,0,0,Following Too Closely,Station Wagon/Sport Utility Vehicle,BROOKLYN,11216.0,2021,3,Friday,0.0,Low
2022-07-03,12:35,40.596195,-73.75412,,0.0,0,0,0,0,0,0,0,Failure to Yield Right-of-Way,Pick-up Truck,QUEENS,11691.0,2022,7,Sunday,0.0,Low
2022-04-15,08:15,40.594615999999995,-73.99743000000001,BELT PARKWAY,0.0,0,0,0,0,0,0,0,Driver Inattention/Distraction,Station Wagon/Sport Utility Vehicle,Unknown,,2022,4,Friday,0.0,Low
2023-05-23,09:56,40.826622,-73.930984,MAJOR DEEGAN EXPRESSWAY,0.0,0,0,0,0,0,0,0,Unsafe Lane Changing,Station Wagon/Sport Utility Vehicle,Unknown,,2023,5,Tuesday,0.0,Low
2025-05-03,22:00,40.716434,-73.98158000000001,DELANCEY ST,0.0,0,1,0,0,0,0,0,Driver Inattention/Distraction,Sedan,MANHATTAN,10002.0,2025,5,Saturday,0.0,Low
2026-03-13,22:44,40.88908,-73.829475,E 233 ST,0.0,0,0,0,0,0,0,0,Other Vehicular,Station Wagon/Sport Utility Vehicle,BRONX,10466.0,2026,3,Friday,0.0,Low
2023-09-07,06:31,40.671406,-73.96133,EASTERN PARKWAY,0.0,0,0,0,0,0,4,0,Driver Inattention/Distraction,Station Wagon/Sport Utility Vehicle,Unknown,,2023,9,Thursday,0.0,Low
2022-02-25,00:50,40.743187,-73.97207,FDR DRIVE,0.0,0,0,0,0,0,1,0,Driver Inattention/Distraction,Sedan,Unknown,,2022,2,Friday,0.0,Low
2021-12-11,05:00,40.84987,-73.88991,EAST 181 STREET,0.0,0,0,0,0,0,2,0,Driver Inattention/Distraction,Sedan,BRONX,10457.0,2021,12,Saturday,0.0,Low
2022-06-30,17:25,40.82833,-73.85021,CASTLE HILL AVENUE,0.0,0,0,0,0,0,0,0,Driver Inattention/Distraction,Tractor Truck Diesel,BRONX,10472.0,2022,6,Thursday,0.0,Low
2023-04-07,23:22,40.813390000000005,-73.95626999999999,AMSTERDAM AVENUE,0.0,0,0,0,0,0,0,0,Unspecified,Sedan,MANHATTAN,10027.0,2023,4,Friday,0.0,Low
2021-11-01,15:48,40.585809999999995,-73.952995,EAST 16 STREET                  ,0.0,0,0,0,0,0,0,0,Unspecified,Tractor Truck Diesel,BROOKLYN,11235.0,2021,11,Monday,0.0,Low
2026-01-02,03:00,40.683006,-73.869064,,0.0,0,0,0,0,0,0,0,Unspecified,Sedan,BROOKLYN,11208.0,2026,1,Friday,0.0,Low
2021-04-11,18:45,40.70094,-73.95461999999999,,0.0,0,0,0,0,0,0,0,Passing Too Closely,Pick-up Truck,BROOKLYN,11206.0,2021,4,Sunday,0.0,Low
2023-09-27,09:05,40.7347,-73.99049000000001,,0.0,0,0,0,0,0,0,0,Driver Inattention/Distraction,E-Scooter,MANHATTAN,10003.0,2023,9,Wednesday,0.0,Low
2025-06-28,00:00,40.602287,-73.965805,,0.0,0,0,0,0,0,1,0,Other Vehicular,Pick-up Truck,BROOKLYN,11223.0,2025,6,Saturday,0.0,Low
2021-02-10,16:00,40.70348,-73.80509,,0.0,0,1,0,0,0,0,0,Driver Inattention/Distraction,E-Bike,QUEENS,11435.0,2021,2,Wednesday,0.0,Low
2022-01-07,00:30,40.794792,-73.938576,,0.0,0,0,0,0,0,0,0,Unspecified,Station Wagon/Sport Utility Vehicle,MANHATTAN,10029.0,2022,1,Friday,0.0,Low
2025-09-26,08:05,40.64643,-73.96011,,0.0,0,0,0,0,0,1,0,Unspecified,Sedan,BROOKLYN,11226.0,2025,9,Friday,0.0,Low
2025-01-02,04:20,40.697315,-73.93226999999999,BUSHWICK AVE,0.0,0,0,0,1,0,0,0,Driver Inattention/Distraction,Bike,BROOKLYN,11206.0,2025,1,Thursday,0.0,Low
2023-07-14,18:25,40.67098,-73.9595,,0.0,0,0,0,0,0,0,0,Other Vehicular,Station Wagon/Sport Utility Vehicle,BROOKLYN,11225.0,2023,7,Friday,0.0,Low
2021-07-10,11:54,40.681117799999996,-73.9644216,ATLANTIC AVENUE,0.0,0,0,0,0,0,0,0,Turning Improperly,Sedan,Unknown,,2021,7,Saturday,0.0,Low
2025-02-27,07:06,40.657944,-73.90774,ROCKAWAY AVE,0.0,0,0,0,0,0,3,0,Unspecified,Box Truck,BROOKLYN,11212.0,2025,2,Thursday,0.0,Low
2022-08-21,12:06,40.701836,-73.82211,JAMAICA AVENUE,0.0,0,1,0,0,0,0,0,Failure to Yield Right-of-Way,Station Wagon/Sport Utility Vehicle,Unknown,,2022,8,Sunday,0.0,Low
2024-10-18,16:04,40.835834999999996,-73.87308,FTELEY AVENUE,0.0,0,0,0,0,0,1,0,Unspecified,Sedan,BRONX,10472.0,2024,10,Friday,0.0,Low
2023-05-20,23:37,40.675734999999996,-73.89686,ATLANTIC AVENUE,0.0,0,0,0,0,0,0,0,Unspecified,Sedan,Unknown,,2023,5,Saturday,0.0,Low
2021-08-16,13:30,40.60937,-73.96226,,0.0,0,0,0,1,0,0,0,Passing or Lane Usage Improper,Station Wagon/Sport Utility Vehicle,BROOKLYN,11223.0,2021,8,Monday,0.0,Low
2024-04-16,16:00,40.70377,-73.80521999999999,150 STREET,0.0,0,0,0,0,0,0,0,Driver Inattention/Distraction,Station Wagon/Sport Utility Vehicle,QUEENS,11435.0,2024,4,Tuesday,0.0,Low
2021-07-20,12:35,40.676937,-73.8704,GLENMORE AVENUE,0.0,0,0,0,0,0,0,0,Unspecified,Station Wagon/Sport Utility Vehicle,BROOKLYN,11208.0,2021,7,Tuesday,0.0,Low
2021-01-02,13:45,40.721592,-73.97476999999999,FDR DRIVE                       ,0.0,0,0,0,0,0,0,0,Driver Inattention/Distraction,Sedan,MANHATTAN,10009.0,2021,1,Saturday,0.0,Low
2022-03-30,14:18,40.603229999999996,-74.09261,RICHMOND ROAD,0.0,0,0,0,0,0,0,0,Driver Inattention/Distraction,Bus,STATEN ISLAND,10304.0,2022,3,Wednesday,0.0,Low
2021-04-05,15:25,40.768803000000005,-73.95837,2 AVENUE,0.0,0,1,0,0,0,0,0,Failure to Yield Right-of-Way,E-Bike,MANHATTAN,10021.0,2021,4,Monday,0.0,Low
2023-01-08,10:35,40.652756,-73.95981,,0.0,0,0,0,0,0,0,0,Driver Inattention/Distraction,Station Wagon/Sport Utility Vehicle,BROOKLYN,11226.0,2023,1,Sunday,0.0,Low
2022-04-03,13:11,40.673183,-74.00262,CLINTON STREET,0.0,0,0,0,0,0,0,0,Turning Improperly,Sedan,BROOKLYN,11231.0,2022,4,Sunday,0.0,Low
2023-08-23,17:11,40.820576,-73.88434000000001,,0.0,0,0,0,0,0,0,0,Pedestrian/Bicyclist/Other Pedestrian Error/Confusion,E-Scooter,BRONX,10474.0,2023,8,Wednesday,0.0,Low
2021-04-29,18:00,40.678364,-73.77949,BAISLEY BOULEVARD,0.0,0,0,0,0,0,0,0,Unspecified,Sedan,QUEENS,11434.0,2021,4,Thursday,0.0,Low
2025-09-12,16:00,40.614872,-73.82164,CROSS BAY BLVD,0.0,0,0,0,0,0,2,0,Following Too Closely,Sedan,QUEENS,11693.0,2025,9,Friday,0.0,Low
2026-11-02,17:48,40.82394,-73.948555,AMSTERDAM AVE,0.0,0,1,0,0,0,0,0,Driver Inattention/Distraction,Moped,Unknown,,2026,11,Monday,0.0,Low
2023-03-19,14:36,40.854248,-73.89399,WASHINGTON AVENUE,0.0,0,0,0,0,0,1,0,View Obstructed/Limited,Sedan,Unknown,,2023,3,Sunday,0.0,Low
2024-11-17,18:00,40.667007,-73.89960500000001,,0.0,0,0,0,0,0,0,0,Unspecified,Sedan,BROOKLYN,11207.0,2024,11,Sunday,0.0,Low
2021-10-14,13:55,40.555148100000004,-74.1667176,ELTINGVILLE BOULEVARD,0.0,0,0,0,0,0,0,0,Driver Inattention/Distraction,Motorcycle,STATEN ISLAND,10312.0,2021,10,Thursday,0.0,Low
2021-07-29,13:38,40.79078,-73.951546,,0.0,0,0,0,1,0,0,0,Passing or Lane Usage Improper,BOX,MANHATTAN,10029.0,2021,7,Thursday,0.0,Low
2025-07-19,01:30,40.720875,-73.98425999999999,,0.0,0,0,0,0,0,0,0,Unspecified,Motorcycle,MANHATTAN,10002.0,2025,7,Saturday,0.0,Low
2023-10-13,09:15,40.736763,-73.88754,JACOBUS STREET,0.0,0,0,0,0,0,0,0,Fell Asleep,Sedan,QUEENS,11373.0,2023,10,Friday,0.0,Low
2022-01-12,19:50,40.785244,-73.84118000000001,127 STREET,0.0,0,0,0,1,0,0,0,Failure to Yield Right-of-Way,Bike,Unknown,,2022,1,Wednesday,0.0,Low
2025-10-04,11:10,40.76258,-74.00039,W 43 ST,0.0,0,0,0,0,0,0,0,Brakes Defective,Sedan,MANHATTAN,10036.0,2025,10,Saturday,0.0,Low
2022-12-17,23:55,40.67948,-73.75741,MERRICK BOULEVARD,0.0,0,0,0,0,0,0,0,Reaction to Uninvolved Vehicle,Station Wagon/Sport Utility Vehicle,QUEENS,11413.0,2022,12,Saturday,0.0,Low
2021-02-15,11:35,40.624140000000004,-73.93519599999999,,0.0,0,0,0,0,0,0,0,Unspecified,Sedan,BROOKLYN,11234.0,2021,2,Monday,0.0,Low
2025-07-14,17:00,40.810116,-73.94674,,0.0,0,0,0,0,0,0,0,Unspecified,Sedan,MANHATTAN,10027.0,2025,7,Monday,0.0,Low
2023-06-03,13:00,40.734673,-73.99459,5 AVENUE,0.0,0,0,0,1,0,0,0,Driver Inattention/Distraction,Bike,MANHATTAN,10003.0,2023,6,Saturday,0.0,Low
2021-06-01,17:25,40.75411,-73.898705,BROOKLYN QUEENS EXPRESSWAY      ,0.0,0,0,0,0,0,0,0,Driver Inattention/Distraction,Station Wagon/Sport Utility Vehicle,QUEENS,11377.0,2021,6,Tuesday,0.0,Low
2025-07-09,14:45,40.610504,-73.95766400000001,AVENUE P,0.0,0,0,0,0,0,0,0,Oversized Vehicle,Tractor Truck Diesel,BROOKLYN,11229.0,2025,7,Wednesday,0.0,Low
2025-12-01,21:00,40.828278000000005,-73.90703,E 166 ST,0.0,0,0,0,1,0,0,0,Other Electronic Device,Moped,Unknown,,2025,12,Monday,0.0,Low
2024-07-25,17:30,40.68874,-73.94824,,0.0,0,0,0,0,0,0,0,Alcohol Involvement,Sedan,BROOKLYN,11216.0,2024,7,Thursday,0.0,Low
2023-02-15,12:26,40.60915,-73.96996999999999,AVENUE P,0.0,0,0,0,0,0,0,0,Unspecified,Station Wagon/Sport Utility Vehicle,BROOKLYN,11223.0,2023,2,Wednesday,0.0,Low
2024-05-23,19:03,40.778603000000004,-73.846115,23 AVENUE,0.0,0,0,0,0,0,1,0,View Obstructed/Limited,Sedan,QUEENS,11356.0,2024,5,Thursday,0.0,Low
2025-12-27,18:20,40.65039,-74.0085,43 ST,0.0,0,0,0,0,0,0,0,Driver Inattention/Distraction,Sedan,BROOKLYN,11232.0,2025,12,Saturday,0.0,Low
2023-09-19,21:48,40.715140000000005,-73.74937,JAMAICA AVENUE,0.0,0,0,0,0,0,2,0,Unspecified,Sedan,QUEENS,11428.0,2023,9,Tuesday,0.0,Low
2025-08-19,15:34,40.730846,-73.85988,,0.0,0,0,0,0,0,0,0,Unspecified,Sedan,QUEENS,11374.0,2025,8,Tuesday,0.0,Low
2021-11-24,19:58,40.703857,-73.91851,WYCKOFF AVENUE,0.0,0,0,0,0,0,0,0,Alcohol Involvement,Sedan,Unknown,,2021,11,Wednesday,0.0,Low
2023-10-15,04:50,40.613964,-73.955414,,0.0,0,0,0,0,0,0,0,Unspecified,Station Wagon/Sport Utility Vehicle,BROOKLYN,11230.0,2023,10,Sunday,0.0,Low
2021-03-15,20:30,40.621452000000005,-74.017,10 AVENUE                       ,0.0,0,0,0,0,0,1,0,Unspecified,Station Wagon/Sport Utility Vehicle,BROOKLYN,11228.0,2021,3,Monday,0.0,Low
2024-07-11,19:10,40.69618,-73.980354,NAVY STREET,0.0,0,0,0,0,0,0,0,Pedestrian/Bicyclist/Other Pedestrian Error/Confusion,Station Wagon/Sport Utility Vehicle,Unknown,,2024,7,Thursday,0.0,Low
2021-10-04,19:56,40.731018,-73.985916,2 AVENUE                        ,0.0,0,0,0,1,0,0,0,Pedestrian/Bicyclist/Other Pedestrian Error/Confusion,Pick-up Truck,MANHATTAN,10003.0,2021,10,Monday,0.0,Low
2025-12-17,13:30,40.831776,-73.82096,LAFAYETTE AVE,0.0,0,0,0,0,0,2,0,Unspecified,Station Wagon/Sport Utility Vehicle,Unknown,,2025,12,Wednesday,0.0,Low
2021-06-11,19:30,40.845287,-73.858665,BRONXDALE AVENUE,0.0,0,0,0,0,0,1,0,Unspecified,Station Wagon/Sport Utility Vehicle,BRONX,10462.0,2021,6,Friday,0.0,Low
2021-11-17,15:30,40.702343,-73.94761,,0.0,0,0,0,0,0,0,0,Failure to Yield Right-of-Way,Bus,BROOKLYN,11206.0,2021,11,Wednesday,0.0,Low
2024-08-30,11:50,40.76188,-73.92518000000001,,0.0,0,0,0,0,0,0,0,Backing Unsafely,Sedan,QUEENS,11106.0,2024,8,Friday,0.0,Low
2021-06-06,04:52,40.877068,-73.90610500000001,BROADWAY,0.0,0,1,0,0,0,0,0,Unspecified,Sedan,Unknown,,2021,6,Sunday,0.0,Low
2023-06-24,14:30,40.71328,-73.76606,195 STREET,0.0,0,0,0,0,0,0,0,Driver Inattention/Distraction,Station Wagon/Sport Utility Vehicle,QUEENS,11423.0,2023,6,Saturday,0.0,Low
2023-02-16,14:23,40.61235,-73.986626,70 STREET,0.0,0,0,0,0,0,0,0,Passing Too Closely,Sedan,Unknown,,2023,2,Thursday,0.0,Low
2024-05-21,00:15,40.76462,-73.79304,UTOPIA PARKWAY,0.0,0,0,0,0,0,0,0,Following Too Closely,Station Wagon/Sport Utility Vehicle,Unknown,,2024,5,Tuesday,0.0,Low
2023-10-27,10:18,40.575775,-73.961945,,0.0,0,0,0,0,0,0,0,Unspecified,Station Wagon/Sport Utility Vehicle,BROOKLYN,11235.0,2023,10,Friday,0.0,Low
2024-04-08,03:30,40.73361,-73.92385,BROOKLYN QUEENS EXPRESSWAY,0.0,0,0,0,0,0,0,0,Unspecified,Sedan,Unknown,,2024,4,Monday,0.0,Low
2024-03-02,07:22,40.883457,-73.84532,,0.0,0,0,0,0,0,0,0,Backing Unsafely,Sedan,BRONX,10466.0,2024,3,Saturday,0.0,Low
2023-08-27,03:00,40.877453,-73.84166,,0.0,0,0,0,0,0,0,0,Alcohol Involvement,Station Wagon/Sport Utility Vehicle,BRONX,10469.0,2023,8,Sunday,0.0,Low
2022-08-12,19:00,40.62769,-73.96376,,0.0,0,0,0,0,0,0,0,Unspecified,Sedan,BROOKLYN,11230.0,2022,8,Friday,0.0,Low
2022-07-27,14:13,40.64493,-73.88999,,0.0,0,0,0,0,0,2,0,Driver Inattention/Distraction,Station Wagon/Sport Utility Vehicle,BROOKLYN,11236.0,2022,7,Wednesday,0.0,Low
2026-02-24,17:12,40.76343,-73.81915,,0.0,0,0,0,0,0,0,0,Driver Inexperience,Sedan,QUEENS,11354.0,2026,2,Tuesday,0.0,Low
2023-10-12,03:30,40.702564,-73.790565,LIBERTY AVENUE,0.0,0,0,0,0,0,0,0,Driver Inattention/Distraction,Pick-up Truck,Unknown,,2023,10,Thursday,0.0,Low
2022-02-04,17:45,40.787533,-73.9687,,0.0,0,0,0,0,0,0,0,Unspecified,Sedan,MANHATTAN,10024.0,2022,2,Friday,0.0,Low
2022-10-02,20:34,40.70438,-73.79687,,0.0,0,0,0,0,0,0,0,Passing or Lane Usage Improper,Station Wagon/Sport Utility Vehicle,QUEENS,11433.0,2022,10,Sunday,0.0,Low
2025-09-30,19:14,40.664192,-73.84111999999999,CROSS BAY BLVD,0.0,0,1,0,0,0,0,0,Failure to Yield Right-of-Way,Station Wagon/Sport Utility Vehicle,QUEENS,11414.0,2025,9,Tuesday,0.0,Low
2023-12-15,12:30,40.751026,-74.00238,,0.0,0,0,0,0,0,0,0,Backing Unsafely,Sedan,MANHATTAN,10001.0,2023,12,Friday,0.0,Low
2025-02-27,07:05,40.685303000000005,-73.874794,,0.0,0,0,0,0,0,0,0,Passing Too Closely,Station Wagon/Sport Utility Vehicle,BROOKLYN,11208.0,2025,2,Thursday,0.0,Low
2022-11-20,12:45,40.794734999999996,-73.96988,WEST 97 STREET,0.0,0,0,0,0,0,0,0,Reaction to Uninvolved Vehicle,Station Wagon/Sport Utility Vehicle,Unknown,,2022,11,Sunday,0.0,Low
2021-12-25,15:19,40.812008,-73.951515,SAINT NICHOLAS AVENUE,0.0,0,0,0,0,0,0,0,Backing Unsafely,Station Wagon/Sport Utility Vehicle,MANHATTAN,10027.0,2021,12,Saturday,0.0,Low
2021-03-12,13:20,40.739964,-73.89424,QUEENS BOULEVARD,0.0,0,0,0,0,0,0,0,Unspecified,Station Wagon/Sport Utility Vehicle,QUEENS,11377.0,2021,3,Friday,0.0,Low
2024-06-22,23:15,40.642540000000004,-73.87652,BELT PARKWAY,0.0,0,0,0,0,0,0,0,Driver Inattention/Distraction,Sedan,Unknown,,2024,6,Saturday,0.0,Low
2022-07-01,05:45,40.711075,-73.77601,,0.0,0,0,0,0,0,0,0,Passing Too Closely,Station Wagon/Sport Utility Vehicle,QUEENS,11423.0,2022,7,Friday,0.0,Low
2026-01-14,17:50,40.755726,-73.876724,,0.0,0,0,0,0,0,0,0,Unspecified,Sedan,QUEENS,11372.0,2026,1,Wednesday,0.0,Low
2025-08-10,14:50,40.687874,-73.79746,111 AVE,0.0,0,0,0,0,0,0,0,Driver Inattention/Distraction,Station Wagon/Sport Utility Vehicle,QUEENS,11435.0,2025,8,Sunday,0.0,Low
2025-04-30,15:17,40.848392,-73.93767,BROADWAY,0.0,0,0,0,0,0,0,0,Unsafe Speed,Sedan,MANHATTAN,10033.0,2025,4,Wednesday,0.0,Low
2024-12-22,05:30,40.709553,-73.95886,S 5 ST,0.0,0,0,0,0,0,0,0,Failure to Yield Right-of-Way,Station Wagon/Sport Utility Vehicle,BROOKLYN,11211.0,2024,12,Sunday,0.0,Low
2023-04-28,18:04,40.76323,-73.90890999999999,28 AVENUE,0.0,0,0,0,0,0,0,0,Failure to Yield Right-of-Way,Sedan,QUEENS,11103.0,2023,4,Friday,0.0,Low
2022-10-31,11:30,40.70725,-73.958466,MARCY AVENUE,0.0,0,0,0,0,0,0,0,Failure to Yield Right-of-Way,PK,Unknown,,2022,10,Monday,0.0,Low
2022-03-27,12:34,40.81779,-73.93597,WEST 142 STREET,0.0,0,0,0,0,0,0,0,Unspecified,Station Wagon/Sport Utility Vehicle,MANHATTAN,10037.0,2022,3,Sunday,0.0,Low
2023-09-17,14:50,40.707676,-73.92385999999999,FLUSHING AVENUE,0.0,0,0,0,0,0,0,0,Unsafe Speed,Sedan,Unknown,,2023,9,Sunday,0.0,Low
2023-01-08,10:20,40.598892,-73.99455999999999,,0.0,0,0,0,0,0,0,0,Unspecified,Sedan,BROOKLYN,11214.0,2023,1,Sunday,0.0,Low
2022-01-03,10:25,40.703403,-73.91778599999999,STANHOPE STREET,0.0,0,0,0,0,0,0,0,Passing or Lane Usage Improper,Station Wagon/Sport Utility Vehicle,BROOKLYN,11237.0,2022,1,Monday,0.0,Low
2021-06-15,20:59,40.621265,-73.9288,,0.0,0,0,0,0,0,0,0,Other Vehicular,Station Wagon/Sport Utility Vehicle,BROOKLYN,11234.0,2021,6,Tuesday,0.0,Low
2022-12-11,01:08,40.700356,-73.912575,LINDEN STREET,0.0,0,0,0,0,0,0,0,Aggressive Driving/Road Rage,Station Wagon/Sport Utility Vehicle,BROOKLYN,11237.0,2022,12,Sunday,0.0,Low
2025-07-10,09:18,40.633804,-73.88969399999999,ROCKAWAY PKWY,0.0,0,0,0,0,0,1,0,Unspecified,Van,BROOKLYN,11236.0,2025,7,Thursday,0.0,Low
2024-08-05,15:40,40.639885,-73.96897,,0.0,0,1,0,0,0,0,0,Unspecified,Sedan,BROOKLYN,11218.0,2024,8,Monday,0.0,Low
2024-08-18,20:00,40.752136,-73.92564,38 STREET,0.0,0,0,0,0,0,0,0,Pavement Defective,Sedan,QUEENS,11101.0,2024,8,Sunday,0.0,Low
2023-04-26,21:20,40.85573,-73.910416,WEST 180 STREET,0.0,0,0,0,0,0,0,0,Driver Inattention/Distraction,Sedan,BRONX,10453.0,2023,4,Wednesday,0.0,Low
2022-04-22,10:00,40.625298,-74.15029,,0.0,0,0,0,0,0,0,0,Driver Inattention/Distraction,Sedan,Unknown,,2022,4,Friday,0.0,Low
2021-10-07,18:38,40.88882,-73.843056,EAST 233 STREET,0.0,0,0,0,0,0,1,0,Turning Improperly,Sedan,BRONX,10466.0,2021,10,Thursday,0.0,Low
2022-09-17,15:40,40.740562,-73.79728,FRESH MEADOW LANE,0.0,0,1,0,0,0,0,0,Traffic Control Disregarded,Sedan,QUEENS,11365.0,2022,9,Saturday,0.0,Low
2021-04-12,12:40,40.708714,-73.95875,,0.0,0,0,0,0,0,0,0,Backing Unsafely,Pick-up Truck,BROOKLYN,11211.0,2021,4,Monday,0.0,Low
2023-07-03,18:55,40.583690000000004,-73.92156999999999,BELT PARKWAY,0.0,1,0,0,0,1,0,0,Pedestrian/Bicyclist/Other Pedestrian Error/Confusion,E-Bike,Unknown,,2023,7,Monday,1.0,Low
2021-11-07,00:00,40.72697,-73.94706,,0.0,0,0,0,0,0,0,0,Alcohol Involvement,Sedan,BROOKLYN,11222.0,2021,11,Sunday,0.0,Low
2022-01-08,00:43,40.880318,-73.841286,BOSTON ROAD,0.0,0,0,0,0,0,0,0,Driver Inattention/Distraction,Station Wagon/Sport Utility Vehicle,BRONX,10466.0,2022,1,Saturday,0.0,Low
2025-09-19,11:50,40.75292,-73.925156,,0.0,0,1,0,0,0,0,0,Unsafe Speed,Sedan,QUEENS,11101.0,2025,9,Friday,0.0,Low
2023-06-16,18:00,40.71843,-74.000534,CANAL STREET,0.0,0,0,0,0,0,0,0,Passing or Lane Usage Improper,Station Wagon/Sport Utility Vehicle,MANHATTAN,10013.0,2023,6,Friday,0.0,Low
2025-02-27,22:30,40.68442,-73.978386,ATLANTIC AVE,0.0,0,0,0,0,0,0,0,Turning Improperly,Box Truck,BROOKLYN,11217.0,2025,2,Thursday,0.0,Low
2024-06-17,21:17,40.67973,-73.76162,MERRICK BOULEVARD,0.0,0,0,0,1,0,0,0,Failure to Yield Right-of-Way,Bike,Unknown,,2024,6,Monday,0.0,Low
2022-08-21,17:04,40.613594,-73.9532,,0.0,0,0,0,0,0,0,0,Driver Inattention/Distraction,Van,BROOKLYN,11210.0,2022,8,Sunday,0.0,Low
2021-11-29,08:24,40.866446999999994,-73.9305,RIVERSIDE DRIVE,0.0,0,0,0,0,0,2,0,Traffic Control Disregarded,Sedan,Unknown,,2021,11,Monday,0.0,Low
2024-11-28,05:33,40.75595,-73.99073,8 AVE,0.0,0,0,0,0,0,0,0,Driver Inattention/Distraction,Station Wagon/Sport Utility Vehicle,MANHATTAN,10018.0,2024,11,Thursday,0.0,Low
2023-11-02,13:45,40.725433,-73.95174399999999,NORMAN AVENUE,0.0,0,0,0,0,0,0,0,Passing Too Closely,Sedan,BROOKLYN,11222.0,2023,11,Thursday,0.0,Low
2024-03-24,04:50,40.677563,-73.93309,SCHENECTADY AVENUE,0.0,0,0,0,0,0,1,0,Traffic Control Disregarded,Station Wagon/Sport Utility Vehicle,Unknown,,2024,3,Sunday,0.0,Low
2025-12-30,16:18,40.70882,-74.00483,,0.0,0,0,0,0,0,0,0,Driver Inattention/Distraction,Sedan,MANHATTAN,10038.0,2025,12,Tuesday,0.0,Low
2023-02-22,10:25,40.844134999999994,-73.93751999999999,SAINT NICHOLAS AVENUE,0.0,0,0,0,1,0,0,0,Turning Improperly,Station Wagon/Sport Utility Vehicle,MANHATTAN,10032.0,2023,2,Wednesday,0.0,Low
2021-05-13,14:00,40.70983,-74.01468,WEST STREET,0.0,0,0,0,0,0,0,0,Unspecified,Sedan,MANHATTAN,10006.0,2021,5,Thursday,0.0,Low
2023-01-06,20:13,40.846066,-73.881516,HONEYWELL AVENUE,0.0,0,0,0,0,0,0,0,Pedestrian/Bicyclist/Other Pedestrian Error/Confusion,Sedan,Unknown,,2023,1,Friday,0.0,Low
2023-05-04,12:41,40.822838,-73.928764,RIVER AVENUE,0.0,0,0,0,0,0,0,0,Failure to Yield Right-of-Way,Sedan,Unknown,,2023,5,Thursday,0.0,Low
2022-12-15,07:03,40.757973,-73.98554,WEST 45 STREET,0.0,0,0,0,0,0,0,0,Following Too Closely,Sedan,MANHATTAN,10036.0,2022,12,Thursday,0.0,Low
2024-03-21,19:58,40.67973,-73.76162,FARMERS BOULEVARD,0.0,0,0,0,0,0,1,0,Traffic Control Disregarded,Station Wagon/Sport Utility Vehicle,Unknown,,2024,3,Thursday,0.0,Low
2022-12-06,17:15,40.819878,-73.85777,SEWARD AVENUE,0.0,0,0,0,0,0,0,0,Unspecified,Sedan,BRONX,10473.0,2022,12,Tuesday,0.0,Low
2023-08-13,21:00,40.69242,-73.85151,88 AVENUE,0.0,0,0,0,0,0,0,0,Unspecified,Sedan,QUEENS,11421.0,2023,8,Sunday,0.0,Low
2024-08-16,10:50,40.75764,-73.990746,,0.0,0,1,0,0,0,0,0,Failure to Yield Right-of-Way,Sedan,MANHATTAN,10036.0,2024,8,Friday,0.0,Low
2021-06-30,22:30,40.677765,-73.90791999999999,,0.0,0,0,0,0,0,0,0,Driver Inattention/Distraction,Station Wagon/Sport Utility Vehicle,BROOKLYN,11233.0,2021,6,Wednesday,0.0,Low
2023-06-08,09:50,40.698452,-73.92175999999999,MYRTLE AVENUE,0.0,0,1,0,0,0,0,0,Unspecified,Station Wagon/Sport Utility Vehicle,Unknown,,2023,6,Thursday,0.0,Low
2023-05-09,23:27,40.683956,-73.98956,HOYT STREET,0.0,0,0,0,0,0,1,0,Traffic Control Disregarded,scooter,BROOKLYN,11201.0,2023,5,Tuesday,0.0,Low
2024-06-20,13:35,40.767117,-73.956505,1 AVENUE,0.0,0,0,0,0,0,0,0,Driver Inattention/Distraction,Station Wagon/Sport Utility Vehicle,MANHATTAN,10021.0,2024,6,Thursday,0.0,Low
2024-03-02,13:30,40.67285,-73.97339000000001,8 AVENUE,0.0,0,0,0,0,0,0,0,Passing Too Closely,Sedan,BROOKLYN,11215.0,2024,3,Saturday,0.0,Low
2025-07-02,12:00,40.70345,-73.93405,,0.0,0,0,0,0,0,0,0,Reaction to Uninvolved Vehicle,Station Wagon/Sport Utility Vehicle,BROOKLYN,11206.0,2025,7,Wednesday,0.0,Low
2023-01-10,15:30,40.680797999999996,-73.958405,CLASSON AVENUE,0.0,0,0,0,0,0,0,0,Failure to Yield Right-of-Way,Sedan,BROOKLYN,11238.0,2023,1,Tuesday,0.0,Low
2021-02-20,06:28,40.788795,-73.93755,FDR DRIVE                       ,0.0,0,0,0,0,0,1,0,Following Too Closely,Station Wagon/Sport Utility Vehicle,Unknown,,2021,2,Saturday,0.0,Low
2025-05-27,10:47,40.67708,-73.97369,7 AVE,0.0,0,2,0,0,0,0,0,Failure to Yield Right-of-Way,Sedan,BROOKLYN,11217.0,2025,5,Tuesday,0.0,Low
2021-10-24,11:00,40.6686054,-73.7504353,225 STREET,0.0,0,0,0,0,0,0,0,Unspecified,Station Wagon/Sport Utility Vehicle,QUEENS,11413.0,2021,10,Sunday,0.0,Low
2025-05-01,18:00,40.75331,-73.82738,MAIN ST,0.0,0,1,0,0,0,0,0,Turning Improperly,Sedan,QUEENS,11355.0,2025,5,Thursday,0.0,Low
2021-10-21,16:27,40.6252821,-73.9604671,AVENUE J,0.0,0,0,0,1,0,0,0,Driver Inattention/Distraction,Station Wagon/Sport Utility Vehicle,BROOKLYN,11230.0,2021,10,Thursday,0.0,Low
2022-01-01,21:17,40.78503,-73.94058000000001,FDR DRIVE,0.0,0,0,0,0,0,0,0,Passing Too Closely,Station Wagon/Sport Utility Vehicle,Unknown,,2022,1,Saturday,0.0,Low
2024-01-24,03:50,40.61088,-74.10056,,0.0,0,0,0,0,0,0,0,Passing Too Closely,Sedan,STATEN ISLAND,10301.0,2024,1,Wednesday,0.0,Low
2021-12-06,11:30,40.579803000000005,-73.97184,NEPTUNE AVENUE,0.0,0,0,0,0,0,0,0,Driver Inattention/Distraction,Sedan,Unknown,,2021,12,Monday,0.0,Low
2025-11-06,14:30,40.842335,-73.93109,HARLEM RIVER DRIVE,0.0,0,0,0,0,0,0,0,Following Too Closely,Station Wagon/Sport Utility Vehicle,Unknown,,2025,11,Thursday,0.0,Low
2021-05-12,16:55,40.64608,-73.92296999999999,,0.0,0,0,0,0,0,0,0,Unspecified,Sedan,BROOKLYN,11203.0,2021,5,Wednesday,0.0,Low
2026-03-17,06:04,40.8444,-73.90159,CROSS BRONX EXPY,0.0,0,0,0,0,0,1,0,Unsafe Speed,Sedan,Unknown,,2026,3,Tuesday,0.0,Low
2023-02-22,07:00,40.67563,-74.00350999999999,HENRY STREET,0.0,0,0,0,0,0,0,0,Driver Inattention/Distraction,Sedan,BROOKLYN,11231.0,2023,2,Wednesday,0.0,Low
2021-08-25,18:55,40.728363,-74.00282,WEST HOUSTON STREET,0.0,0,0,0,0,0,0,0,Driver Inattention/Distraction,Sedan,Unknown,,2021,8,Wednesday,0.0,Low
2025-12-27,08:00,40.608826,-73.974434,,0.0,0,0,0,0,0,0,0,Pavement Slippery,Station Wagon/Sport Utility Vehicle,BROOKLYN,11204.0,2025,12,Saturday,0.0,Low
2024-07-28,22:50,40.827595,-73.85004,CASTLE HILL AVENUE,0.0,0,0,0,0,0,0,0,Unspecified,Sedan,Unknown,,2024,7,Sunday,0.0,Low
2022-01-12,22:11,40.850468,-73.844765,EASTCHESTER ROAD,0.0,0,0,0,0,0,0,0,Unspecified,Sedan,BRONX,10461.0,2022,1,Wednesday,0.0,Low
2024-07-14,00:00,40.725629999999995,-73.8407,69 ROAD,0.0,0,0,0,0,0,0,0,Unspecified,Station Wagon/Sport Utility Vehicle,QUEENS,11375.0,2024,7,Sunday,0.0,Low
2022-11-26,16:00,40.68063,-73.827934,,0.0,0,0,0,0,0,0,0,Passing or Lane Usage Improper,Station Wagon/Sport Utility Vehicle,QUEENS,11420.0,2022,11,Saturday,0.0,Low
2021-05-21,17:35,40.760290000000005,-73.98016,,0.0,0,0,0,0,0,0,0,Failure to Yield Right-of-Way,Sedan,MANHATTAN,10020.0,2021,5,Friday,0.0,Low
2026-11-03,11:33,40.626465,-73.94972,AVENUE J,0.0,0,0,0,0,0,1,0,Following Too Closely,Station Wagon/Sport Utility Vehicle,BROOKLYN,11210.0,2026,11,Tuesday,0.0,Low
2025-05-22,09:05,40.765274,-73.952126,E 71 ST,0.0,0,0,0,0,0,1,0,Driver Inattention/Distraction,Station Wagon/Sport Utility Vehicle,MANHATTAN,10021.0,2025,5,Thursday,0.0,Low
2024-03-11,13:44,40.769005,-73.99235,W 55 ST,0.0,0,0,0,0,0,3,0,Unspecified,Sedan,MANHATTAN,10019.0,2024,3,Monday,0.0,Low
2025-05-23,20:50,40.855553,-73.887566,E 187 ST,0.0,0,0,0,0,0,0,0,Passing Too Closely,Station Wagon/Sport Utility Vehicle,BRONX,10458.0,2025,5,Friday,0.0,Low
2021-01-09,08:30,40.702335,-73.95061,,0.0,0,2,0,0,0,0,0,Traffic Control Disregarded,Unknown,BROOKLYN,11206.0,2021,1,Saturday,0.0,Low
2024-01-07,19:30,40.763363,-73.95925,1 AVENUE,0.0,0,0,0,0,0,0,0,Driver Inattention/Distraction,Sedan,MANHATTAN,10065.0,2024,1,Sunday,0.0,Low
2021-07-31,00:35,40.750946,-73.87051,,0.0,0,0,0,0,0,0,0,Driver Inattention/Distraction,Sedan,QUEENS,11368.0,2021,7,Saturday,0.0,Low
2023-03-22,15:15,40.866023999999996,-73.92588,BROADWAY,0.0,0,0,0,1,0,0,0,Turning Improperly,Sedan,MANHATTAN,10034.0,2023,3,Wednesday,0.0,Low
2022-05-08,14:15,40.698463000000004,-73.960205,KENT AVENUE,0.0,0,0,0,0,0,0,0,View Obstructed/Limited,Sedan,BROOKLYN,11205.0,2022,5,Sunday,0.0,Low
2023-05-22,00:41,40.633144,-73.92356,EAST 55 STREET,0.0,0,0,0,0,0,0,0,Failure to Yield Right-of-Way,Sedan,BROOKLYN,11234.0,2023,5,Monday,0.0,Low
2024-09-27,00:00,40.611427,-74.116844,REON AVENUE,0.0,0,1,0,0,0,0,0,Driver Inattention/Distraction,Unknown,STATEN ISLAND,10314.0,2024,9,Friday,0.0,Low
2024-01-19,19:45,40.652590000000004,-73.95055,,0.0,0,0,0,0,0,0,0,Passing or Lane Usage Improper,Sedan,BROOKLYN,11226.0,2024,1,Friday,0.0,Low
2025-03-21,07:20,0.0,0.0,,0.0,0,0,0,1,0,0,0,Pedestrian/Bicyclist/Other Pedestrian Error/Confusion,Bus,MANHATTAN,10035.0,2025,3,Friday,0.0,Low
2026-02-02,11:00,40.68675,-73.93835,,0.0,0,0,0,0,0,0,0,Unspecified,Sedan,BROOKLYN,11221.0,2026,2,Monday,0.0,Low
2025-10-03,16:00,40.644814000000004,-73.97464000000001,CHURCH AVENUE,0.0,0,0,0,0,0,0,0,Failure to Yield Right-of-Way,Station Wagon/Sport Utility Vehicle,Unknown,,2025,10,Friday,0.0,Low
2024-09-25,08:14,40.626217,-74.15783,FOREST AVENUE,0.0,0,0,0,0,0,0,0,Unspecified,Station Wagon/Sport Utility Vehicle,Unknown,,2024,9,Wednesday,0.0,Low
2024-11-24,11:06,40.66555,-73.95369000000001,MONTGOMERY ST,0.0,0,0,0,0,0,0,0,Driver Inattention/Distraction,Station Wagon/Sport Utility Vehicle,BROOKLYN,11225.0,2024,11,Sunday,0.0,Low
2023-03-05,15:25,40.71537,-73.95823,DRIGGS AVENUE,0.0,0,0,0,0,0,0,0,Passing or Lane Usage Improper,Station Wagon/Sport Utility Vehicle,BROOKLYN,11211.0,2023,3,Sunday,0.0,Low
2025-09-08,20:24,40.629509999999996,-73.94415,FLATBUSH AVE,0.0,0,0,0,0,0,0,0,Alcohol Involvement,Sedan,BROOKLYN,11210.0,2025,9,Monday,0.0,Low
2023-07-05,20:07,40.816906,-73.84755,LACOMBE AVENUE,0.0,0,0,0,0,0,0,0,Driver Inattention/Distraction,Station Wagon/Sport Utility Vehicle,BRONX,10473.0,2023,7,Wednesday,0.0,Low
2025-02-20,13:50,40.75855,-73.829636,KISSENA BLVD,0.0,0,1,0,0,0,0,0,Unspecified,Motorcycle,QUEENS,11355.0,2025,2,Thursday,0.0,Low
2021-07-01,12:14,40.823303,-73.88708000000001,WHITLOCK AVENUE                 ,0.0,0,0,0,0,0,1,0,Following Too Closely,Sedan,BRONX,10459.0,2021,7,Thursday,0.0,Low
2023-06-14,10:08,40.682735,-73.97224399999999,,0.0,0,0,0,0,0,1,0,Driver Inattention/Distraction,Station Wagon/Sport Utility Vehicle,BROOKLYN,11217.0,2023,6,Wednesday,0.0,Low
2021-01-31,21:30,40.523956,-74.21568,AMBOY ROAD                      ,0.0,0,0,0,0,0,0,0,Pavement Slippery,Sedan,STATEN ISLAND,10309.0,2021,1,Sunday,0.0,Low
2024-06-30,05:00,40.578995,-73.96491,BRIGHTON 3 STREET,0.0,0,0,0,0,0,0,0,Unspecified,Station Wagon/Sport Utility Vehicle,BROOKLYN,11235.0,2024,6,Sunday,0.0,Low
2026-09-02,13:24,40.83245,-73.90388,,0.0,0,0,0,0,0,1,0,Driver Inexperience,Sedan,BRONX,10456.0,2026,9,Wednesday,0.0,Low
2024-12-25,19:00,40.756096,-73.74655,CROSS ISLAND PARKWAY,0.0,0,0,0,0,0,0,0,Driver Inattention/Distraction,Station Wagon/Sport Utility Vehicle,Unknown,,2024,12,Wednesday,0.0,Low
2025-02-09,03:14,40.813590000000005,-73.93143,EXTERIOR STREET,0.0,0,0,0,0,0,0,0,Oversized Vehicle,Sedan,BRONX,10451.0,2025,2,Sunday,0.0,Low
2022-11-14,18:01,40.877956,-73.846886,,0.0,0,0,0,0,0,0,0,Passing Too Closely,Station Wagon/Sport Utility Vehicle,BRONX,10469.0,2022,11,Monday,0.0,Low
2024-10-24,13:29,40.683502000000004,-73.91152,COOPER STREET,0.0,0,1,0,0,0,0,0,Driver Inattention/Distraction,Sedan,Unknown,,2024,10,Thursday,0.0,Low
2023-10-19,10:45,40.708572,-74.00498,,0.0,0,0,0,0,0,2,0,Passing Too Closely,Station Wagon/Sport Utility Vehicle,MANHATTAN,10038.0,2023,10,Thursday,0.0,Low
2026-07-03,04:00,40.676247,-73.90909599999999,ATLANTIC AVE,0.0,0,0,0,0,0,0,0,Turning Improperly,Sedan,BROOKLYN,11233.0,2026,7,Friday,0.0,Low
2024-11-28,18:42,40.67767,-73.80334,VAN WYCK EXPWY,0.0,0,0,0,0,0,0,0,Unspecified,Sedan,Unknown,,2024,11,Thursday,0.0,Low
2025-07-25,04:50,40.68268,-73.87416999999999,,0.0,0,0,0,0,0,0,0,Passing or Lane Usage Improper,Sedan,BROOKLYN,11208.0,2025,7,Friday,0.0,Low
2021-06-14,20:35,40.83489,-73.93776,WEST 162 STREET,0.0,0,2,0,0,0,0,0,Driver Inattention/Distraction,Station Wagon/Sport Utility Vehicle,MANHATTAN,10032.0,2021,6,Monday,0.0,Low
2022-07-20,17:20,40.77048,-73.983864,WEST 61 STREET,0.0,0,0,0,1,0,0,0,Obstruction/Debris,Sedan,MANHATTAN,10023.0,2022,7,Wednesday,0.0,Low
2023-11-21,19:35,40.756264,-73.823524,UNION STREET,0.0,0,1,0,0,0,0,0,Failure to Yield Right-of-Way,Unknown,QUEENS,11355.0,2023,11,Tuesday,0.0,Low
2021-09-21,11:56,40.62665,-74.08221999999999,GORDON STREET,0.0,0,0,0,0,0,1,0,Driver Inattention/Distraction,Sedan,STATEN ISLAND,10304.0,2021,9,Tuesday,0.0,Low
2022-05-19,19:17,40.748302,-73.97835,LEXINGTON AVENUE,0.0,0,0,0,0,0,1,0,Driver Inattention/Distraction,Sedan,MANHATTAN,10016.0,2022,5,Thursday,0.0,Low
2025-11-17,13:00,40.880894,-73.87872,,0.0,0,1,0,0,0,0,0,Unspecified,Sedan,BRONX,10467.0,2025,11,Monday,0.0,Low
2023-07-02,20:00,40.697309999999995,-73.98231,,0.0,0,0,0,0,0,0,0,Passing or Lane Usage Improper,Station Wagon/Sport Utility Vehicle,BROOKLYN,11201.0,2023,7,Sunday,0.0,Low
2024-11-20,13:54,40.750004,-73.89923,63 ST,0.0,0,1,0,0,0,0,0,Driver Inexperience,Unknown,QUEENS,11377.0,2024,11,Wednesday,0.0,Low
2022-05-28,14:00,40.613213,-74.13974,CASWELL AVENUE,0.0,0,0,0,0,0,2,0,Unsafe Speed,Station Wagon/Sport Utility Vehicle,Unknown,,2022,5,Saturday,0.0,Low
2024-11-03,03:15,40.701862,-73.94383,BROADWAY,0.0,0,0,0,0,0,0,0,Unsafe Speed,ROAD SWEEP,BROOKLYN,11206.0,2024,11,Sunday,0.0,Low
2021-12-11,13:00,40.70855,-73.78827,172 STREET,0.0,0,0,0,0,0,0,0,Unspecified,Station Wagon/Sport Utility Vehicle,Unknown,,2021,12,Saturday,0.0,Low
2026-01-20,11:13,40.808296,-73.94882,W 124 ST,0.0,0,0,0,0,0,1,0,Driver Inattention/Distraction,Sedan,MANHATTAN,10027.0,2026,1,Tuesday,0.0,Low
2021-06-29,19:40,40.672515999999995,-73.93356,PARK PLACE,0.0,0,0,0,0,0,0,0,Driver Inattention/Distraction,Sedan,BROOKLYN,11213.0,2021,6,Tuesday,0.0,Low
2021-01-09,19:40,40.661353999999996,-73.980576,,0.0,0,0,0,0,0,0,0,Failure to Yield Right-of-Way,Pick-up Truck,BROOKLYN,11215.0,2021,1,Saturday,0.0,Low
2022-02-12,14:20,40.702168,-73.7924,LIBERTY AVENUE,0.0,0,0,0,0,0,6,0,Following Too Closely,Sedan,QUEENS,11433.0,2022,2,Saturday,0.0,Low
2026-03-02,19:00,40.675335,-73.93608,BERGEN ST,0.0,0,0,0,0,0,1,0,Driver Inattention/Distraction,Station Wagon/Sport Utility Vehicle,Unknown,,2026,3,Monday,0.0,Low
2022-03-29,20:45,40.818844,-73.84940999999999,,0.0,0,0,0,0,0,0,0,Unspecified,Station Wagon/Sport Utility Vehicle,BRONX,10473.0,2022,3,Tuesday,0.0,Low
2025-01-18,04:20,40.72137,-73.99676,,0.0,0,0,0,0,0,0,0,Driver Inattention/Distraction,Dump,MANHATTAN,10012.0,2025,1,Saturday,0.0,Low
2022-11-17,02:02,40.61027,-74.097305,CLOVE ROAD,0.0,0,0,0,0,0,0,0,Steering Failure,Station Wagon/Sport Utility Vehicle,Unknown,,2022,11,Thursday,0.0,Low
2021-11-19,23:30,40.602905,-74.00003000000001,BENSON AVENUE,0.0,0,0,0,0,0,0,0,Driver Inattention/Distraction,Station Wagon/Sport Utility Vehicle,Unknown,,2021,11,Friday,0.0,Low
2024-10-04,08:49,40.63143,-74.08605,,0.0,0,1,0,0,0,0,0,Driver Inattention/Distraction,Sedan,STATEN ISLAND,10304.0,2024,10,Friday,0.0,Low
2025-11-01,04:10,40.67398,-73.89931,LIBERTY AVE,0.0,0,0,0,0,0,0,0,Driver Inattention/Distraction,Sedan,BROOKLYN,11207.0,2025,11,Saturday,0.0,Low
2024-10-07,05:30,40.775017,-73.91205,,0.0,0,0,0,0,0,0,0,Driver Inattention/Distraction,Pick-up Truck,QUEENS,11105.0,2024,10,Monday,0.0,Low
2023-09-09,10:30,40.748356,-74.00369,WEST 24 STREET,0.0,0,0,0,0,0,0,0,Passing Too Closely,Taxi,MANHATTAN,10011.0,2023,9,Saturday,0.0,Low
2021-03-08,16:49,40.718693,-73.87414,,0.0,0,0,0,0,0,1,0,Following Too Closely,Bus,QUEENS,11379.0,2021,3,Monday,0.0,Low
2023-06-10,16:00,40.713985,-73.73812,HEMPSTEAD AVENUE,0.0,0,0,0,0,0,1,0,Driver Inattention/Distraction,Station Wagon/Sport Utility Vehicle,QUEENS,11429.0,2023,6,Saturday,0.0,Low
2021-06-26,04:00,40.68888,-73.960014,LAFAYETTE AVENUE,0.0,0,0,0,0,0,0,0,Fell Asleep,Pick-up Truck,BROOKLYN,11205.0,2021,6,Saturday,0.0,Low
2023-03-15,10:58,40.72838,-73.9503,,0.0,0,0,0,0,0,0,0,Aggressive Driving/Road Rage,Sedan,BROOKLYN,11222.0,2023,3,Wednesday,0.0,Low
2024-12-29,00:00,40.753975,-73.9764,,0.0,0,0,0,0,0,0,0,Failure to Yield Right-of-Way,Sedan,MANHATTAN,10017.0,2024,12,Sunday,0.0,Low
2024-02-22,13:15,40.636627000000004,-73.94226,BROOKLYN AVENUE,0.0,0,0,0,0,0,0,0,Unspecified,AMBULANCE,BROOKLYN,11210.0,2024,2,Thursday,0.0,Low
2024-06-30,21:57,40.668507,-73.92560999999999,EASTERN PARKWAY,0.0,0,0,0,0,0,0,0,Unspecified,Sedan,BROOKLYN,11213.0,2024,6,Sunday,0.0,Low
2025-10-09,11:40,40.844635,-73.88724,MAPES AVE,0.0,0,0,0,0,0,0,0,Other Vehicular,Sedan,BRONX,10460.0,2025,10,Thursday,0.0,Low
2022-06-19,05:31,40.67693,-74.00211,BROOKLYN QUEENS EXPRESSWAY,0.0,0,0,0,0,0,0,0,Unspecified,Sedan,Unknown,,2022,6,Sunday,0.0,Low
2021-02-21,14:16,40.76082,-73.88729000000001,,0.0,0,0,0,0,0,0,0,Driver Inattention/Distraction,Sedan,QUEENS,11370.0,2021,2,Sunday,0.0,Low
2022-09-24,09:50,40.627068,-74.16509,,0.0,0,0,0,0,0,0,0,Unspecified,Station Wagon/Sport Utility Vehicle,Unknown,,2022,9,Saturday,0.0,Low
2024-02-17,11:16,40.710175,-74.001144,PEARL STREET,0.0,0,0,0,0,0,1,0,Driver Inexperience,Station Wagon/Sport Utility Vehicle,MANHATTAN,10038.0,2024,2,Saturday,0.0,Low
2023-10-19,16:56,40.643738,-74.01863,3 AVENUE,0.0,0,1,0,0,0,0,0,Unknown,Unknown,BROOKLYN,11220.0,2023,10,Thursday,0.0,Low
2022-03-14,10:45,40.715736,-73.910515,NURGE AVENUE,0.0,0,0,0,0,0,0,0,Driver Inattention/Distraction,Tractor Truck Diesel,QUEENS,11378.0,2022,3,Monday,0.0,Low
2024-07-02,16:30,40.66618,-73.74059,LAURELTON PARKWAY,0.0,0,0,0,0,0,0,0,Unsafe Lane Changing,Sedan,Unknown,,2024,7,Tuesday,0.0,Low
2025-11-13,16:00,40.607098,-74.06099,BAY ST,0.0,0,1,0,0,0,0,0,Failure to Yield Right-of-Way,Station Wagon/Sport Utility Vehicle,STATEN ISLAND,10305.0,2025,11,Thursday,0.0,Low
2023-06-10,17:27,40.72145,-73.84399,QUEENS BOULEVARD,0.0,0,0,0,1,0,2,0,Other Vehicular,Sedan,QUEENS,11375.0,2023,6,Saturday,0.0,Low
2026-07-03,00:36,40.745304,-73.89018,75 ST,0.0,0,0,0,0,0,0,0,Aggressive Driving/Road Rage,Sedan,QUEENS,11373.0,2026,7,Friday,0.0,Low
2023-06-08,22:35,40.646744,-73.95269,VERONICA PLACE,0.0,0,1,0,0,0,0,0,Unspecified,Unknown,BROOKLYN,11226.0,2023,6,Thursday,0.0,Low
2022-05-30,05:15,40.742863,-74.003975,WEST 17 STREET,0.0,0,0,0,0,0,0,0,Failure to Yield Right-of-Way,Station Wagon/Sport Utility Vehicle,MANHATTAN,10011.0,2022,5,Monday,0.0,Low
2025-09-09,16:30,40.649741999999996,-73.97553,PROSPECT EXPY,0.0,0,0,0,0,0,0,0,Unspecified,Station Wagon/Sport Utility Vehicle,Unknown,,2025,9,Tuesday,0.0,Low
2026-12-02,15:52,40.67326,-73.930695,PROSPECT PL,0.0,0,0,0,0,0,0,0,Passing or Lane Usage Improper,Bus,Unknown,,2026,12,Wednesday,0.0,Low
2025-02-10,15:00,40.64059,-73.954285,BEDFORD AVE,0.0,0,0,0,1,0,0,0,Unspecified,Sedan,BROOKLYN,11226.0,2025,2,Monday,0.0,Low
2025-07-11,01:18,0.0,0.0,,0.0,0,0,0,0,0,0,0,Unspecified,Sedan,QUEENS,11102.0,2025,7,Friday,0.0,Low
2023-07-25,11:48,40.63552,-74.0167,65 STREET,0.0,0,0,0,0,0,0,0,Following Too Closely,Sedan,Unknown,,2023,7,Tuesday,0.0,Low
2024-01-25,19:26,40.863735,-73.90912,,0.0,0,0,0,0,0,0,0,Unspecified,Sedan,BRONX,10468.0,2024,1,Thursday,0.0,Low
2022-01-21,20:39,40.703247,-73.90844,SENECA AVENUE,0.0,0,0,0,0,0,1,0,View Obstructed/Limited,Sedan,QUEENS,11385.0,2022,1,Friday,0.0,Low
2025-09-09,18:22,40.795947999999996,-73.812996,151 ST,0.0,0,0,0,0,0,0,0,Unspecified,Sedan,QUEENS,11357.0,2025,9,Tuesday,0.0,Low
2022-05-21,00:45,40.608222999999995,-74.1294,STATEN ISLAND EXPRESSWAY,0.0,0,0,0,0,0,0,0,Alcohol Involvement,Sedan,Unknown,,2022,5,Saturday,0.0,Low
2025-10-14,09:00,40.593334000000006,-73.75916,,0.0,0,0,0,0,0,0,0,Failure to Yield Right-of-Way,Sedan,QUEENS,11691.0,2025,10,Tuesday,0.0,Low
2023-10-10,07:59,40.647762,-73.97466,OCEAN PARKWAY,0.0,0,0,0,0,0,1,0,Driver Inattention/Distraction,Station Wagon/Sport Utility Vehicle,Unknown,,2023,10,Tuesday,0.0,Low
2021-11-16,08:00,40.872276,-73.86316,,0.0,0,0,0,0,0,0,0,Driver Inattention/Distraction,Sedan,BRONX,10467.0,2021,11,Tuesday,0.0,Low
2022-08-03,16:45,40.713253,-73.97759,FDR DRIVE,0.0,0,0,0,0,0,0,0,Driver Inattention/Distraction,Sedan,MANHATTAN,10002.0,2022,8,Wednesday,0.0,Low
2025-05-26,20:32,40.546065999999996,-74.160446,,0.0,0,0,0,0,0,0,0,Backing Unsafely,Sedan,STATEN ISLAND,10312.0,2025,5,Monday,0.0,Low
2024-02-25,15:45,40.871117,-73.87683,WEBSTER AVENUE,0.0,0,0,0,0,0,0,0,Following Too Closely,Station Wagon/Sport Utility Vehicle,BRONX,10467.0,2024,2,Sunday,0.0,Low
2023-02-27,10:50,40.725516999999996,-73.94544,NASSAU AVENUE,0.0,0,0,0,0,0,0,0,Backing Unsafely,Sedan,BROOKLYN,11222.0,2023,2,Monday,0.0,Low
2022-06-02,00:00,40.692253,-73.86341,,0.0,0,0,0,0,0,0,0,Steering Failure,Sedan,QUEENS,11421.0,2022,6,Thursday,0.0,Low
2021-08-06,17:21,40.699040000000004,-73.95655,,0.0,0,0,0,1,0,0,0,View Obstructed/Limited,Station Wagon/Sport Utility Vehicle,BROOKLYN,11205.0,2021,8,Friday,0.0,Low
2024-05-30,09:15,40.71716,-73.80341,,0.0,0,0,0,0,0,0,0,Driver Inattention/Distraction,Taxi,QUEENS,11432.0,2024,5,Thursday,0.0,Low
2021-04-22,17:50,40.741364000000004,-73.92096,GREENPOINT AVENUE,0.0,0,0,0,0,0,0,0,Driver Inattention/Distraction,E-Bike,QUEENS,11104.0,2021,4,Thursday,0.0,Low
2021-07-13,19:00,40.831623,-73.95071999999999,HENRY HUDSON PARKWAY,0.0,0,0,0,0,0,1,0,Unspecified,Sedan,Unknown,,2021,7,Tuesday,0.0,Low
2025-01-11,07:30,40.758175,-73.92406,34 AVE,0.0,0,0,0,0,0,0,0,Unspecified,Station Wagon/Sport Utility Vehicle,QUEENS,11106.0,2025,1,Saturday,0.0,Low
2022-06-26,00:30,40.717804,-73.83411,113 STREET,0.0,0,0,0,0,0,0,0,Passing or Lane Usage Improper,Sedan,QUEENS,11375.0,2022,6,Sunday,0.0,Low
2023-02-27,08:52,40.609695,-74.02479,7 AVENUE,0.0,0,0,0,0,0,0,0,Driver Inattention/Distraction,Station Wagon/Sport Utility Vehicle,Unknown,,2023,2,Monday,0.0,Low
2023-01-12,22:30,40.827675,-73.88998000000001,,0.0,0,0,0,0,0,0,0,Unspecified,Sedan,BRONX,10459.0,2023,1,Thursday,0.0,Low
2021-12-13,08:50,40.655421999999994,-73.95007,NOSTRAND AVENUE,0.0,0,0,0,0,0,0,0,Turning Improperly,Bus,BROOKLYN,11226.0,2021,12,Monday,0.0,Low
2021-05-26,18:43,40.646640000000005,-73.9246,BEVERLEY ROAD,0.0,0,0,0,0,0,4,0,Driver Inattention/Distraction,Sedan,BROOKLYN,11203.0,2021,5,Wednesday,0.0,Low
2024-05-10,04:16,40.882782,-73.86584,,0.0,0,0,0,0,0,0,0,Passing or Lane Usage Improper,Sedan,BRONX,10467.0,2024,5,Friday,0.0,Low
2025-10-21,15:20,40.818798,-73.89211999999999,BRUCKNER BLVD,0.0,0,0,0,0,0,2,0,Unspecified,Sedan,BRONX,10459.0,2025,10,Tuesday,0.0,Low
2021-12-20,20:34,40.696125,-73.936195,,0.0,0,0,0,0,0,0,0,Driver Inattention/Distraction,Station Wagon/Sport Utility Vehicle,BROOKLYN,11206.0,2021,12,Monday,0.0,Low
2022-06-17,10:40,40.831974,-73.9235,EAST 165 STREET,0.0,0,0,0,0,0,0,0,Obstruction/Debris,Station Wagon/Sport Utility Vehicle,BRONX,10452.0,2022,6,Friday,0.0,Low
2026-03-16,11:32,40.818363,-73.85125,,0.0,0,0,0,0,0,0,0,Other Vehicular,Sedan,BRONX,10473.0,2026,3,Monday,0.0,Low
2023-05-27,08:52,40.626225,-74.014084,,0.0,0,0,0,0,0,0,0,Failure to Yield Right-of-Way,Station Wagon/Sport Utility Vehicle,BROOKLYN,11228.0,2023,5,Saturday,0.0,Low
2023-08-14,22:20,40.667576000000004,-73.74013000000001,,0.0,0,0,0,0,0,0,0,Driver Inattention/Distraction,Station Wagon/Sport Utility Vehicle,QUEENS,11422.0,2023,8,Monday,0.0,Low
2024-08-29,10:15,40.640335,-74.014496,,0.0,0,0,0,0,0,0,0,Unspecified,Station Wagon/Sport Utility Vehicle,BROOKLYN,11220.0,2024,8,Thursday,0.0,Low
2024-11-22,12:52,40.815357,-73.93813,,0.0,0,0,0,0,0,0,0,Backing Unsafely,Sedan,MANHATTAN,10037.0,2024,11,Friday,0.0,Low
2021-05-20,13:30,40.681156,-73.97615,,0.0,0,0,0,1,0,0,0,Following Too Closely,Station Wagon/Sport Utility Vehicle,BROOKLYN,11217.0,2021,5,Thursday,0.0,Low
2023-01-16,00:18,40.703228,-73.727165,CROSS ISLAND PARKWAY,0.0,0,0,0,0,0,0,0,Driver Inattention/Distraction,Sedan,Unknown,,2023,1,Monday,0.0,Low
2023-06-29,15:00,40.762093,-73.75690999999999,CROSS ISLAND PARKWAY,0.0,0,0,0,0,0,0,0,Unsafe Speed,Sedan,Unknown,,2023,6,Thursday,0.0,Low
2022-04-28,14:42,40.684525,-73.991,,0.0,0,0,0,0,0,0,0,Passing Too Closely,Sedan,BROOKLYN,11201.0,2022,4,Thursday,0.0,Low
2023-09-30,20:30,40.613155,-74.0234,,0.0,0,0,0,0,0,0,0,Other Vehicular,Sedan,BROOKLYN,11228.0,2023,9,Saturday,0.0,Low
2022-05-10,08:40,40.70579,-74.003876,JOHN STREET,0.0,0,0,0,0,0,0,0,Driver Inexperience,Sedan,Unknown,,2022,5,Tuesday,0.0,Low
2025-08-12,14:15,40.797947,-73.940025,E 116 ST,0.0,0,0,0,0,0,3,0,Other Vehicular,Pick-up Truck,MANHATTAN,10029.0,2025,8,Tuesday,0.0,Low
2021-02-15,16:00,40.829945,-73.93005,WOODYCREST AVENUE               ,0.0,0,0,0,0,0,0,0,Driver Inattention/Distraction,Station Wagon/Sport Utility Vehicle,Unknown,,2021,2,Monday,0.0,Low
2025-02-08,00:00,40.6796,-73.925125,,0.0,0,0,0,0,0,0,0,Driver Inattention/Distraction,Station Wagon/Sport Utility Vehicle,BROOKLYN,11233.0,2025,2,Saturday,0.0,Low
2023-03-22,16:20,40.75338,-73.88401999999999,,0.0,0,0,0,0,0,1,0,Driver Inattention/Distraction,Pick-up Truck,QUEENS,11372.0,2023,3,Wednesday,0.0,Low
2023-05-18,07:16,40.644529999999996,-73.94599000000001,CORTELYOU ROAD,0.0,0,1,0,0,0,0,0,Unspecified,Pick-up Truck,BROOKLYN,11226.0,2023,5,Thursday,0.0,Low
2022-06-20,19:28,40.69423,-73.94608000000001,WILLOUGHBY AVENUE,0.0,0,0,0,0,0,0,0,Driver Inattention/Distraction,Sedan,Unknown,,2022,6,Monday,0.0,Low
2023-06-21,02:40,40.76422,-73.98099,7 AVENUE,0.0,0,0,0,0,0,0,0,Other Vehicular,Station Wagon/Sport Utility Vehicle,Unknown,,2023,6,Wednesday,0.0,Low
2023-11-08,02:37,40.691193,-73.99776999999999,ATLANTIC AVENUE,0.0,0,0,0,0,0,0,0,Failure to Yield Right-of-Way,Pick-up Truck,Unknown,,2023,11,Wednesday,0.0,Low
2025-11-27,23:51,40.684696,-73.77676,,0.0,0,0,0,0,0,0,0,Turning Improperly,Sedan,QUEENS,11434.0,2025,11,Thursday,0.0,Low
2024-11-18,12:00,40.742256,-73.86551999999999,,0.0,0,0,0,0,0,0,0,Driver Inattention/Distraction,Station Wagon/Sport Utility Vehicle,QUEENS,11368.0,2024,11,Monday,0.0,Low
2022-05-16,18:10,40.83,-73.93173,SEDGWICK AVENUE,0.0,0,0,0,0,0,3,0,Driver Inattention/Distraction,Station Wagon/Sport Utility Vehicle,BRONX,10452.0,2022,5,Monday,0.0,Low
2023-09-07,14:50,40.72697,-73.98575,EAST 7 STREET,0.0,0,1,0,0,0,0,0,Failure to Yield Right-of-Way,E-Bike,Unknown,,2023,9,Thursday,0.0,Low
2022-01-20,14:30,40.679565000000004,-73.93436,FULTON STREET,0.0,0,0,0,0,0,0,0,Oversized Vehicle,Bus,Unknown,,2022,1,Thursday,0.0,Low
2024-12-20,06:58,40.604786,-74.08446500000001,CLOVE RD,0.0,0,0,0,0,0,1,0,Driver Inattention/Distraction,Station Wagon/Sport Utility Vehicle,STATEN ISLAND,10304.0,2024,12,Friday,0.0,Low
2022-01-14,18:09,40.592724,-73.798386,,0.0,0,1,0,0,0,0,0,Driver Inattention/Distraction,Station Wagon/Sport Utility Vehicle,QUEENS,11692.0,2022,1,Friday,0.0,Low
2025-04-22,09:24,40.616795,-73.92371999999999,E 53 ST,0.0,0,0,0,0,0,0,0,Traffic Control Disregarded,Station Wagon/Sport Utility Vehicle,BROOKLYN,11234.0,2025,4,Tuesday,0.0,Low
2026-12-03,19:00,40.688087,-73.87668000000001,JAMAICA AVE,0.0,0,0,0,0,0,0,0,Unspecified,Station Wagon/Sport Utility Vehicle,BROOKLYN,11208.0,2026,12,Thursday,0.0,Low
2022-08-15,20:38,40.730194,-73.77758,193 STREET,0.0,0,0,0,0,0,2,0,Unspecified,Sedan,QUEENS,11423.0,2022,8,Monday,0.0,Low
2023-01-03,16:41,40.60915,-73.96996999999999,AVENUE P,0.0,0,0,0,0,0,0,0,Unspecified,Box Truck,BROOKLYN,11223.0,2023,1,Tuesday,0.0,Low
2023-12-03,17:26,40.675213,-73.7378,MERRICK BOULEVARD,0.0,0,0,0,1,0,0,0,Failure to Yield Right-of-Way,Station Wagon/Sport Utility Vehicle,Unknown,,2023,12,Sunday,0.0,Low
2023-09-20,09:20,40.662296000000005,-73.98874,PROSPECT EXPRESSWAY EAST,0.0,0,0,0,0,0,0,0,Failure to Yield Right-of-Way,Station Wagon/Sport Utility Vehicle,Unknown,,2023,9,Wednesday,0.0,Low
2022-10-09,13:30,40.766693,-73.98494000000001,,0.0,0,0,0,0,0,0,0,Unspecified,Sedan,MANHATTAN,10019.0,2022,10,Sunday,0.0,Low
2025-12-31,02:19,40.693787,-73.80159,,0.0,0,0,0,0,0,0,0,Driver Inattention/Distraction,Pick-up Truck,QUEENS,11435.0,2025,12,Wednesday,0.0,Low
2022-06-16,00:30,40.754985999999995,-73.74535,CROSS ISLAND PARKWAY,0.0,0,0,0,0,0,1,0,Obstruction/Debris,Sedan,Unknown,,2022,6,Thursday,0.0,Low
2025-09-17,13:53,40.680527000000005,-73.76329,MERRICK BLVD,0.0,0,0,0,0,0,0,0,Unspecified,Station Wagon/Sport Utility Vehicle,QUEENS,11434.0,2025,9,Wednesday,0.0,Low
2026-02-20,22:20,40.77872,-73.9893,HENRY HUDSON PARKWAY,0.0,0,0,0,0,0,0,0,Unspecified,Sedan,Unknown,,2026,2,Friday,0.0,Low
2023-03-31,19:05,40.833088000000004,-73.91904,,0.0,0,0,0,0,0,0,0,View Obstructed/Limited,Sedan,Unknown,,2023,3,Friday,0.0,Low
2021-06-30,14:05,40.75819,-73.82318000000001,SANFORD AVENUE,0.0,0,2,0,0,0,0,0,Failure to Yield Right-of-Way,Sedan,QUEENS,11355.0,2021,6,Wednesday,0.0,Low
2022-06-23,13:28,40.835583,-73.85207,,0.0,0,0,0,0,0,0,0,Failure to Yield Right-of-Way,Station Wagon/Sport Utility Vehicle,BRONX,10462.0,2022,6,Thursday,0.0,Low
2023-01-09,09:25,40.606358,-74.120926,MANOR ROAD,0.0,0,0,0,0,0,0,0,Unspecified,Station Wagon/Sport Utility Vehicle,Unknown,,2023,1,Monday,0.0,Low
2021-07-10,19:00,40.7376736,-74.0017682,GREENWICH AVENUE,0.0,0,1,0,0,0,0,0,Unspecified,Sedan,Unknown,,2021,7,Saturday,0.0,Low
2025-02-09,23:28,40.720703,-73.741104,216 ST,0.0,0,0,0,0,0,1,0,Driver Inattention/Distraction,Sedan,QUEENS,11428.0,2025,2,Sunday,0.0,Low
2024-06-27,21:30,40.820503,-73.81273,CROSS BRONX EXPY,0.0,0,0,0,0,0,0,0,Obstruction/Debris,Station Wagon/Sport Utility Vehicle,Unknown,,2024,6,Thursday,0.0,Low
2025-04-19,21:10,40.696,-73.967415,WASHINGTON AVE,0.0,0,0,0,0,0,1,0,Other Vehicular,MOPED,Unknown,,2025,4,Saturday,0.0,Low
2025-12-03,11:05,40.756035,-73.986946,W 42 ST,0.0,0,0,0,1,0,0,0,Traffic Control Disregarded,Station Wagon/Sport Utility Vehicle,MANHATTAN,10036.0,2025,12,Wednesday,0.0,Low
2024-08-22,17:20,40.70621,-73.93960600000001,BUSHWICK AVENUE,0.0,0,0,0,0,0,6,0,Unspecified,Sedan,BROOKLYN,11206.0,2024,8,Thursday,0.0,Low
2025-05-28,18:00,40.69279,-73.95205,HART ST,0.0,0,0,0,0,0,0,0,Driver Inattention/Distraction,Station Wagon/Sport Utility Vehicle,BROOKLYN,11205.0,2025,5,Wednesday,0.0,Low
2023-06-03,00:00,40.62307,-74.149315,,0.0,0,0,0,0,0,0,0,Aggressive Driving/Road Rage,Sedan,Unknown,,2023,6,Saturday,0.0,Low
2021-09-08,15:17,40.727092999999996,-73.99155999999999,BOWERY,0.0,0,0,0,1,0,0,0,Driver Inattention/Distraction,Station Wagon/Sport Utility Vehicle,MANHATTAN,10012.0,2021,9,Wednesday,0.0,Low
2025-09-20,11:15,40.744465000000005,-73.77179,CLEARVIEW EXPRESSWAY,0.0,0,0,0,0,0,0,0,Driver Inattention/Distraction,Station Wagon/Sport Utility Vehicle,Unknown,,2025,9,Saturday,0.0,Low
2023-08-21,14:40,40.770313,-73.99141,WEST 57 STREET,0.0,0,0,0,0,0,0,0,Unspecified,Sedan,MANHATTAN,10019.0,2023,8,Monday,0.0,Low
2022-10-15,03:20,40.702847,-73.93353,FLUSHING AVENUE,0.0,0,0,0,0,0,1,0,Following Too Closely,Sedan,BROOKLYN,11206.0,2022,10,Saturday,0.0,Low
2021-08-16,20:53,40.64188,-73.894684,AVENUE K,0.0,0,0,0,1,0,0,0,Failure to Yield Right-of-Way,Sedan,BROOKLYN,11236.0,2021,8,Monday,0.0,Low
2024-07-11,23:26,40.84474,-73.922585,CROSS BRONX EXPY,0.0,0,0,0,0,0,2,0,Unspecified,Sedan,Unknown,,2024,7,Thursday,0.0,Low
2022-02-26,09:06,40.725433,-73.95174399999999,MANHATTAN AVENUE,0.0,0,0,0,0,0,0,0,Passing Too Closely,Station Wagon/Sport Utility Vehicle,BROOKLYN,11222.0,2022,2,Saturday,0.0,Low
2023-12-13,18:15,40.56709,-74.12167,TYSENS LANE,0.0,0,0,0,0,0,0,0,Unspecified,Station Wagon/Sport Utility Vehicle,STATEN ISLAND,10306.0,2023,12,Wednesday,0.0,Low
2021-12-13,15:00,40.740364,-73.89972,65 PLACE,0.0,0,0,0,0,0,0,0,Unspecified,Pick-up Truck,Unknown,,2021,12,Monday,0.0,Low
2022-12-17,15:05,40.88415,-73.82607,NEW ENGLAND THRUWAY,0.0,0,0,0,0,0,0,0,Unsafe Lane Changing,Station Wagon/Sport Utility Vehicle,Unknown,,2022,12,Saturday,0.0,Low
2023-04-08,20:15,40.728229999999996,-73.83313000000001,VAN WYCK EXPWY,0.0,0,0,0,0,0,2,0,Failure to Yield Right-of-Way,Station Wagon/Sport Utility Vehicle,Unknown,,2023,4,Saturday,0.0,Low
2023-08-05,23:45,40.716923,-73.98321999999999,DELANCEY STREET,0.0,0,0,0,0,0,0,0,Driver Inattention/Distraction,Sedan,Unknown,,2023,8,Saturday,0.0,Low
2022-09-05,16:00,40.830257,-73.914856,EAST 166 STREET,0.0,0,0,0,0,0,1,0,Traffic Control Disregarded,Station Wagon/Sport Utility Vehicle,Unknown,,2022,9,Monday,0.0,Low
2023-01-07,11:15,40.677044,-73.9238,ATLANTIC AVENUE,0.0,0,0,0,0,0,3,0,Driver Inattention/Distraction,Station Wagon/Sport Utility Vehicle,BROOKLYN,11233.0,2023,1,Saturday,0.0,Low
2021-12-18,16:46,40.587685,-73.95523,EAST 14 STREET,0.0,0,0,0,0,0,0,0,Unspecified,Station Wagon/Sport Utility Vehicle,BROOKLYN,11235.0,2021,12,Saturday,0.0,Low
2023-11-03,03:05,40.647197999999996,-74.00813000000001,,0.0,0,0,0,1,0,0,0,Following Too Closely,E-Bike,BROOKLYN,11220.0,2023,11,Friday,0.0,Low
2022-08-14,21:50,40.693490000000004,-73.97917,MYRTLE AVENUE,0.0,0,0,0,0,0,1,0,Unspecified,Station Wagon/Sport Utility Vehicle,Unknown,,2022,8,Sunday,0.0,Low
2025-11-05,09:26,40.840687,-73.93668000000001,,0.0,0,0,0,0,0,0,0,Passing or Lane Usage Improper,Sedan,MANHATTAN,10032.0,2025,11,Wednesday,0.0,Low
2024-04-25,13:15,40.765087,-73.83704,34 AVENUE,0.0,0,0,0,0,0,1,0,Following Too Closely,Station Wagon/Sport Utility Vehicle,QUEENS,11354.0,2024,4,Thursday,0.0,Low
2025-01-12,09:00,40.86788,-73.893,E 196 ST,0.0,0,0,0,0,0,0,0,Unspecified,Sedan,BRONX,10468.0,2025,1,Sunday,0.0,Low
2022-05-25,16:50,40.625084,-74.0215,79 STREET,0.0,0,0,0,0,0,0,0,Driver Inattention/Distraction,Station Wagon/Sport Utility Vehicle,BROOKLYN,11209.0,2022,5,Wednesday,0.0,Low
2021-04-23,14:45,40.866046999999995,-73.88274399999999,BEDFORD PARK BOULEVARD,0.0,0,0,0,0,0,0,0,Failure to Yield Right-of-Way,E-Bike,BRONX,10458.0,2021,4,Friday,0.0,Low
2022-03-24,15:35,40.844345000000004,-73.846115,,0.0,0,1,0,0,0,0,0,Failure to Yield Right-of-Way,Station Wagon/Sport Utility Vehicle,BRONX,10461.0,2022,3,Thursday,0.0,Low
2024-02-26,11:39,40.61251,-73.92196,,0.0,0,0,0,0,0,0,0,Unspecified,Sedan,BROOKLYN,11234.0,2024,2,Monday,0.0,Low
2021-07-22,13:07,40.711529999999996,-73.95504,BROOKLYN QUEENS EXPRESSWAY,0.0,0,0,0,0,0,0,0,Unsafe Speed,Station Wagon/Sport Utility Vehicle,Unknown,,2021,7,Thursday,0.0,Low
2021-07-31,21:25,40.676037,-73.79035,SUTPHIN BOULEVARD,0.0,0,0,0,0,0,1,0,Following Too Closely,Pick-up Truck,QUEENS,11434.0,2021,7,Saturday,0.0,Low
2021-08-15,22:20,40.87965,-73.84236,,0.0,0,0,0,0,0,0,0,Turning Improperly,Sedan,BRONX,10469.0,2021,8,Sunday,0.0,Low
2026-01-20,18:20,40.6892,-73.85231999999999,91 AVE,0.0,0,1,0,0,0,0,0,Driver Inattention/Distraction,Station Wagon/Sport Utility Vehicle,QUEENS,11421.0,2026,1,Tuesday,0.0,Low
2021-05-24,09:50,40.705420000000004,-73.96666,,0.0,0,0,0,0,0,0,0,Unspecified,Station Wagon/Sport Utility Vehicle,BROOKLYN,11249.0,2021,5,Monday,0.0,Low
2025-10-30,17:00,40.895374,-73.863556,E 233 ST,0.0,0,0,0,0,0,1,0,Unspecified,Sedan,BRONX,10470.0,2025,10,Thursday,0.0,Low
2024-10-24,22:45,40.70313,-73.816795,VAN WYCK EXPWY,0.0,0,0,0,0,0,1,0,Driver Inattention/Distraction,Sedan,Unknown,,2024,10,Thursday,0.0,Low
2025-06-16,20:49,40.66257,-73.936676,,0.0,0,0,0,1,0,0,0,Failure to Yield Right-of-Way,Bike,BROOKLYN,11203.0,2025,6,Monday,0.0,Low
2022-04-08,17:00,40.883297,-73.91465,,0.0,0,0,0,0,0,0,0,Unspecified,Station Wagon/Sport Utility Vehicle,BRONX,10463.0,2022,4,Friday,0.0,Low
2026-01-29,20:30,40.71195,-73.82592,,0.0,0,0,0,0,0,1,0,Driver Inattention/Distraction,Station Wagon/Sport Utility Vehicle,QUEENS,11415.0,2026,1,Thursday,0.0,Low
2022-04-21,14:07,40.744778000000004,-73.97589,EAST 34 STREET,0.0,0,0,0,1,0,0,0,Driver Inattention/Distraction,Station Wagon/Sport Utility Vehicle,MANHATTAN,10016.0,2022,4,Thursday,0.0,Low
2021-12-06,21:22,40.6843,-73.87222,,0.0,0,0,0,0,0,0,0,Driver Inattention/Distraction,Sedan,BROOKLYN,11208.0,2021,12,Monday,0.0,Low
2021-08-14,16:50,40.82161,-73.90599,,0.0,0,0,0,0,0,0,0,Driver Inattention/Distraction,Sedan,BRONX,10456.0,2021,8,Saturday,0.0,Low
2021-05-03,14:30,40.64433,-73.919914,RALPH AVENUE                    ,0.0,0,0,0,0,0,0,0,Passing or Lane Usage Improper,Bus,Unknown,,2021,5,Monday,0.0,Low
2024-11-17,02:30,40.728806,-73.840324,GRAND CENTRAL PKWY,0.0,0,0,0,0,0,0,0,Passing or Lane Usage Improper,Sedan,QUEENS,11375.0,2024,11,Sunday,0.0,Low
2021-09-17,12:45,40.704304,-73.80315,90 AVENUE,0.0,0,1,0,0,0,0,0,Backing Unsafely,Sedan,QUEENS,11432.0,2021,9,Friday,0.0,Low
2023-08-20,02:40,40.672270000000005,-73.88448000000001,,0.0,0,0,0,0,0,0,0,Fell Asleep,Station Wagon/Sport Utility Vehicle,BROOKLYN,11207.0,2023,8,Sunday,0.0,Low
2021-08-12,11:15,40.7223,-73.91348,RUST STREET,0.0,0,0,0,0,0,0,0,Following Too Closely,Sedan,Unknown,,2021,8,Thursday,0.0,Low
2024-04-12,02:07,40.666453999999995,-73.75763,N CONDUIT AVE,0.0,0,0,0,0,0,6,0,Failure to Yield Right-of-Way,Station Wagon/Sport Utility Vehicle,QUEENS,11413.0,2024,4,Friday,0.0,Low
2025-05-14,22:21,40.83612,-73.88445,,0.0,0,0,0,0,0,0,0,Backing Unsafely,Station Wagon/Sport Utility Vehicle,BRONX,10460.0,2025,5,Wednesday,0.0,Low
2022-10-30,07:45,40.82678,-73.908615,,0.0,0,0,0,0,0,0,0,Driver Inattention/Distraction,Sedan,BRONX,10456.0,2022,10,Sunday,0.0,Low
2023-03-30,01:44,40.742886,-73.87401,,0.0,0,0,0,0,0,2,0,Driver Inattention/Distraction,Sedan,QUEENS,11373.0,2023,3,Thursday,0.0,Low
2023-02-13,09:50,40.797306,-73.93446,EAST 118 STREET,0.0,0,1,0,0,0,0,0,Failure to Yield Right-of-Way,Station Wagon/Sport Utility Vehicle,Unknown,,2023,2,Monday,0.0,Low
2022-07-20,04:20,40.751102,-73.8912,75 STREET,0.0,0,0,0,0,0,0,0,Unspecified,Taxi,QUEENS,11372.0,2022,7,Wednesday,0.0,Low
2024-04-16,14:20,40.64485,-73.96002,OCEAN AVENUE,0.0,0,1,0,0,0,0,0,Unknown,Unknown,BROOKLYN,11226.0,2024,4,Tuesday,0.0,Low
2022-06-27,06:45,40.780136,-73.98826600000001,HENRY HUDSON PARKWAY,0.0,0,0,0,0,0,0,0,Driver Inattention/Distraction,Sedan,Unknown,,2022,6,Monday,0.0,Low
2022-03-04,16:30,40.691134999999996,-73.98347,,0.0,0,0,0,0,0,0,0,Passenger Distraction,Station Wagon/Sport Utility Vehicle,BROOKLYN,11201.0,2022,3,Friday,0.0,Low
2024-04-04,03:49,40.623886,-73.89559,BELT PARKWAY,0.0,0,0,0,0,0,0,0,Driver Inexperience,Sedan,Unknown,,2024,4,Thursday,0.0,Low
2022-11-27,11:33,40.696674,-73.957535,SKILLMAN STREET,0.0,0,0,0,0,0,0,0,Driver Inattention/Distraction,Station Wagon/Sport Utility Vehicle,Unknown,,2022,11,Sunday,0.0,Low
2023-11-10,23:00,40.549374,-74.152664,AMBOY ROAD,0.0,0,0,0,0,0,2,0,Driver Inattention/Distraction,Pick-up Truck,STATEN ISLAND,10308.0,2023,11,Friday,0.0,Low
2025-08-30,09:29,40.80373,-73.95778,W 114 ST,0.0,0,0,0,0,0,0,0,Other Vehicular,Station Wagon/Sport Utility Vehicle,MANHATTAN,10026.0,2025,8,Saturday,0.0,Low
2024-02-05,07:05,40.685992999999996,-73.83993000000001,101 AVENUE,0.0,0,0,0,0,0,0,0,Traffic Control Disregarded,Sedan,Unknown,,2024,2,Monday,0.0,Low
2025-04-22,22:00,40.66028,-73.92575,E 92 ST,0.0,0,0,0,0,0,0,0,Backing Unsafely,Sedan,BROOKLYN,11212.0,2025,4,Tuesday,0.0,Low
2023-06-08,17:06,40.74284,-74.00028,8 AVENUE,0.0,0,0,0,0,0,0,0,Following Too Closely,Sedan,MANHATTAN,10011.0,2023,6,Thursday,0.0,Low
2025-05-30,17:25,40.869640000000004,-73.86339,ADEE AVE,0.0,0,0,0,0,0,1,0,Failure to Yield Right-of-Way,Station Wagon/Sport Utility Vehicle,BRONX,10467.0,2025,5,Friday,0.0,Low
2025-06-11,09:10,40.66748,-73.95622,BEDFORD AVE,0.0,0,0,0,0,0,0,0,Unspecified,Pick-up Truck,BROOKLYN,11225.0,2025,6,Wednesday,0.0,Low
2023-05-11,04:15,40.6082,-73.920715,FLATBUSH AVENUE,0.0,0,0,0,0,0,5,0,Brakes Defective,Sedan,BROOKLYN,11234.0,2023,5,Thursday,0.0,Low
2021-09-24,20:07,40.743559999999995,-73.85574,,0.0,0,1,0,0,0,0,0,Backing Unsafely,Station Wagon/Sport Utility Vehicle,QUEENS,11368.0,2021,9,Friday,0.0,Low
2026-02-28,04:35,40.760253999999996,-73.83492,COLLEGE POINT BLVD,0.0,0,0,0,0,0,1,0,Unspecified,Sedan,QUEENS,11354.0,2026,2,Saturday,0.0,Low
2023-01-03,16:00,40.83068,-73.92426999999999,RIVER AVENUE,0.0,0,1,0,1,0,0,0,Pedestrian/Bicyclist/Other Pedestrian Error/Confusion,E-Bike,Unknown,,2023,1,Tuesday,0.0,Low
2024-02-08,14:32,40.674236,-73.88009,,0.0,0,0,0,0,0,0,0,Other Vehicular,Station Wagon/Sport Utility Vehicle,BROOKLYN,11208.0,2024,2,Thursday,0.0,Low
2023-10-14,03:16,40.82358,-73.90675,EAST 163 STREET,0.0,0,0,0,0,0,1,0,Driver Inattention/Distraction,Motorcycle,BRONX,10456.0,2023,10,Saturday,0.0,Low
2021-02-14,15:26,40.83887,-73.87810999999999,EAST 177 STREET                 ,0.0,0,0,0,0,0,0,0,Driver Inattention/Distraction,Sedan,BRONX,10460.0,2021,2,Sunday,0.0,Low
2022-01-19,17:50,40.64614,-73.93271,SCHENECTADY AVENUE,0.0,0,0,0,0,0,0,0,Unspecified,Sedan,Unknown,,2022,1,Wednesday,0.0,Low
2021-09-22,13:45,40.882767,-73.8886,DICKINSON AVENUE,0.0,0,0,0,0,0,1,0,Unspecified,Sedan,BRONX,10463.0,2021,9,Wednesday,0.0,Low
2023-04-10,16:55,40.65488,-73.96189,PARKSIDE AVENUE,0.0,0,0,0,0,0,1,0,Driver Inattention/Distraction,Sedan,BROOKLYN,11226.0,2023,4,Monday,0.0,Low
2021-05-30,23:49,40.834507,-73.91771999999999,EAST 167 STREET,0.0,0,0,0,0,0,0,0,Unsafe Speed,Station Wagon/Sport Utility Vehicle,Unknown,,2021,5,Sunday,0.0,Low
2021-10-21,16:10,40.732471600000004,-73.8616432,62 DRIVE,0.0,0,1,0,0,0,0,0,Failure to Yield Right-of-Way,Sedan,QUEENS,11374.0,2021,10,Thursday,0.0,Low
2022-06-21,19:55,40.843224,-73.82663000000001,,0.0,0,0,0,0,0,0,0,Unspecified,Station Wagon/Sport Utility Vehicle,BRONX,10461.0,2022,6,Tuesday,0.0,Low
2023-10-28,14:40,40.879383000000004,-73.82544,CARVER LOOP,0.0,0,1,0,0,0,0,0,Backing Unsafely,Sedan,Unknown,,2023,10,Saturday,0.0,Low
2023-05-20,22:45,40.738754,-74.0055,HUDSON STREET,0.0,0,0,0,0,0,0,0,Failure to Keep Right,Sedan,Unknown,,2023,5,Saturday,0.0,Low
2021-12-10,21:06,40.604802500000005,-73.96679590000001,OCEAN PARKWAY,0.0,0,0,0,1,0,0,0,Failure to Yield Right-of-Way,Station Wagon/Sport Utility Vehicle,BROOKLYN,11223.0,2021,12,Friday,0.0,Low
2021-07-26,21:59,40.766556,-73.96294,3 AVENUE,0.0,0,0,0,0,0,2,0,Traffic Control Disregarded,Station Wagon/Sport Utility Vehicle,Unknown,,2021,7,Monday,0.0,Low
2025-05-26,04:13,40.872147,-73.88445,,0.0,0,0,0,0,0,0,0,Driver Inattention/Distraction,Sedan,BRONX,10458.0,2025,5,Monday,0.0,Low
2021-02-20,14:49,40.60627,-73.95689,,0.0,0,0,0,0,0,0,0,Driver Inattention/Distraction,Sedan,BROOKLYN,11229.0,2021,2,Saturday,0.0,Low
2026-11-02,05:00,40.853928,-73.83849000000001,,0.0,0,0,0,0,0,0,0,Unspecified,Sedan,BRONX,10461.0,2026,11,Monday,0.0,Low
2024-01-17,12:45,40.651363,-73.96345,EAST 18 STREET,0.0,0,1,0,0,0,0,0,Glare,Station Wagon/Sport Utility Vehicle,BROOKLYN,11226.0,2024,1,Wednesday,0.0,Low
2022-02-05,22:45,40.7118,-73.77135,188 STREET,0.0,0,0,0,0,0,0,0,Unsafe Speed,Sedan,Unknown,,2022,2,Saturday,0.0,Low
2023-07-28,02:05,40.75815,-73.85674,,0.0,0,0,0,0,0,0,0,Driver Inattention/Distraction,Station Wagon/Sport Utility Vehicle,QUEENS,11368.0,2023,7,Friday,0.0,Low
2022-07-18,21:54,40.66989,-73.93381,SCHENECTADY AVENUE,0.0,0,1,0,0,0,0,0,Unspecified,Sedan,BROOKLYN,11213.0,2022,7,Monday,0.0,Low
2024-03-07,22:48,40.698048,-73.97579,FLUSHING AVENUE,0.0,0,0,0,0,0,1,0,Cell Phone (hands-free),Station Wagon/Sport Utility Vehicle,BROOKLYN,11205.0,2024,3,Thursday,0.0,Low
2023-07-16,11:53,40.7861,-73.93966999999999,EAST 102 STREET,0.0,0,0,0,0,0,0,0,Pavement Slippery,Station Wagon/Sport Utility Vehicle,MANHATTAN,10029.0,2023,7,Sunday,0.0,Low
2021-07-15,19:00,40.66768,-73.961815,WASHINGTON AVENUE,0.0,0,0,0,0,0,0,0,Unsafe Speed,Station Wagon/Sport Utility Vehicle,Unknown,,2021,7,Thursday,0.0,Low
2024-12-16,18:45,40.878925,-73.904785,W 231 ST,0.0,0,0,0,0,0,0,0,Unspecified,Sedan,BRONX,10463.0,2024,12,Monday,0.0,Low
2023-11-09,18:45,40.583725,-73.89372,FLATBUSH AVENUE,0.0,0,0,0,0,0,2,0,Other Vehicular,Sedan,Unknown,,2023,11,Thursday,0.0,Low
2025-08-30,08:00,0.0,0.0,,0.0,0,0,0,0,0,0,0,Other Vehicular,Tractor Truck Diesel,BROOKLYN,11222.0,2025,8,Saturday,0.0,Low
2024-11-24,11:23,40.725563,-73.83836,70 ROAD,0.0,0,0,0,0,0,0,0,Driver Inattention/Distraction,Pick-up Truck,Unknown,,2024,11,Sunday,0.0,Low
2025-11-25,19:32,40.828953000000006,-73.84403,E 177 ST,0.0,0,0,0,0,0,1,0,Other Vehicular,Sedan,BRONX,10462.0,2025,11,Tuesday,0.0,Low
2024-07-09,10:08,40.650543,-73.91748,,0.0,0,0,0,0,0,0,0,Unsafe Speed,Sedan,BROOKLYN,11236.0,2024,7,Tuesday,0.0,Low
2025-07-21,19:00,40.70557,-73.79191,,0.0,0,0,0,0,0,0,0,Unspecified,PK,QUEENS,11433.0,2025,7,Monday,0.0,Low
2024-08-14,21:40,40.61462,-73.968666,OCEAN PARKWAY,0.0,0,0,0,0,0,2,0,Unspecified,Sedan,BROOKLYN,11230.0,2024,8,Wednesday,0.0,Low
2023-08-24,20:42,40.608982,-74.088135,TARGEE STREET,0.0,0,0,0,0,0,0,0,Unspecified,Sedan,STATEN ISLAND,10304.0,2023,8,Thursday,0.0,Low
2024-12-13,14:30,40.64265,-73.877174,BELT PARKWAY RAMP,0.0,0,0,0,0,0,4,0,Following Too Closely,Sedan,Unknown,,2024,12,Friday,0.0,Low
2024-11-16,13:03,40.798626,-73.93952,E 117 ST,0.0,0,0,0,0,0,0,0,Backing Unsafely,LIMO,MANHATTAN,10035.0,2024,11,Saturday,0.0,Low
2026-02-22,08:02,40.78331,-73.952805,E 92 ST,0.0,0,1,0,0,0,0,0,Unspecified,Sedan,MANHATTAN,10128.0,2026,2,Sunday,0.0,Low
2025-08-11,20:21,40.75099,-73.99061999999999,W 34 ST,0.0,0,1,0,0,0,0,0,Driver Inattention/Distraction,Pick-up Truck,MANHATTAN,10001.0,2025,8,Monday,0.0,Low
2025-05-15,08:00,40.587692,-74.19399,,0.0,0,0,0,0,0,0,0,Backing Unsafely,Sedan,Unknown,,2025,5,Thursday,0.0,Low
2021-02-18,11:24,40.679047,-73.97868000000001,5 AVENUE                        ,0.0,0,0,0,0,0,0,0,Brakes Defective,Sedan,BROOKLYN,11217.0,2021,2,Thursday,0.0,Low
2025-07-13,16:50,40.77247,-73.919586,27 ST,0.0,0,0,0,0,0,0,0,Unsafe Lane Changing,Sedan,Unknown,,2025,7,Sunday,0.0,Low
2024-05-31,18:50,40.681564,-73.96658000000001,ATLANTIC AVENUE,0.0,0,0,0,0,0,1,0,Following Too Closely,Sedan,BROOKLYN,11238.0,2024,5,Friday,0.0,Low
2026-03-13,08:25,40.675841999999996,-73.78304,157 ST,0.0,0,1,0,0,0,0,0,Driver Inattention/Distraction,Unknown,QUEENS,11434.0,2026,3,Friday,0.0,Low
2021-03-21,15:30,0.0,0.0,223 STREET                      ,0.0,0,0,0,0,0,0,0,Unspecified,Convertible,Unknown,,2021,3,Sunday,0.0,Low
2023-06-22,17:18,40.64812,-73.979256,FORT HAMILTON PARKWAY,0.0,0,0,0,0,0,0,0,Driver Inattention/Distraction,E-Bike,BROOKLYN,11218.0,2023,6,Thursday,0.0,Low
2022-12-04,08:45,40.6692,-73.90383,,0.0,0,0,0,0,0,0,0,Unspecified,Sedan,BROOKLYN,11212.0,2022,12,Sunday,0.0,Low
2022-03-07,17:00,40.882687,-73.8574,,0.0,0,0,0,0,0,0,0,Unsafe Speed,Station Wagon/Sport Utility Vehicle,BRONX,10467.0,2022,3,Monday,0.0,Low
2022-01-05,11:30,40.65883,-73.95958,,0.0,0,0,0,0,0,0,0,Following Too Closely,Station Wagon/Sport Utility Vehicle,BROOKLYN,11225.0,2022,1,Wednesday,0.0,Low
2023-01-19,14:00,40.61495,-74.0002,76 STREET,0.0,0,0,0,0,0,0,0,Driver Inattention/Distraction,Sedan,Unknown,,2023,1,Thursday,0.0,Low
2021-05-25,19:30,40.666653000000004,-73.90275,,0.0,0,0,0,0,0,0,0,Passing Too Closely,Station Wagon/Sport Utility Vehicle,BROOKLYN,11212.0,2021,5,Tuesday,0.0,Low
2024-11-03,23:15,40.69979,-73.950096,MARCY AVENUE,0.0,0,0,0,0,0,1,0,Aggressive Driving/Road Rage,Station Wagon/Sport Utility Vehicle,BROOKLYN,11206.0,2024,11,Sunday,0.0,Low
2022-06-11,21:49,40.83147,-73.94678,BROADWAY,0.0,0,1,0,0,0,3,0,Unspecified,Sedan,MANHATTAN,10031.0,2022,6,Saturday,0.0,Low
2025-03-28,18:20,40.878036,-73.83561999999999,,0.0,0,0,0,0,0,0,0,Backing Unsafely,Sedan,BRONX,10475.0,2025,3,Friday,0.0,Low
2023-09-27,18:13,40.771553000000004,-73.81407,MURRAY LANE,0.0,0,0,0,0,0,0,0,Following Too Closely,Sedan,QUEENS,11354.0,2023,9,Wednesday,0.0,Low
2023-03-11,07:45,40.67538,-73.9082,PACIFIC STREET,0.0,0,0,0,0,0,0,0,Unspecified,Station Wagon/Sport Utility Vehicle,BROOKLYN,11233.0,2023,3,Saturday,0.0,Low
2026-05-02,00:09,40.713226,-73.95213000000001,,0.0,0,0,0,0,0,0,0,Passing Too Closely,Sedan,BROOKLYN,11211.0,2026,5,Saturday,0.0,Low
2025-08-22,18:52,40.82101,-73.93436,HARLEM RIVER DRIVE,0.0,0,0,0,0,0,2,0,Unspecified,Sedan,Unknown,,2025,8,Friday,0.0,Low
2021-09-07,14:50,40.579914,-74.11405,,0.0,0,0,0,0,0,1,0,Unsafe Lane Changing,Station Wagon/Sport Utility Vehicle,STATEN ISLAND,10306.0,2021,9,Tuesday,0.0,Low
2026-01-21,17:37,40.722343,-73.77717,GRAND CENTRAL PKWY,0.0,0,0,0,0,0,2,0,Other Vehicular,Station Wagon/Sport Utility Vehicle,Unknown,,2026,1,Wednesday,0.0,Low
2023-05-07,03:45,40.867188,-73.901924,,0.0,0,0,0,0,0,1,0,Reaction to Uninvolved Vehicle,Sedan,BRONX,10468.0,2023,5,Sunday,0.0,Low
2021-05-14,16:20,40.805015999999995,-73.92109,EAST 134 STREET,0.0,0,0,0,0,0,1,0,Unspecified,Station Wagon/Sport Utility Vehicle,BRONX,10454.0,2021,5,Friday,0.0,Low
2023-02-26,20:41,40.587967,-73.954346,AVENUE Z,0.0,0,1,0,0,0,0,0,Unspecified,Electric s,BROOKLYN,11235.0,2023,2,Sunday,0.0,Low
2023-10-17,20:21,40.828354,-73.88199,COLGATE AVENUE,0.0,0,0,0,0,0,1,0,Unspecified,Sedan,Unknown,,2023,10,Tuesday,0.0,Low
2025-05-22,05:30,40.757065000000004,-73.73904,LONG ISLAND EXPRESSWAY,0.0,0,0,0,0,0,1,0,Unsafe Lane Changing,Station Wagon/Sport Utility Vehicle,Unknown,,2025,5,Thursday,0.0,Low
2024-08-09,18:36,40.815754,-73.89529,LONGWOOD AVENUE,0.0,0,0,0,0,0,0,0,Traffic Control Disregarded,Sedan,BRONX,10455.0,2024,8,Friday,0.0,Low
2025-07-15,01:50,40.821175,-73.925735,GRAND CONC,0.0,0,0,0,0,0,0,0,Passing or Lane Usage Improper,Station Wagon/Sport Utility Vehicle,BRONX,10451.0,2025,7,Tuesday,0.0,Low
2025-12-28,12:00,40.59858,-73.95766400000001,,0.0,0,0,0,0,0,0,0,Driver Inattention/Distraction,Station Wagon/Sport Utility Vehicle,BROOKLYN,11229.0,2025,12,Sunday,0.0,Low
2023-03-15,06:26,40.757973,-73.98554,WEST 45 STREET,0.0,0,1,0,0,0,0,0,Driver Inexperience,Station Wagon/Sport Utility Vehicle,MANHATTAN,10036.0,2023,3,Wednesday,0.0,Low
2022-12-26,13:13,40.595603999999994,-73.94389,AVENUE W,0.0,0,0,0,0,0,2,0,Driver Inattention/Distraction,Sedan,BROOKLYN,11229.0,2022,12,Monday,0.0,Low
2022-06-26,19:00,40.771633,-73.82468,29 ROAD,0.0,0,0,0,0,0,0,0,Unspecified,Station Wagon/Sport Utility Vehicle,QUEENS,11354.0,2022,6,Sunday,0.0,Low
2023-06-09,22:54,40.805058,-73.93904,EAST 125 STREET,0.0,0,0,0,0,0,1,0,Following Too Closely,Sedan,MANHATTAN,10035.0,2023,6,Friday,0.0,Low
2023-10-20,22:50,40.641342,-74.02955,BELT PARKWAY,0.0,0,0,0,0,0,0,0,Pavement Slippery,Sedan,Unknown,,2023,10,Friday,0.0,Low
2024-10-26,07:07,40.669064,-73.86556,LINDEN BLVD,0.0,0,0,0,0,0,0,0,Following Too Closely,Sedan,BROOKLYN,11208.0,2024,10,Saturday,0.0,Low
2025-07-14,20:20,40.883575,-73.8628,E 219 ST,0.0,0,1,0,0,0,0,0,Failure to Yield Right-of-Way,Sedan,BRONX,10467.0,2025,7,Monday,0.0,Low
2021-03-10,20:22,40.621265,-73.952614,AVENUE L,0.0,0,0,0,0,0,1,0,Unspecified,Taxi,BROOKLYN,11210.0,2021,3,Wednesday,0.0,Low
2023-12-20,13:00,40.749283,-73.75664499999999,LONG ISLAND EXPRESSWAY,0.0,0,0,0,0,0,2,0,Following Too Closely,Station Wagon/Sport Utility Vehicle,Unknown,,2023,12,Wednesday,0.0,Low
2021-06-22,07:40,40.863,-73.893005,,0.0,0,0,0,0,0,0,0,Unspecified,Sedan,BRONX,10458.0,2021,6,Tuesday,0.0,Low
2025-11-13,19:03,40.602909999999994,-74.00001999999999,20 AVE,0.0,0,1,0,0,0,0,0,Failure to Yield Right-of-Way,Sedan,Unknown,,2025,11,Thursday,0.0,Low
2021-10-29,20:12,40.579809999999995,-73.837204,BEACH 116 STREET,0.0,0,0,0,0,0,0,0,Driver Inattention/Distraction,Station Wagon/Sport Utility Vehicle,QUEENS,11694.0,2021,10,Friday,0.0,Low
2026-03-21,14:39,40.844944,-73.9174,MACOMBS RD,0.0,0,0,0,0,0,0,0,Turning Improperly,Sedan,BRONX,10452.0,2026,3,Saturday,0.0,Low
2022-11-08,17:00,40.754490000000004,-74.006744,WEST 30 STREET,0.0,0,0,0,1,0,0,0,Following Too Closely,LIMO,MANHATTAN,10001.0,2022,11,Tuesday,0.0,Low
2025-06-18,14:45,40.666332000000004,-73.81055500000001,130 ST,0.0,0,1,0,0,0,0,0,Driver Inattention/Distraction,Pick-up Truck,QUEENS,11420.0,2025,6,Wednesday,0.0,Low
2024-05-30,11:30,40.587509999999995,-73.95234,JEROME AVENUE,0.0,0,1,0,0,0,0,0,Unspecified,Station Wagon/Sport Utility Vehicle,Unknown,,2024,5,Thursday,0.0,Low
2024-11-28,04:20,40.66612,-73.82224000000001,LEFFERTS BLVD,0.0,0,0,0,0,0,0,0,Following Too Closely,Sedan,QUEENS,11420.0,2024,11,Thursday,0.0,Low
2024-02-16,08:40,40.725285,-73.79333000000001,176 STREET,0.0,0,0,0,0,0,0,0,Unspecified,Station Wagon/Sport Utility Vehicle,QUEENS,11366.0,2024,2,Friday,0.0,Low
2021-06-11,11:40,40.83417,-73.94837,WEST 155 STREET,0.0,0,0,0,0,0,0,0,Failure to Yield Right-of-Way,Bike,MANHATTAN,10032.0,2021,6,Friday,0.0,Low
2022-01-20,22:50,40.715237,-74.01339,WEST STREET,0.0,0,0,0,0,0,7,0,Alcohol Involvement,Sedan,Unknown,,2022,1,Thursday,0.0,Low
2023-05-09,20:00,40.764122,-73.812775,ROOSEVELT AVENUE,0.0,0,0,0,0,0,1,0,Failure to Yield Right-of-Way,Station Wagon/Sport Utility Vehicle,QUEENS,11354.0,2023,5,Tuesday,0.0,Low
2021-11-23,12:19,40.824493,-73.91256,,0.0,0,0,0,0,0,0,0,Driver Inattention/Distraction,Station Wagon/Sport Utility Vehicle,BRONX,10451.0,2021,11,Tuesday,0.0,Low
2022-08-19,10:30,40.712055,-73.75319,FRANCIS LEWIS BOULEVARD,0.0,0,0,0,0,0,0,0,Unspecified,Sedan,QUEENS,11429.0,2022,8,Friday,0.0,Low
2026-10-01,12:45,40.77045,-73.83420600000001,WHITESTONE EXPY,0.0,0,0,0,0,0,0,0,Passing Too Closely,Tractor Truck Diesel,QUEENS,11354.0,2026,10,Thursday,0.0,Low
2025-02-06,15:15,40.845024,-73.85938,,0.0,0,0,0,0,0,0,0,Following Too Closely,UTILITY,BRONX,10462.0,2025,2,Thursday,0.0,Low
2022-05-21,00:50,40.696804,-73.83910999999999,,0.0,0,0,0,0,0,0,0,Passing Too Closely,Station Wagon/Sport Utility Vehicle,QUEENS,11418.0,2022,5,Saturday,0.0,Low
2022-12-23,12:10,40.652767,-73.8863,PENNSYLVANIA AVENUE,0.0,0,0,0,0,0,1,0,Turning Improperly,Sedan,BROOKLYN,11207.0,2022,12,Friday,0.0,Low
2023-09-22,11:55,40.815690000000004,-73.95830500000001,WEST 125 STREET,0.0,0,0,0,0,0,1,0,Lost Consciousness,Box Truck,Unknown,,2023,9,Friday,0.0,Low
2021-03-28,20:28,40.64054,-73.96916999999999,,0.0,0,0,0,1,0,0,0,Turning Improperly,Sedan,BROOKLYN,11218.0,2021,3,Sunday,0.0,Low
2025-09-13,09:00,40.702273999999996,-73.81153,144 ST,0.0,0,1,0,0,0,0,0,Unknown,Unknown,QUEENS,11435.0,2025,9,Saturday,0.0,Low
2022-04-04,14:02,40.82,-73.95886999999999,WEST 133 STREET,0.0,0,0,0,0,0,1,0,Traffic Control Disregarded,Sedan,MANHATTAN,10027.0,2022,4,Monday,0.0,Low
2025-12-19,07:55,0.0,0.0,,0.0,0,1,0,0,0,0,0,Backing Unsafely,Unknown,BROOKLYN,11213.0,2025,12,Friday,0.0,Low
2021-06-26,17:41,40.719395,-74.00189,BROADWAY,0.0,0,0,0,1,0,0,0,Driver Inattention/Distraction,Station Wagon/Sport Utility Vehicle,Unknown,,2021,6,Saturday,0.0,Low
2025-05-03,07:55,40.749744,-73.88431,82 ST,0.0,0,1,0,0,0,0,0,Driver Inattention/Distraction,Station Wagon/Sport Utility Vehicle,QUEENS,11372.0,2025,5,Saturday,0.0,Low
2021-04-02,11:35,40.66366,-73.90146,LIVONIA AVENUE                  ,0.0,0,0,0,0,0,0,0,Backing Unsafely,Tractor Truck Diesel,BROOKLYN,11212.0,2021,4,Friday,0.0,Low
2025-05-20,22:50,40.82647,-73.90799,,0.0,0,0,0,0,0,0,0,Tow Hitch Defective,TOW TRUCK,BRONX,10456.0,2025,5,Tuesday,0.0,Low
2021-12-03,23:15,40.756134,-73.74047,LONG ISLAND EXPRESSWAY          ,0.0,0,0,0,0,0,0,0,Passing or Lane Usage Improper,Chassis Cab,Unknown,,2021,12,Friday,0.0,Low
2025-08-27,22:40,40.8139,-73.93133,EXTERIOR STREET,0.0,0,0,0,0,0,1,0,Driver Inexperience,Motorcycle,BRONX,10451.0,2025,8,Wednesday,0.0,Low
2022-12-24,13:50,40.70766,-73.95751,BROOKLYN QUEENS EXPRESSWAY,0.0,0,0,0,0,0,0,0,Pavement Slippery,Sedan,Unknown,,2022,12,Saturday,0.0,Low
2024-03-21,06:40,40.710957,-73.951126,GRAND STREET,0.0,0,0,0,0,0,0,0,Passing or Lane Usage Improper,Sedan,Unknown,,2024,3,Thursday,0.0,Low
2025-11-17,18:00,40.665226000000004,-73.92318,E 98 ST,0.0,0,1,0,0,0,0,0,Unknown,Unknown,BROOKLYN,11212.0,2025,11,Monday,0.0,Low
2024-08-31,15:00,40.75435,-73.8899,,0.0,0,0,0,0,0,0,0,Driver Inattention/Distraction,Station Wagon/Sport Utility Vehicle,QUEENS,11372.0,2024,8,Saturday,0.0,Low
2022-09-04,11:00,40.724888,-73.89899,HAMILTON PLACE,0.0,0,0,0,0,0,1,0,Failure to Yield Right-of-Way,Sedan,QUEENS,11378.0,2022,9,Sunday,0.0,Low
2022-12-02,15:30,40.67341,-73.93348,SCHENECTADY AVENUE,0.0,0,0,0,0,0,0,0,Driver Inattention/Distraction,Station Wagon/Sport Utility Vehicle,Unknown,,2022,12,Friday,0.0,Low
2022-07-28,00:06,40.75287,-73.9459,QUEENS PLAZA SOUTH,0.0,0,0,0,0,0,0,0,Driver Inattention/Distraction,Sedan,QUEENS,11101.0,2022,7,Thursday,0.0,Low
2025-10-10,06:06,40.674953,-73.80205,VAN WYCK EXPWY,0.0,0,0,0,0,0,2,0,Following Too Closely,Station Wagon/Sport Utility Vehicle,Unknown,,2025,10,Friday,0.0,Low
2022-11-29,06:05,40.666233,-73.76100000000001,BELT PARKWAY,0.0,0,0,0,0,0,0,0,Driver Inattention/Distraction,Station Wagon/Sport Utility Vehicle,Unknown,,2022,11,Tuesday,0.0,Low
2024-12-12,12:10,40.609707,-74.011284,BENSON AVE,0.0,0,1,0,0,0,0,0,Failure to Yield Right-of-Way,Station Wagon/Sport Utility Vehicle,BROOKLYN,11228.0,2024,12,Thursday,0.0,Low
2025-12-13,03:00,40.84482,-73.837,HUTCHINSON RIVER PARKWAY,0.0,0,0,0,0,0,1,0,Oversized Vehicle,Carry All,Unknown,,2025,12,Saturday,0.0,Low
2021-11-27,10:20,40.61367,-73.99959,17 AVENUE,0.0,0,0,0,0,0,0,0,Driver Inattention/Distraction,Sedan,Unknown,,2021,11,Saturday,0.0,Low
2021-05-01,18:47,40.861107000000004,-73.89028,EAST FORDHAM ROAD               ,0.0,0,0,0,0,0,0,0,Passing or Lane Usage Improper,Sedan,BRONX,10458.0,2021,5,Saturday,0.0,Low
2022-08-10,13:10,40.708484999999996,-73.92211,JEFFERSON STREET,0.0,0,0,0,0,0,0,0,Failure to Yield Right-of-Way,Station Wagon/Sport Utility Vehicle,Unknown,,2022,8,Wednesday,0.0,Low
2023-03-02,11:10,40.764267,-73.967186,,0.0,0,0,0,0,0,0,0,Driver Inattention/Distraction,Station Wagon/Sport Utility Vehicle,MANHATTAN,10065.0,2023,3,Thursday,0.0,Low
2025-10-28,13:38,40.826736,-73.874344,,0.0,0,0,0,0,0,0,0,Driver Inattention/Distraction,Box Truck,BRONX,10472.0,2025,10,Tuesday,0.0,Low
2025-04-12,22:00,40.736443,-73.89596999999999,GARFIELD AVE,0.0,0,0,0,0,0,0,0,Driver Inattention/Distraction,Sedan,QUEENS,11377.0,2025,4,Saturday,0.0,Low
2022-05-03,19:30,40.613827,-74.03709,99 STREET,0.0,0,0,0,0,0,0,0,Driver Inattention/Distraction,Station Wagon/Sport Utility Vehicle,Unknown,,2022,5,Tuesday,0.0,Low
2022-07-03,10:58,40.753902000000004,-73.90122,NORTHERN BOULEVARD,0.0,0,0,0,0,0,0,0,Driver Inattention/Distraction,Sedan,QUEENS,11377.0,2022,7,Sunday,0.0,Low
2023-07-24,23:30,40.624855,-73.99195,16 AVENUE,0.0,0,1,0,0,0,0,0,Failure to Yield Right-of-Way,Station Wagon/Sport Utility Vehicle,BROOKLYN,11204.0,2023,7,Monday,0.0,Low
2024-05-28,06:47,40.678090000000005,-73.8842,ATLANTIC AVENUE,0.0,0,0,0,0,0,1,0,Passenger Distraction,Sedan,Unknown,,2024,5,Tuesday,0.0,Low
2024-06-15,13:05,40.728428,-73.99071500000001,,0.0,0,0,0,0,0,0,0,Driver Inattention/Distraction,Sedan,MANHATTAN,10003.0,2024,6,Saturday,0.0,Low
2022-12-09,17:15,40.7613,-73.80951999999999,SANFORD AVENUE,0.0,0,0,0,0,0,1,0,Failure to Yield Right-of-Way,Unknown,QUEENS,11355.0,2022,12,Friday,0.0,Low
2025-08-28,19:25,40.753544,-73.8338,HAIGHT ST,0.0,0,0,0,0,0,0,0,Unspecified,COM,QUEENS,11355.0,2025,8,Thursday,0.0,Low
2021-09-14,11:20,40.756096,-73.74655,CROSS ISLAND PARKWAY,0.0,0,0,0,0,0,0,0,Following Too Closely,Station Wagon/Sport Utility Vehicle,Unknown,,2021,9,Tuesday,0.0,Low
2022-12-24,15:55,40.690914,-73.72819,LINDEN BOULEVARD,0.0,0,0,0,0,0,0,0,Other Vehicular,Station Wagon/Sport Utility Vehicle,QUEENS,11411.0,2022,12,Saturday,0.0,Low
2024-08-13,08:04,40.709717,-73.95237,SOUTH 2 STREET,0.0,0,0,0,0,0,0,0,Unsafe Speed,Station Wagon/Sport Utility Vehicle,BROOKLYN,11211.0,2024,8,Tuesday,0.0,Low
2023-11-23,22:30,40.757637,-73.93002,,0.0,0,1,0,0,0,0,0,Backing Unsafely,Taxi,QUEENS,11106.0,2023,11,Thursday,0.0,Low
2022-02-10,16:02,40.711059999999996,-73.942116,HUMBOLDT STREET,0.0,0,0,0,0,0,0,0,Traffic Control Disregarded,Sedan,BROOKLYN,11206.0,2022,2,Thursday,0.0,Low
2023-09-12,19:50,40.714073,-73.95534,METROPOLITAN AVENUE,0.0,0,0,0,1,0,0,0,Driver Inattention/Distraction,Station Wagon/Sport Utility Vehicle,Unknown,,2023,9,Tuesday,0.0,Low
2021-09-03,00:00,40.843002,-73.90359000000001,EAST 173 STREET                 ,0.0,0,0,0,0,0,2,0,Driver Inattention/Distraction,Taxi,BRONX,10457.0,2021,9,Friday,0.0,Low
2025-09-18,12:00,40.749990000000004,-73.94918,44 AVE,0.0,0,0,0,0,0,0,0,Unspecified,Box Truck,QUEENS,11101.0,2025,9,Thursday,0.0,Low
2021-09-30,10:00,40.852383,-73.90365,GRAND CONCOURSE,0.0,0,0,0,0,0,0,0,Passing Too Closely,Sedan,Unknown,,2021,9,Thursday,0.0,Low
2023-07-03,18:18,40.713190000000004,-73.76704000000001,JAMAICA AVENUE,0.0,1,0,1,0,0,0,0,Driver Inattention/Distraction,Sedan,Unknown,,2023,7,Monday,1.0,Low
2024-10-10,19:30,40.6343,-74.12025,CASTLETON AVENUE,0.0,0,0,0,0,0,1,0,Driver Inattention/Distraction,Pick-up Truck,Unknown,,2024,10,Thursday,0.0,Low
2021-01-15,11:30,40.876312,-73.87965,,0.0,0,0,0,0,0,0,0,Unspecified,Station Wagon/Sport Utility Vehicle,BRONX,10467.0,2021,1,Friday,0.0,Low
2023-12-28,16:03,40.66708,-73.81033000000001,NORTH CONDUIT AVENUE,0.0,0,0,0,0,0,1,0,Unsafe Speed,Station Wagon/Sport Utility Vehicle,QUEENS,11420.0,2023,12,Thursday,0.0,Low
2022-07-13,21:50,40.758633,-73.96579,EAST 56 STREET,0.0,0,0,0,0,0,0,0,Driver Inattention/Distraction,Taxi,Unknown,,2022,7,Wednesday,0.0,Low
2021-10-12,09:54,40.761179999999996,-73.95791,YORK AVENUE,0.0,0,0,0,0,0,0,0,Driver Inattention/Distraction,Station Wagon/Sport Utility Vehicle,MANHATTAN,10065.0,2021,10,Tuesday,0.0,Low
2023-04-07,23:20,40.85429,-73.90026999999999,RYER AVENUE,0.0,0,0,0,0,0,0,0,Pedestrian/Bicyclist/Other Pedestrian Error/Confusion,Sedan,BRONX,10457.0,2023,4,Friday,0.0,Low
2022-01-04,14:00,40.732277,-73.84926999999999,64 ROAD,0.0,0,0,0,0,0,0,0,Following Too Closely,Sedan,QUEENS,11375.0,2022,1,Tuesday,0.0,Low
2025-04-11,18:55,40.754704,-73.99375,,0.0,0,0,0,0,0,0,0,Unspecified,Sedan,MANHATTAN,10018.0,2025,4,Friday,0.0,Low
2021-03-11,09:58,40.84664,-73.92568,MAJOR DEEGAN EXPRESSWAY,0.0,0,0,0,0,0,0,0,Drugs (illegal),Sedan,Unknown,,2021,3,Thursday,0.0,Low
2024-08-01,23:00,40.726967,-73.85647,SAUNDERS STREET,0.0,0,1,0,0,0,0,0,Backing Unsafely,Sedan,Unknown,,2024,8,Thursday,0.0,Low
2023-04-29,09:55,40.750217,-73.979065,EAST 39 STREET,0.0,0,0,0,1,0,0,0,Pedestrian/Bicyclist/Other Pedestrian Error/Confusion,Station Wagon/Sport Utility Vehicle,MANHATTAN,10016.0,2023,4,Saturday,0.0,Low
2024-11-25,20:55,40.763245,-73.75806,CROSS ISLAND PARKWAY,0.0,0,0,0,0,0,0,0,Following Too Closely,Sedan,Unknown,,2024,11,Monday,0.0,Low
2021-01-29,18:40,40.76531,-73.96385,EAST 65 STREET                  ,0.0,0,1,0,0,0,0,0,Driver Inattention/Distraction,Sedan,MANHATTAN,10065.0,2021,1,Friday,0.0,Low
2025-03-28,14:35,40.633656,-73.99496500000001,,0.0,0,0,0,0,0,2,0,Unspecified,Station Wagon/Sport Utility Vehicle,BROOKLYN,11219.0,2025,3,Friday,0.0,Low
2021-04-11,19:00,40.718792,-73.93726,MORGAN AVENUE,0.0,0,0,0,0,0,1,0,Failure to Yield Right-of-Way,Sedan,BROOKLYN,11222.0,2021,4,Sunday,0.0,Low
2024-07-19,03:20,0.0,0.0,MYRTLE AVENUE,0.0,0,0,0,0,0,0,0,Driver Inattention/Distraction,Sedan,Unknown,,2024,7,Friday,0.0,Low
2023-04-10,15:36,40.745670000000004,-73.91036,SKILLMAN AVENUE,0.0,0,0,0,0,0,1,0,Driver Inattention/Distraction,Sedan,Unknown,,2023,4,Monday,0.0,Low
2024-08-16,16:05,40.827103,-73.94996,BROADWAY,0.0,0,1,0,0,0,0,0,Failure to Yield Right-of-Way,Station Wagon/Sport Utility Vehicle,MANHATTAN,10031.0,2024,8,Friday,0.0,Low
2022-01-15,07:58,40.89562,-73.84469,,0.0,0,0,0,0,0,0,0,Reaction to Uninvolved Vehicle,Station Wagon/Sport Utility Vehicle,BRONX,10466.0,2022,1,Saturday,0.0,Low
2023-11-07,12:18,40.676147,-73.98391,4 AVENUE,0.0,0,0,0,1,0,0,0,View Obstructed/Limited,Station Wagon/Sport Utility Vehicle,BROOKLYN,11215.0,2023,11,Tuesday,0.0,Low
2021-05-30,15:45,40.584064,-73.91971,BELT PARKWAY,0.0,0,0,0,0,0,4,0,Driver Inattention/Distraction,Sedan,Unknown,,2021,5,Sunday,0.0,Low
2022-03-04,13:50,40.750988,-73.99063000000001,7 AVENUE,0.0,0,0,0,0,0,0,0,Driver Inattention/Distraction,Sedan,MANHATTAN,10001.0,2022,3,Friday,0.0,Low
2022-07-20,17:50,40.709920000000004,-73.9623,DRIGGS AVENUE,0.0,0,0,0,0,0,1,0,Driver Inattention/Distraction,Station Wagon/Sport Utility Vehicle,BROOKLYN,11211.0,2022,7,Wednesday,0.0,Low
2021-09-02,17:00,40.7491,-73.99201,WEST 31 STREET                  ,0.0,0,0,0,0,0,0,0,Failure to Yield Right-of-Way,Sedan,Unknown,,2021,9,Thursday,0.0,Low
2025-02-22,00:00,40.70786,-73.84846,JACKIE ROBINSON PKWY,0.0,0,0,0,0,0,1,0,Unsafe Lane Changing,Station Wagon/Sport Utility Vehicle,Unknown,,2025,2,Saturday,0.0,Low
2023-04-14,17:18,40.748276000000004,-73.93918000000001,JACKSON AVENUE,0.0,0,0,0,0,0,0,0,Passing or Lane Usage Improper,Sedan,Unknown,,2023,4,Friday,0.0,Low
2021-11-18,19:30,40.860040000000005,-73.908615,WEST 183 STREET,0.0,0,0,0,0,0,0,0,Driver Inattention/Distraction,Motorcycle,BRONX,10468.0,2021,11,Thursday,0.0,Low
2023-11-29,18:19,40.900143,-73.871155,VANCORTLANDT PARK EAST,0.0,0,0,0,0,0,0,0,Alcohol Involvement,Sedan,BRONX,10470.0,2023,11,Wednesday,0.0,Low
2023-12-06,10:37,40.649159999999995,-73.94552,SNYDER AVENUE,0.0,0,0,0,0,0,0,0,Steering Failure,Sedan,BROOKLYN,11203.0,2023,12,Wednesday,0.0,Low
2021-05-09,14:15,40.631935,-73.91320999999999,PAERDEGAT AVENUE NORTH,0.0,0,0,0,0,0,0,0,Following Too Closely,Sedan,BROOKLYN,11236.0,2021,5,Sunday,0.0,Low
2022-06-10,21:24,40.63073,-74.01734,7 AVENUE,0.0,0,0,0,0,0,0,0,Driver Inattention/Distraction,Station Wagon/Sport Utility Vehicle,Unknown,,2022,6,Friday,0.0,Low
2022-01-07,15:00,40.66675,-73.779945,SOUTH CONDUIT AVENUE,0.0,0,0,0,0,0,0,0,Passing or Lane Usage Improper,Sedan,QUEENS,11434.0,2022,1,Friday,0.0,Low
2023-10-01,07:50,40.59553,-73.99886,BELT PARKWAY,0.0,0,0,0,0,0,0,0,Driver Inattention/Distraction,Station Wagon/Sport Utility Vehicle,Unknown,,2023,10,Sunday,0.0,Low
2021-12-13,22:58,40.606865,-73.89829,BELT PARKWAY,0.0,0,0,0,0,0,3,0,Driver Inattention/Distraction,Sedan,Unknown,,2021,12,Monday,0.0,Low
2021-11-12,07:00,40.758537,-73.97721,WEST 50 STREET,0.0,0,0,0,0,0,0,0,Driver Inattention/Distraction,Sedan,MANHATTAN,10022.0,2021,11,Friday,0.0,Low
2025-10-17,22:04,40.890156,-73.85895500000001,,0.0,0,0,0,0,0,1,0,Driver Inattention/Distraction,Sedan,BRONX,10466.0,2025,10,Friday,0.0,Low
2023-04-02,08:45,40.694378,-73.899284,,0.0,0,0,0,0,0,0,0,Passing Too Closely,Sedan,QUEENS,11385.0,2023,4,Sunday,0.0,Low
2021-08-04,16:28,40.883476,-73.868256,BRONX RIVER PARKWAY             ,0.0,0,0,0,0,0,0,0,Driver Inattention/Distraction,Sedan,Unknown,,2021,8,Wednesday,0.0,Low
2023-05-03,09:30,40.76508,-73.985,,0.0,0,0,0,0,0,0,0,Oversized Vehicle,Station Wagon/Sport Utility Vehicle,MANHATTAN,10019.0,2023,5,Wednesday,0.0,Low
2023-10-02,03:10,40.65477,-74.00708,GOWANUS EXPY (BQE),0.0,0,0,0,0,0,2,0,Driver Inattention/Distraction,Box Truck,Unknown,,2023,10,Monday,0.0,Low
2023-11-30,18:30,40.815426,-73.898476,FOX STREET,0.0,0,0,0,0,0,2,0,Failure to Yield Right-of-Way,Station Wagon/Sport Utility Vehicle,BRONX,10455.0,2023,11,Thursday,0.0,Low
2022-06-13,21:40,40.826042,-73.85933,BRUCKNER EXPRESSWAY,0.0,0,0,0,0,0,3,0,Following Too Closely,Station Wagon/Sport Utility Vehicle,Unknown,,2022,6,Monday,0.0,Low
2024-11-03,15:10,40.832626,-73.92538499999999,JEROME AVENUE,0.0,0,0,0,0,0,1,0,Driver Inattention/Distraction,Taxi,BRONX,10452.0,2024,11,Sunday,0.0,Low
2025-12-08,14:50,40.647526,-73.97819,CATON AVE,0.0,0,0,0,0,0,0,0,Oversized Vehicle,Concrete Mixer,BROOKLYN,11218.0,2025,12,Monday,0.0,Low
2025-09-08,21:45,40.67335,-73.82581,114 ST,0.0,0,0,0,0,0,0,0,Steering Failure,Taxi,QUEENS,11420.0,2025,9,Monday,0.0,Low
2022-06-11,01:00,40.646534,-73.9961,,0.0,0,0,0,0,0,1,0,Failure to Yield Right-of-Way,Station Wagon/Sport Utility Vehicle,BROOKLYN,11232.0,2022,6,Saturday,0.0,Low
2024-05-13,14:26,40.621952,-73.9887,,0.0,0,0,0,1,0,0,0,Driver Inattention/Distraction,Sedan,BROOKLYN,11204.0,2024,5,Monday,0.0,Low
2022-05-18,15:40,40.803215,-73.95254,WEST 116 STREET,0.0,0,0,0,0,0,1,0,Unspecified,Sedan,MANHATTAN,10026.0,2022,5,Wednesday,0.0,Low
2025-01-25,20:00,40.729240000000004,-73.87143,WOODHAVEN BLVD,0.0,0,0,0,0,0,0,0,Other Vehicular,Sedan,Unknown,,2025,1,Saturday,0.0,Low
2021-09-24,16:50,40.722065,-73.75407,,0.0,0,0,0,0,0,0,0,Unspecified,Sedan,QUEENS,11427.0,2021,9,Friday,0.0,Low
2021-10-21,07:50,40.6828007,-73.9063754,BUSHWICK AVENUE,0.0,0,0,0,0,0,0,0,Failure to Yield Right-of-Way,Lift Boom,BROOKLYN,11207.0,2021,10,Thursday,0.0,Low
2023-04-12,10:10,40.554672,-74.21301,WEST SHORE EXPRESSWAY,0.0,0,0,0,0,0,0,0,Unsafe Lane Changing,Station Wagon/Sport Utility Vehicle,Unknown,,2023,4,Wednesday,0.0,Low
2022-07-02,10:15,40.789153999999996,-73.95444,,0.0,0,0,0,0,0,0,0,Unspecified,Station Wagon/Sport Utility Vehicle,MANHATTAN,10029.0,2022,7,Saturday,0.0,Low
2023-06-13,16:15,40.65452,-73.882225,FLATLANDS AVENUE,0.0,0,0,0,0,0,1,0,Driver Inattention/Distraction,Station Wagon/Sport Utility Vehicle,BROOKLYN,11207.0,2023,6,Tuesday,0.0,Low
2022-05-28,00:35,40.690253999999996,-73.7366,119 AVENUE,0.0,0,0,0,0,0,1,0,Traffic Control Disregarded,Sedan,QUEENS,11411.0,2022,5,Saturday,0.0,Low
2025-11-13,12:10,40.71646,-73.79234,KENDRICK PL,0.0,0,0,0,0,0,0,0,Traffic Control Disregarded,Sedan,QUEENS,11432.0,2025,11,Thursday,0.0,Low
2023-06-21,17:10,40.73831,-73.98775,PARK AVENUE SOUTH,0.0,0,0,0,0,0,1,0,Unspecified,Box Truck,MANHATTAN,10010.0,2023,6,Wednesday,0.0,Low
2022-09-29,15:00,40.674170000000004,-73.95671,FRANKLIN AVENUE,0.0,0,0,0,1,0,0,0,Driver Inattention/Distraction,Sedan,BROOKLYN,11238.0,2022,9,Thursday,0.0,Low
2021-11-28,12:16,40.83988,-73.916794,EAST 170 STREET,0.0,0,0,0,0,0,0,0,Driverless/Runaway Vehicle,Station Wagon/Sport Utility Vehicle,BRONX,10452.0,2021,11,Sunday,0.0,Low
2022-02-11,20:35,40.82189,-73.93970999999999,,0.0,0,0,0,0,0,0,0,Driver Inattention/Distraction,Sedan,MANHATTAN,10039.0,2022,2,Friday,0.0,Low
2024-07-06,17:44,40.631344,-73.89352,EAST 92 STREET,0.0,0,1,0,0,0,0,0,Unspecified,Station Wagon/Sport Utility Vehicle,BROOKLYN,11236.0,2024,7,Saturday,0.0,Low
2025-04-09,17:17,40.707623,-73.962135,DIVISION AVE,0.0,0,0,0,0,0,0,0,Other Vehicular,Station Wagon/Sport Utility Vehicle,BROOKLYN,11211.0,2025,4,Wednesday,0.0,Low
2026-03-01,23:40,40.74377,-73.73232,CROSS ISLAND PARKWAY,0.0,0,0,0,0,0,3,0,Unsafe Speed,Sedan,Unknown,,2026,3,Sunday,0.0,Low
2023-02-09,23:30,40.749283,-73.75664499999999,LONG ISLAND EXPRESSWAY,0.0,0,0,0,0,0,1,0,Unsafe Lane Changing,Sedan,Unknown,,2023,2,Thursday,0.0,Low
2024-05-06,05:17,40.707714,-73.80279499999999,HILLSIDE AVENUE,0.0,0,0,0,0,0,1,0,Traffic Control Disregarded,Station Wagon/Sport Utility Vehicle,QUEENS,11432.0,2024,5,Monday,0.0,Low
2024-03-15,20:40,40.84068,-73.89828,EAST 173 STREET,0.0,0,0,0,0,0,0,0,Aggressive Driving/Road Rage,Station Wagon/Sport Utility Vehicle,BRONX,10457.0,2024,3,Friday,0.0,Low
2023-04-18,16:30,40.708508,-73.962265,,0.0,0,1,0,0,0,0,0,Pedestrian/Bicyclist/Other Pedestrian Error/Confusion,Station Wagon/Sport Utility Vehicle,BROOKLYN,11211.0,2023,4,Tuesday,0.0,Low
2022-08-01,17:00,40.72878,-73.92615500000001,43 STREET,0.0,0,0,0,0,0,4,0,Driver Inattention/Distraction,Sedan,QUEENS,11378.0,2022,8,Monday,0.0,Low
2023-06-26,19:35,40.658794,-73.99979,4 AVENUE,0.0,0,0,0,0,0,0,0,Unsafe Speed,Sedan,BROOKLYN,11232.0,2023,6,Monday,0.0,Low
2025-07-06,12:54,40.770924,-73.961,,0.0,0,0,0,0,0,0,0,Backing Unsafely,Convertible,MANHATTAN,10021.0,2025,7,Sunday,0.0,Low
2024-08-06,19:28,40.83442,-73.86296999999999,MCGRAW AVENUE,0.0,0,0,0,0,0,0,0,Driver Inattention/Distraction,Sedan,BRONX,10462.0,2024,8,Tuesday,0.0,Low
2021-05-24,18:23,40.61149,-73.972404,AVENUE O,0.0,0,0,0,0,0,0,0,Driver Inattention/Distraction,Sedan,BROOKLYN,11230.0,2021,5,Monday,0.0,Low
2021-08-08,11:55,40.667095,-73.92276,RALPH AVENUE,0.0,0,0,0,1,0,0,0,Pedestrian/Bicyclist/Other Pedestrian Error/Confusion,Station Wagon/Sport Utility Vehicle,BROOKLYN,11212.0,2021,8,Sunday,0.0,Low
2022-05-08,22:45,40.682243,-73.82222,109 AVENUE,0.0,0,0,0,0,0,0,0,Failure to Yield Right-of-Way,Station Wagon/Sport Utility Vehicle,QUEENS,11419.0,2022,5,Sunday,0.0,Low
2024-04-02,01:30,40.750645,-73.94566,21 STREET,0.0,0,0,0,0,0,0,0,Driver Inattention/Distraction,Sedan,QUEENS,11101.0,2024,4,Tuesday,0.0,Low
2022-01-04,08:59,40.740894,-73.89961,QUEENS BOULEVARD,0.0,0,0,0,0,0,1,0,Driver Inattention/Distraction,Sedan,QUEENS,11377.0,2022,1,Tuesday,0.0,Low
2021-01-08,18:07,40.774113,-73.98863,WEST END AVENUE,0.0,0,0,0,0,0,1,0,Failure to Yield Right-of-Way,Ambulance,Unknown,,2021,1,Friday,0.0,Low
2023-09-08,00:30,40.857409999999994,-73.92293000000001,HARLEM RIVER DRIVE,0.0,0,0,0,0,0,0,0,Unsafe Speed,Station Wagon/Sport Utility Vehicle,Unknown,,2023,9,Friday,0.0,Low
2024-12-21,23:08,0.0,0.0,,0.0,0,1,0,0,0,0,0,Aggressive Driving/Road Rage,Unknown,BRONX,10472.0,2024,12,Saturday,0.0,Low
2021-09-17,13:22,40.66319,-73.93727,TROY AVENUE,0.0,0,0,0,0,0,2,0,Driver Inattention/Distraction,Sedan,Unknown,,2021,9,Friday,0.0,Low
2022-08-14,15:54,40.608000000000004,-74.001724,18 AVENUE,0.0,0,0,0,1,0,0,0,Driver Inattention/Distraction,Bike,Unknown,,2022,8,Sunday,0.0,Low
2021-10-17,08:56,40.6082027,-73.9207095,FLATBUSH AVENUE,0.0,0,0,0,0,0,0,0,Driver Inattention/Distraction,Station Wagon/Sport Utility Vehicle,BROOKLYN,11234.0,2021,10,Sunday,0.0,Low
2024-06-17,17:59,40.638596,-73.9193,RALPH AVENUE,0.0,0,2,0,0,0,0,0,Glare,Sedan,BROOKLYN,11236.0,2024,6,Monday,0.0,Low
2023-06-12,13:00,40.584755,-73.94712,BELT PARKWAY,0.0,0,0,0,0,0,1,0,Unspecified,Sedan,Unknown,,2023,6,Monday,0.0,Low
2024-08-22,20:09,40.8439,-73.9117,EAST 173 STREET,0.0,0,2,0,0,0,0,0,Unspecified,Station Wagon/Sport Utility Vehicle,BRONX,10452.0,2024,8,Thursday,0.0,Low
2024-12-04,00:34,40.754875,-73.96853,2 AVENUE,0.0,0,0,0,0,0,0,0,Driver Inattention/Distraction,Taxi,MANHATTAN,10022.0,2024,12,Wednesday,0.0,Low
2023-07-13,16:25,40.88893,-73.86579,BRONX RIVER PARKWAY,0.0,0,0,0,0,0,1,0,Reaction to Uninvolved Vehicle,Motorcycle,Unknown,,2023,7,Thursday,0.0,Low
2021-02-18,12:20,40.633953000000005,-74.02083,,0.0,0,0,0,0,0,0,0,Following Too Closely,Sedan,BROOKLYN,11220.0,2021,2,Thursday,0.0,Low
2023-04-07,00:15,40.606590000000004,-74.03238,BELT PARKWAY,0.0,0,0,0,0,0,0,0,Driver Inattention/Distraction,Sedan,Unknown,,2023,4,Friday,0.0,Low
2025-02-21,19:20,40.755596000000004,-73.866,,0.0,0,0,0,0,0,1,0,Driver Inattention/Distraction,Sedan,QUEENS,11368.0,2025,2,Friday,0.0,Low
2025-08-24,00:50,40.664032,-73.77065,177 ST,0.0,0,1,0,0,0,0,0,Unspecified,Sedan,Unknown,,2025,8,Sunday,0.0,Low
2022-04-03,00:59,40.773334999999996,-73.94421,FDR DRIVE,0.0,0,0,0,0,0,0,0,Unsafe Speed,Sedan,Unknown,,2022,4,Sunday,0.0,Low
2021-03-01,15:45,40.8252,-73.867714,BRUCKNER BOULEVARD              ,0.0,0,0,0,0,0,0,0,Traffic Control Disregarded,Sedan,Unknown,,2021,3,Monday,0.0,Low
2024-11-01,08:36,40.68212,-74.00731,VAN BRUNT STREET,0.0,0,0,0,0,0,0,0,Driver Inexperience,Flat Bed,BROOKLYN,11231.0,2024,11,Friday,0.0,Low
2023-08-15,18:30,40.89999,-73.85301,WHITE PLAINS ROAD,0.0,0,0,0,0,0,0,0,Turning Improperly,Sedan,Unknown,,2023,8,Tuesday,0.0,Low
2025-05-10,14:00,40.676840000000006,-73.91669,,0.0,0,0,0,0,0,0,0,Driver Inattention/Distraction,Station Wagon/Sport Utility Vehicle,BROOKLYN,11233.0,2025,5,Saturday,0.0,Low
2022-06-27,05:46,40.753113,-73.93370999999999,30 STREET,0.0,0,0,0,0,0,0,0,Oversized Vehicle,Box Truck,Unknown,,2022,6,Monday,0.0,Low
2021-05-01,12:08,40.576828000000006,-73.9651,BRIGHTON BEACH AVENUE           ,0.0,0,0,0,0,0,0,0,Unspecified,Station Wagon/Sport Utility Vehicle,BROOKLYN,11235.0,2021,5,Saturday,0.0,Low
2023-05-08,01:13,40.75011,-73.91541,BARNETT AVENUE,0.0,0,0,0,0,0,0,0,Driver Inattention/Distraction,Station Wagon/Sport Utility Vehicle,QUEENS,11104.0,2023,5,Monday,0.0,Low
2025-01-18,17:14,40.689632,-73.802666,INWOOD ST,0.0,0,0,0,0,0,1,0,Unspecified,Sedan,QUEENS,11435.0,2025,1,Saturday,0.0,Low
2025-08-17,21:51,40.572790000000005,-73.995964,W 30 ST,0.0,0,0,0,0,0,1,0,Driver Inattention/Distraction,Station Wagon/Sport Utility Vehicle,BROOKLYN,11224.0,2025,8,Sunday,0.0,Low
2026-08-01,18:05,40.646187,-73.89347,,0.0,0,0,0,0,0,0,0,Driver Inattention/Distraction,Station Wagon/Sport Utility Vehicle,BROOKLYN,11236.0,2026,8,Saturday,0.0,Low
2022-01-09,17:13,40.62149,-74.02622,86 STREET,0.0,0,0,0,0,0,1,0,Drugs (illegal),Sedan,BROOKLYN,11209.0,2022,1,Sunday,0.0,Low
2024-10-03,11:26,40.852309999999996,-73.862724,,0.0,0,0,0,0,0,0,0,Unspecified,Sedan,BRONX,10462.0,2024,10,Thursday,0.0,Low
2022-05-29,23:11,40.605656,-74.18097,,0.0,0,0,0,0,0,1,0,Driver Inattention/Distraction,Sedan,Unknown,,2022,5,Sunday,0.0,Low
2024-10-08,21:00,40.626217,-74.15783,UNION AVENUE,0.0,0,0,0,0,0,1,0,Driver Inattention/Distraction,Station Wagon/Sport Utility Vehicle,Unknown,,2024,10,Tuesday,0.0,Low
2023-11-17,18:00,40.794754,-73.94235,3 AVENUE,0.0,0,1,0,0,0,0,0,Failure to Yield Right-of-Way,Sedan,MANHATTAN,10029.0,2023,11,Friday,0.0,Low
2026-02-23,13:58,40.645340000000004,-73.977776,E 3 ST,0.0,0,0,0,0,0,0,0,Driver Inattention/Distraction,Station Wagon/Sport Utility Vehicle,BROOKLYN,11218.0,2026,2,Monday,0.0,Low
2023-11-25,09:30,40.767776,-73.903595,GRAND CENTRAL PKWY,0.0,0,0,0,0,0,1,0,Unsafe Speed,Sedan,Unknown,,2023,11,Saturday,0.0,Low
2023-12-15,09:40,40.63962,-74.08420600000001,,0.0,0,0,0,0,0,0,0,Driver Inattention/Distraction,Station Wagon/Sport Utility Vehicle,STATEN ISLAND,10301.0,2023,12,Friday,0.0,Low
2022-06-21,08:47,40.68354,-73.81065,111 AVENUE,0.0,0,0,0,0,0,0,0,Traffic Control Disregarded,Sedan,QUEENS,11420.0,2022,6,Tuesday,0.0,Low
2025-07-10,19:02,40.797867,-73.96758,W 102 ST,0.0,0,0,0,0,0,0,0,Other Lighting Defects,Sedan,MANHATTAN,10025.0,2025,7,Thursday,0.0,Low
2022-01-09,21:05,40.74303,-73.83216,LONG ISLAND EXPRESSWAY,0.0,0,0,0,0,0,0,0,Unsafe Lane Changing,Tractor Truck Diesel,Unknown,,2022,1,Sunday,0.0,Low
2021-03-20,21:55,0.0,0.0,MAC DOUGAL STREET               ,0.0,0,0,0,0,0,0,0,Passing Too Closely,Sedan,Unknown,,2021,3,Saturday,0.0,Low
2022-07-19,20:50,40.69939,-73.91938,BUSHWICK AVENUE,0.0,0,0,0,0,0,1,0,Driver Inattention/Distraction,Station Wagon/Sport Utility Vehicle,BROOKLYN,11221.0,2022,7,Tuesday,0.0,Low
2022-03-19,17:02,40.804584999999996,-73.91213,BRUCKNER BOULEVARD,0.0,0,0,0,0,0,0,0,Traffic Control Disregarded,Sedan,Unknown,,2022,3,Saturday,0.0,Low
2022-04-10,22:54,40.619976,-74.02369,86 STREET,0.0,0,0,0,1,0,0,0,Driver Inattention/Distraction,Station Wagon/Sport Utility Vehicle,BROOKLYN,11209.0,2022,4,Sunday,0.0,Low
2025-12-31,11:55,40.674285999999995,-73.81952,,0.0,0,0,0,0,0,0,0,Backing Unsafely,Station Wagon/Sport Utility Vehicle,QUEENS,11420.0,2025,12,Wednesday,0.0,Low
2024-11-01,08:30,40.676548,-73.96354000000001,WASHINGTON AVENUE,0.0,0,0,0,0,0,0,0,Passing Too Closely,Station Wagon/Sport Utility Vehicle,Unknown,,2024,11,Friday,0.0,Low
2022-09-23,20:50,40.863613,-73.92821500000001,ARDEN STREET,0.0,0,0,0,0,0,1,0,Driver Inattention/Distraction,Sedan,Unknown,,2022,9,Friday,0.0,Low
2023-11-18,22:30,40.723835,-73.90634,60 STREET,0.0,0,0,0,0,0,0,0,Aggressive Driving/Road Rage,Sedan,QUEENS,11378.0,2023,11,Saturday,0.0,Low
2022-12-17,13:00,40.612198,-74.0761,FLETCHER STREET,0.0,0,0,0,0,0,0,0,Turning Improperly,Station Wagon/Sport Utility Vehicle,STATEN ISLAND,10305.0,2022,12,Saturday,0.0,Low
2023-05-19,18:14,40.685658000000004,-73.98569499999999,BOND STREET,0.0,0,0,0,0,0,0,0,Pedestrian/Bicyclist/Other Pedestrian Error/Confusion,Bike,BROOKLYN,11217.0,2023,5,Friday,0.0,Low
2025-04-27,15:01,40.742443,-73.93021999999999,35 ST,0.0,0,0,0,0,0,0,0,Driver Inattention/Distraction,Sedan,QUEENS,11101.0,2025,4,Sunday,0.0,Low
2024-12-14,12:15,0.0,0.0,,0.0,0,1,0,0,0,0,0,Backing Unsafely,Sedan,MANHATTAN,10023.0,2024,12,Saturday,0.0,Low
2024-04-19,19:15,40.667313,-73.73926,LAURELTON PARKWAY,0.0,0,0,0,0,0,3,0,Driver Inattention/Distraction,Sedan,Unknown,,2024,4,Friday,0.0,Low
2021-02-23,16:00,40.816746,-73.92904,EAST 144 STREET                 ,0.0,0,0,0,0,0,0,0,Unspecified,Station Wagon/Sport Utility Vehicle,BRONX,10451.0,2021,2,Tuesday,0.0,Low
2026-03-17,17:28,40.724174,-73.93735500000001,BROOKLYN QUEENS EXPRESSWAY,0.0,0,0,0,0,0,1,0,Unspecified,Station Wagon/Sport Utility Vehicle,Unknown,,2026,3,Tuesday,0.0,Low
2025-02-13,23:16,40.682888,-73.784874,LAKEVIEW BLVD E,0.0,0,0,0,0,0,0,0,Unsafe Speed,Station Wagon/Sport Utility Vehicle,QUEENS,11434.0,2025,2,Thursday,0.0,Low
2023-11-18,11:54,40.660667,-73.914276,,0.0,0,0,0,0,0,0,0,Unspecified,Sedan,BROOKLYN,11212.0,2023,11,Saturday,0.0,Low
2026-06-01,18:43,40.658390000000004,-73.83938,,0.0,0,0,0,0,0,1,0,Backing Unsafely,Sedan,QUEENS,11414.0,2026,6,Monday,0.0,Low
2025-03-16,03:49,40.618320000000004,-73.96293,E 12 ST,0.0,0,0,0,0,0,0,0,Driver Inattention/Distraction,Sedan,BROOKLYN,11230.0,2025,3,Sunday,0.0,Low
2022-03-18,09:45,40.827946000000004,-73.95005,,0.0,0,0,0,0,0,0,0,Backing Unsafely,Station Wagon/Sport Utility Vehicle,MANHATTAN,10031.0,2022,3,Friday,0.0,Low
2022-10-03,08:00,40.76211,-73.92198,,0.0,0,0,0,0,0,0,0,Unspecified,Sedan,QUEENS,11106.0,2022,10,Monday,0.0,Low
2021-06-01,01:36,40.69257,-73.96672,,0.0,0,0,0,0,0,0,0,Alcohol Involvement,Station Wagon/Sport Utility Vehicle,BROOKLYN,11205.0,2021,6,Tuesday,0.0,Low
2024-05-20,18:25,40.634132,-73.91937,,0.0,0,0,0,0,0,0,0,Driver Inattention/Distraction,Station Wagon/Sport Utility Vehicle,BROOKLYN,11234.0,2024,5,Monday,0.0,Low
2025-09-06,05:25,0.0,0.0,,0.0,0,0,0,0,0,0,0,Unspecified,Sedan,QUEENS,11369.0,2025,9,Saturday,0.0,Low
2024-05-22,09:44,40.68185,-73.98004,4 AVENUE,0.0,0,0,0,0,0,1,0,Driver Inattention/Distraction,Sedan,BROOKLYN,11217.0,2024,5,Wednesday,0.0,Low
2022-05-15,16:48,40.669476,-73.919975,HOWARD AVENUE,0.0,0,0,0,0,0,1,0,Other Vehicular,Station Wagon/Sport Utility Vehicle,BROOKLYN,11233.0,2022,5,Sunday,0.0,Low
2023-08-08,11:30,40.745697,-73.946,,0.0,0,0,0,0,0,1,0,Passing or Lane Usage Improper,Sedan,QUEENS,11101.0,2023,8,Tuesday,0.0,Low
2025-08-29,19:08,40.764107,-73.96681,E 62 ST,0.0,0,0,0,1,0,0,0,Passing or Lane Usage Improper,Taxi,MANHATTAN,10065.0,2025,8,Friday,0.0,Low
2025-05-25,19:00,40.604153000000004,-74.05198,VERRAZANO BRIDGE UPPER,0.0,0,0,0,0,0,0,0,Following Too Closely,Sedan,Unknown,,2025,5,Sunday,0.0,Low
2024-05-22,07:40,40.560394,-74.120056,HYLAN BOULEVARD,0.0,0,0,0,0,0,0,0,Unspecified,Station Wagon/Sport Utility Vehicle,STATEN ISLAND,10306.0,2024,5,Wednesday,0.0,Low
2025-03-08,15:55,40.655632000000004,-73.95985999999999,PARKSIDE AVE,0.0,0,1,0,0,0,0,0,Failure to Yield Right-of-Way,Station Wagon/Sport Utility Vehicle,BROOKLYN,11225.0,2025,3,Saturday,0.0,Low
2026-01-30,16:20,40.725857,-73.83736999999999,GRAND CENTRAL PARKWAY,0.0,0,0,0,0,0,0,0,Unspecified,Sedan,Unknown,,2026,1,Friday,0.0,Low
2021-09-17,13:10,40.798621999999995,-73.94163,EAST 116 STREET,0.0,0,0,0,0,0,1,0,Driver Inattention/Distraction,Sedan,MANHATTAN,10029.0,2021,9,Friday,0.0,Low
2025-10-24,17:00,40.711467999999996,-73.82721,,0.0,0,0,0,0,0,0,0,Unspecified,Sedan,QUEENS,11415.0,2025,10,Friday,0.0,Low
2023-06-04,16:00,40.670326,-73.906494,,0.0,0,0,0,0,0,0,0,Unspecified,Sedan,BROOKLYN,11212.0,2023,6,Sunday,0.0,Low
2021-07-23,18:49,40.686577,-73.947464,GATES AVENUE,0.0,0,0,0,0,0,0,0,Driver Inattention/Distraction,Station Wagon/Sport Utility Vehicle,Unknown,,2021,7,Friday,0.0,Low
2023-09-14,12:50,40.75958,-73.76894,45 ROAD,0.0,0,0,0,0,0,0,0,Unspecified,Station Wagon/Sport Utility Vehicle,QUEENS,11361.0,2023,9,Thursday,0.0,Low
2023-01-31,08:30,40.84366,-73.92005,WEST 172 STREET,0.0,0,0,0,0,0,0,0,Passing Too Closely,Sedan,BRONX,10452.0,2023,1,Tuesday,0.0,Low
2024-07-31,14:49,40.63147,-73.91955,EAST 59 STREET,0.0,0,0,0,0,0,0,0,Driver Inattention/Distraction,Sedan,BROOKLYN,11234.0,2024,7,Wednesday,0.0,Low
2025-02-25,00:00,40.85265,-73.83388000000001,,0.0,0,0,0,0,0,0,0,Driver Inattention/Distraction,Sedan,BRONX,10461.0,2025,2,Tuesday,0.0,Low
2023-11-17,08:14,40.762745,-73.83329,NORTHERN BOULEVARD,0.0,0,0,0,0,0,0,0,Unspecified,Box Truck,QUEENS,11354.0,2023,11,Friday,0.0,Low
2025-07-06,10:15,40.763733,-73.94139,VERNON BLVD,0.0,0,0,0,0,0,3,0,Driver Inattention/Distraction,Station Wagon/Sport Utility Vehicle,QUEENS,11106.0,2025,7,Sunday,0.0,Low
2025-10-05,14:14,40.88548,-73.858376,E 223 ST,0.0,0,0,0,0,0,0,0,Unspecified,Station Wagon/Sport Utility Vehicle,BRONX,10466.0,2025,10,Sunday,0.0,Low
2023-02-22,20:12,40.669476,-73.919975,EASTERN PARKWAY,0.0,0,0,0,0,0,0,0,Driver Inattention/Distraction,Sedan,BROOKLYN,11233.0,2023,2,Wednesday,0.0,Low
2022-12-11,14:48,40.724334999999996,-73.72464000000001,CROSS ISLAND PARKWAY,0.0,0,0,0,0,0,0,0,Unsafe Lane Changing,Sedan,QUEENS,11426.0,2022,12,Sunday,0.0,Low
2024-01-13,14:00,40.719093,-73.93889,,0.0,0,0,0,0,0,0,0,Backing Unsafely,Sedan,BROOKLYN,11222.0,2024,1,Saturday,0.0,Low
2021-05-26,08:36,40.767672999999995,-73.98306,,0.0,0,1,0,0,0,0,0,Backing Unsafely,Pick-up Truck,MANHATTAN,10019.0,2021,5,Wednesday,0.0,Low
2022-06-13,12:20,40.66425,-73.922104,EAST 98 STREET,0.0,0,0,0,0,0,0,0,View Obstructed/Limited,Sedan,BROOKLYN,11212.0,2022,6,Monday,0.0,Low
2022-09-27,08:02,40.819266999999996,-73.884865,SENECA AVENUE,0.0,0,0,0,0,0,0,0,Unspecified,Sedan,BRONX,10474.0,2022,9,Tuesday,0.0,Low
2022-03-03,18:20,40.706264000000004,-73.93905,BUSHWICK PLACE,0.0,0,0,0,0,0,0,0,Steering Failure,Sedan,Unknown,,2022,3,Thursday,0.0,Low
2022-04-27,18:40,40.861862,-73.91275,MAJOR DEEGAN EXPRESSWAY,0.0,0,0,0,0,0,0,0,Following Too Closely,Sedan,BRONX,10453.0,2022,4,Wednesday,0.0,Low
2025-11-17,18:10,40.898303999999996,-73.85597,,0.0,0,0,0,0,0,0,0,Backing Unsafely,Station Wagon/Sport Utility Vehicle,BRONX,10466.0,2025,11,Monday,0.0,Low
2023-06-06,19:28,40.654140000000005,-73.88731999999999,PENNSYLVANIA AVENUE,0.0,0,0,0,0,0,0,0,Unspecified,Sedan,BROOKLYN,11207.0,2023,6,Tuesday,0.0,Low
2021-08-28,10:00,40.761448,-73.98803000000001,,0.0,0,1,0,0,0,0,0,Backing Unsafely,Sedan,MANHATTAN,10036.0,2021,8,Saturday,0.0,Low
2022-03-23,18:10,40.72378,-74.00144,,0.0,0,0,0,0,0,0,0,Driver Inattention/Distraction,Station Wagon/Sport Utility Vehicle,MANHATTAN,10012.0,2022,3,Wednesday,0.0,Low
2023-09-15,21:52,40.651276,-73.94003000000001,CHURCH AVENUE,0.0,0,0,0,0,0,0,0,Unspecified,Sedan,BROOKLYN,11203.0,2023,9,Friday,0.0,Low
2022-09-04,13:15,40.814102,-73.940865,WEST 135 STREET,0.0,0,1,0,0,0,0,0,Pedestrian/Bicyclist/Other Pedestrian Error/Confusion,Taxi,Unknown,,2022,9,Sunday,0.0,Low
2025-09-22,05:31,40.727207,-73.90741,BORDEN AVENUE,0.0,0,0,0,0,0,0,0,Driver Inattention/Distraction,Sedan,Unknown,,2025,9,Monday,0.0,Low
2022-09-29,08:50,40.793552000000005,-73.821465,7 AVENUE,0.0,0,0,0,0,0,2,0,View Obstructed/Limited,Sedan,Unknown,,2022,9,Thursday,0.0,Low
2022-08-15,17:56,40.76769,-73.93619,BROADWAY,0.0,0,0,0,0,0,0,0,Passing or Lane Usage Improper,Sedan,Unknown,,2022,8,Monday,0.0,Low
2025-11-25,11:15,40.566227000000005,-74.12024,TYSENS LN,0.0,0,0,0,0,0,3,0,Following Too Closely,Sedan,STATEN ISLAND,10306.0,2025,11,Tuesday,0.0,Low
2024-03-25,19:28,40.585114000000004,-73.98597,,0.0,0,0,0,0,0,0,0,Unspecified,Sedan,BROOKLYN,11214.0,2024,3,Monday,0.0,Low
2025-02-16,04:20,40.715145,-73.74936,JAMAICA AVE,0.0,0,0,0,0,0,0,0,Traffic Control Disregarded,Sedan,QUEENS,11428.0,2025,2,Sunday,0.0,Low
2025-03-29,23:05,40.852524,-73.90002,VALENTINE AVE,0.0,0,0,0,0,0,0,0,Driver Inattention/Distraction,Sedan,BRONX,10457.0,2025,3,Saturday,0.0,Low
2024-11-30,12:33,0.0,0.0,,0.0,0,0,0,0,0,1,0,Unspecified,Sedan,MANHATTAN,10036.0,2024,11,Saturday,0.0,Low
2024-04-02,23:05,40.650703,-74.00449,40 STREET,0.0,0,0,0,0,0,0,0,Unspecified,Station Wagon/Sport Utility Vehicle,Unknown,,2024,4,Tuesday,0.0,Low
2023-05-13,12:30,40.757107,-73.99731,10 AVENUE,0.0,0,0,0,0,0,0,0,Steering Failure,Sedan,MANHATTAN,10018.0,2023,5,Saturday,0.0,Low
2023-01-21,10:00,40.77575,-73.81761999999999,,0.0,0,0,0,0,0,0,0,Backing Unsafely,Pick-up Truck,QUEENS,11354.0,2023,1,Saturday,0.0,Low
2022-06-04,16:45,40.88313,-73.89217,,0.0,0,0,0,0,0,0,0,Other Vehicular,Station Wagon/Sport Utility Vehicle,BRONX,10463.0,2022,6,Saturday,0.0,Low
2025-02-02,18:30,40.710957,-73.95111999999999,UNION AVE,0.0,0,0,0,1,0,0,0,Failure to Yield Right-of-Way,Sedan,BROOKLYN,11211.0,2025,2,Sunday,0.0,Low
2023-03-22,17:15,40.65718,-73.88898,,0.0,0,0,0,0,0,0,0,Driver Inattention/Distraction,Sedan,BROOKLYN,11207.0,2023,3,Wednesday,0.0,Low
2021-09-06,19:15,40.71074,-73.94548,MANHATTAN AVENUE,0.0,0,0,0,1,0,0,0,Pedestrian/Bicyclist/Other Pedestrian Error/Confusion,Sedan,Unknown,,2021,9,Monday,0.0,Low
2022-06-01,06:30,40.71431,-73.90801,,0.0,0,0,0,0,0,0,0,Unspecified,Station Wagon/Sport Utility Vehicle,QUEENS,11378.0,2022,6,Wednesday,0.0,Low
2025-05-25,00:00,40.867325,-73.84141,,0.0,0,0,0,0,0,0,0,Unspecified,Station Wagon/Sport Utility Vehicle,BRONX,10469.0,2025,5,Sunday,0.0,Low
2021-07-27,00:30,40.712357,-73.8263,,0.0,0,0,0,0,0,0,0,Backing Unsafely,Ambulance,QUEENS,11415.0,2021,7,Tuesday,0.0,Low
2021-09-25,16:10,40.753113,-73.86,108 STREET,0.0,0,0,0,0,0,0,0,Driver Inattention/Distraction,Sedan,QUEENS,11368.0,2021,9,Saturday,0.0,Low
2021-08-01,16:12,40.83204,-73.85564000000001,CROSS BRONX EXPRESSWAY          ,0.0,0,0,0,0,0,3,0,Passing Too Closely,Station Wagon/Sport Utility Vehicle,Unknown,,2021,8,Sunday,0.0,Low
2026-03-21,15:35,40.643745,-73.970085,CONEY ISLAND AVE,0.0,0,0,0,0,0,0,0,Unspecified,Sedan,BROOKLYN,11218.0,2026,3,Saturday,0.0,Low
2022-07-14,12:42,40.624123,-74.01063,11 AVENUE,0.0,0,0,0,0,0,3,0,Unspecified,Station Wagon/Sport Utility Vehicle,BROOKLYN,11228.0,2022,7,Thursday,0.0,Low
2022-03-12,00:40,40.734337,-74.00239599999999,7 AVENUE SOUTH,0.0,0,0,0,0,0,0,0,Driver Inattention/Distraction,Taxi,MANHATTAN,10014.0,2022,3,Saturday,0.0,Low
2024-08-28,20:51,40.75991,-73.95881999999999,YORK AVENUE,0.0,0,0,0,0,0,1,0,Driver Inattention/Distraction,Station Wagon/Sport Utility Vehicle,MANHATTAN,10065.0,2024,8,Wednesday,0.0,Low
2024-11-07,08:45,40.666885,-73.911964,SUTTER AVENUE,0.0,0,0,0,0,0,0,0,Passing Too Closely,Sedan,BROOKLYN,11212.0,2024,11,Thursday,0.0,Low
2024-10-14,14:18,40.628204,-74.01286,70 STREET,0.0,0,1,0,0,0,0,0,Backing Unsafely,Sedan,BROOKLYN,11228.0,2024,10,Monday,0.0,Low
2022-10-09,13:13,40.726259999999996,-73.95522,MESEROLE AVENUE,0.0,0,0,0,0,0,0,0,Turning Improperly,Sedan,BROOKLYN,11222.0,2022,10,Sunday,0.0,Low
2024-06-14,14:26,40.846115000000005,-73.94021,,0.0,0,1,0,0,0,0,0,Unspecified,Station Wagon/Sport Utility Vehicle,MANHATTAN,10033.0,2024,6,Friday,0.0,Low
2021-06-15,13:30,40.785374,-73.840294,128 STREET,0.0,0,0,0,0,0,0,0,Passing or Lane Usage Improper,Sedan,Unknown,,2021,6,Tuesday,0.0,Low
2024-03-18,12:20,40.706379999999996,-73.79998,161 STREET,0.0,0,0,0,0,0,0,0,Brakes Defective,Sedan,QUEENS,11432.0,2024,3,Monday,0.0,Low
2024-08-16,08:25,40.688990000000004,-73.865944,,0.0,0,0,0,0,0,1,0,Alcohol Involvement,Sedan,QUEENS,11421.0,2024,8,Friday,0.0,Low
2023-12-11,18:23,40.665462,-73.95201,,0.0,0,0,0,0,0,2,0,Driver Inattention/Distraction,Station Wagon/Sport Utility Vehicle,BROOKLYN,11225.0,2023,12,Monday,0.0,Low
2021-06-09,13:00,40.815437,-73.92399999999999,EAST 144 STREET,0.0,0,0,0,0,0,2,0,Driver Inattention/Distraction,Pick-up Truck,Unknown,,2021,6,Wednesday,0.0,Low
2022-09-25,13:28,40.765568,-73.96274,,0.0,0,0,0,1,0,0,0,Other Vehicular,Sedan,MANHATTAN,10065.0,2022,9,Sunday,0.0,Low
2022-05-02,12:27,40.832405,-73.90399000000001,,0.0,0,0,0,0,0,0,0,Unsafe Lane Changing,Station Wagon/Sport Utility Vehicle,BRONX,10456.0,2022,5,Monday,0.0,Low
2023-08-05,12:00,40.792244000000004,-73.94629,EAST 106 STREET,0.0,0,0,0,0,0,0,0,Failure to Yield Right-of-Way,Station Wagon/Sport Utility Vehicle,MANHATTAN,10029.0,2023,8,Saturday,0.0,Low
2025-07-07,09:32,40.686226,-73.91239,BUSHWICK AVE,0.0,0,0,0,0,0,1,0,Passing or Lane Usage Improper,Sedan,BROOKLYN,11207.0,2025,7,Monday,0.0,Low
2025-04-29,15:00,40.75595,-73.99073,W 40 ST,0.0,0,1,0,0,0,0,0,Pedestrian/Bicyclist/Other Pedestrian Error/Confusion,Sedan,MANHATTAN,10018.0,2025,4,Tuesday,0.0,Low
2025-10-17,16:55,40.843113,-73.9447,HENRY HUDSON PARKWAY RAMP,0.0,0,0,0,0,0,2,0,Unsafe Lane Changing,Station Wagon/Sport Utility Vehicle,Unknown,,2025,10,Friday,0.0,Low
2023-08-15,13:32,40.84062,-73.943855,,0.0,0,0,0,0,0,0,0,Unspecified,Sedan,MANHATTAN,10032.0,2023,8,Tuesday,0.0,Low
2021-05-11,16:35,40.65619,-73.93085500000001,,0.0,0,0,0,0,0,1,0,Backing Unsafely,Station Wagon/Sport Utility Vehicle,BROOKLYN,11203.0,2021,5,Tuesday,0.0,Low
2024-07-26,15:45,40.705414000000005,-73.78035,180 STREET,0.0,0,0,0,0,0,0,0,Driver Inattention/Distraction,Concrete Mixer,QUEENS,11412.0,2024,7,Friday,0.0,Low
2021-01-22,18:41,40.89463,-73.88229,MAJOR DEEGAN EXPRESSWAY         ,0.0,0,0,0,0,0,0,0,Alcohol Involvement,Sedan,Unknown,,2021,1,Friday,0.0,Low
2022-12-07,05:40,40.579525,-73.95586,BRIGHTON 13 STREET,0.0,0,0,0,0,0,0,0,Unspecified,Sedan,Unknown,,2022,12,Wednesday,0.0,Low
2023-07-27,03:30,40.817116,-73.88306999999999,,0.0,0,0,0,0,0,0,0,Backing Unsafely,Box Truck,BRONX,10474.0,2023,7,Thursday,0.0,Low
2023-08-14,06:50,40.605743,-73.898674,BELT PARKWAY,0.0,0,0,0,0,0,1,0,Unsafe Speed,Sedan,Unknown,,2023,8,Monday,0.0,Low
2023-06-21,18:44,40.713078,-73.98507,MONTGOMERY STREET,0.0,0,0,0,0,0,0,0,Passing or Lane Usage Improper,Sedan,Unknown,,2023,6,Wednesday,0.0,Low
2024-02-26,09:46,40.757732,-73.99686,WEST 39 STREET,0.0,0,0,0,0,0,0,0,Unsafe Lane Changing,Sedan,MANHATTAN,10018.0,2024,2,Monday,0.0,Low
2023-08-30,12:24,40.68372,-74.00334000000001,COLUMBIA STREET,0.0,0,0,0,0,0,1,0,Failure to Yield Right-of-Way,Sedan,BROOKLYN,11231.0,2023,8,Wednesday,0.0,Low
2022-09-10,19:11,40.85078,-73.91221999999999,WEST 177 STREET,0.0,0,0,0,0,0,0,0,Other Vehicular,Pick-up Truck,BRONX,10453.0,2022,9,Saturday,0.0,Low
2023-01-11,10:30,40.589844,-73.99110999999999,CROPSEY AVENUE,0.0,0,0,0,0,0,0,0,Driver Inattention/Distraction,Station Wagon/Sport Utility Vehicle,BROOKLYN,11214.0,2023,1,Wednesday,0.0,Low
2022-10-22,17:30,40.802727000000004,-73.937584,,0.0,0,0,0,0,0,0,0,Brakes Defective,Sedan,MANHATTAN,10035.0,2022,10,Saturday,0.0,Low
2023-04-23,01:50,40.868885,-73.9176,BROADWAY,0.0,0,0,0,0,0,0,0,Unsafe Speed,Sedan,Unknown,,2023,4,Sunday,0.0,Low
2023-05-21,05:50,40.791416,-73.829285,BOULEVARD,0.0,0,0,0,0,0,0,0,Passing Too Closely,Sedan,Unknown,,2023,5,Sunday,0.0,Low
2023-07-05,14:48,40.756190000000004,-73.99056999999999,,0.0,0,0,0,0,0,0,0,Unspecified,Station Wagon/Sport Utility Vehicle,MANHATTAN,10018.0,2023,7,Wednesday,0.0,Low
2021-03-02,22:45,40.848312,-73.89735,WASHINGTON AVENUE               ,0.0,0,0,0,0,0,0,0,Driver Inattention/Distraction,Sedan,BRONX,10457.0,2021,3,Tuesday,0.0,Low
2024-10-13,15:45,40.87314,-73.90572,BAILEY AVENUE,0.0,0,0,0,1,0,0,0,Pedestrian/Bicyclist/Other Pedestrian Error/Confusion,Bike,BRONX,10463.0,2024,10,Sunday,0.0,Low
2023-12-11,16:00,40.709095,-73.99622,FDR DRIVE,0.0,0,0,0,0,0,3,0,Unspecified,Station Wagon/Sport Utility Vehicle,Unknown,,2023,12,Monday,0.0,Low
2021-02-26,20:00,40.70831,-73.90394,,0.0,0,0,0,0,0,0,0,Unspecified,Station Wagon/Sport Utility Vehicle,QUEENS,11385.0,2021,2,Friday,0.0,Low
2021-09-08,23:10,40.748913,-73.9374,QUEENS BOULEVARD,0.0,0,0,0,0,0,0,0,Driver Inattention/Distraction,Station Wagon/Sport Utility Vehicle,QUEENS,11101.0,2021,9,Wednesday,0.0,Low
2024-12-15,19:15,40.669823,-73.909805,PITKIN AVE,0.0,0,0,0,0,0,0,0,Passing or Lane Usage Improper,Station Wagon/Sport Utility Vehicle,BROOKLYN,11212.0,2024,12,Sunday,0.0,Low
2023-01-03,11:30,40.695847,-73.90880600000001,JEFFERSON AVENUE,0.0,0,0,0,0,0,0,0,Passing Too Closely,Station Wagon/Sport Utility Vehicle,Unknown,,2023,1,Tuesday,0.0,Low
2023-10-05,10:00,40.866077000000004,-73.84073000000001,,0.0,0,0,0,0,0,0,0,Unspecified,Sedan,BRONX,10469.0,2023,10,Thursday,0.0,Low
2021-01-05,22:10,40.741394,-73.82303,LONG ISLAND EXPRESSWAY,0.0,0,0,0,0,0,0,0,Unsafe Speed,Station Wagon/Sport Utility Vehicle,Unknown,,2021,1,Tuesday,0.0,Low
2024-07-15,02:50,40.59122,-73.94013000000001,,0.0,0,0,0,0,0,1,0,Unspecified,Unknown,BROOKLYN,11235.0,2024,7,Monday,0.0,Low
2021-09-23,20:30,40.702614000000004,-73.96058000000001,BROOKLYN QUEENS EXPRESSWAY,0.0,0,0,0,0,0,0,0,Driver Inattention/Distraction,Sedan,Unknown,,2021,9,Thursday,0.0,Low
2021-08-01,00:00,40.665176,-73.9231,,0.0,0,0,0,0,0,0,0,Unspecified,Sedan,BROOKLYN,11212.0,2021,8,Sunday,0.0,Low
2022-04-15,16:31,40.862747,-73.90494,WEST FORDHAM ROAD,0.0,0,0,0,0,0,0,0,Unspecified,Taxi,BRONX,10468.0,2022,4,Friday,0.0,Low
2023-08-17,20:00,40.711845000000004,-73.859764,WOODHAVEN BOULEVARD,0.0,0,0,0,0,0,3,0,Traffic Control Disregarded,Sedan,QUEENS,11374.0,2023,8,Thursday,0.0,Low
2024-03-29,17:50,40.61913,-73.99019,65 STREET,0.0,0,0,0,1,0,0,0,Driver Inattention/Distraction,Sedan,Unknown,,2024,3,Friday,0.0,Low
2025-04-23,13:50,40.578625,-73.96667,OCEAN VIEW AVE,0.0,0,0,0,0,0,0,0,Failure to Yield Right-of-Way,Station Wagon/Sport Utility Vehicle,BROOKLYN,11235.0,2025,4,Wednesday,0.0,Low
2023-09-15,19:54,40.669434,-73.9255,BUFFALO AVENUE,0.0,0,0,0,0,0,0,0,Driver Inattention/Distraction,E-Scooter,BROOKLYN,11213.0,2023,9,Friday,0.0,Low
2022-05-09,14:00,40.846478000000005,-73.93400600000001,,0.0,0,0,0,0,0,0,0,Unspecified,Sedan,MANHATTAN,10033.0,2022,5,Monday,0.0,Low
2024-04-29,15:21,40.82083,-73.867,,0.0,0,0,0,0,0,0,0,Unsafe Speed,Sedan,BRONX,10473.0,2024,4,Monday,0.0,Low
2024-10-23,15:05,40.768932,-73.79191,32 AVENUE,0.0,0,1,0,0,0,0,0,Unspecified,Sedan,QUEENS,11358.0,2024,10,Wednesday,0.0,Low
2024-09-15,22:50,40.73198,-73.98196999999999,1 AVENUE,0.0,0,0,0,0,0,0,0,Other Vehicular,Sedan,MANHATTAN,10009.0,2024,9,Sunday,0.0,Low
2021-10-23,03:30,40.7184247,-73.9890869,,0.0,0,0,0,0,0,0,0,Unspecified,Taxi,MANHATTAN,10002.0,2021,10,Saturday,0.0,Low
2022-08-25,09:20,40.605095,-73.75469,,0.0,0,0,0,1,0,0,0,Driver Inattention/Distraction,Sedan,QUEENS,11691.0,2022,8,Thursday,0.0,Low
2021-06-20,16:56,40.666077,-73.995224,17 STREET,0.0,0,0,0,0,0,0,0,Turning Improperly,Sedan,BROOKLYN,11215.0,2021,6,Sunday,0.0,Low
2021-04-07,05:00,40.689976,-73.79955,FERNDALE AVENUE,0.0,0,0,0,0,0,0,0,Unsafe Speed,Sedan,QUEENS,11435.0,2021,4,Wednesday,0.0,Low
2024-02-18,08:00,40.590843,-73.81017,,0.0,0,0,0,0,0,0,0,Unspecified,Station Wagon/Sport Utility Vehicle,QUEENS,11693.0,2024,2,Sunday,0.0,Low
2024-10-15,15:37,40.693733,-73.98858,,0.0,0,0,0,0,0,0,0,Unspecified,Sedan,BROOKLYN,11201.0,2024,10,Tuesday,0.0,Low
2021-01-25,00:00,40.738586,-73.86366,,0.0,0,0,0,0,0,0,0,Unspecified,Unknown,QUEENS,11368.0,2021,1,Monday,0.0,Low
2022-04-20,10:05,40.738754,-74.0055,HUDSON STREET,0.0,0,0,0,0,0,0,0,Unspecified,Station Wagon/Sport Utility Vehicle,Unknown,,2022,4,Wednesday,0.0,Low
2021-11-17,13:00,40.702614000000004,-73.96058000000001,BROOKLYN QUEENS EXPRESSWAY,0.0,0,0,0,0,0,0,0,Following Too Closely,Station Wagon/Sport Utility Vehicle,Unknown,,2021,11,Wednesday,0.0,Low
2024-08-07,15:08,40.736,-73.867485,,0.0,0,0,0,0,0,0,0,Driver Inattention/Distraction,Bus,QUEENS,11373.0,2024,8,Wednesday,0.0,Low
2025-04-27,21:00,40.66939,-73.91748,SARATOGA AVE,0.0,0,0,0,0,0,0,0,Brakes Defective,Station Wagon/Sport Utility Vehicle,Unknown,,2025,4,Sunday,0.0,Low
2025-04-10,13:16,40.617416,-74.002235,,0.0,0,0,0,0,0,1,0,Driver Inattention/Distraction,Station Wagon/Sport Utility Vehicle,BROOKLYN,11228.0,2025,4,Thursday,0.0,Low
2022-11-12,21:10,40.671566,-73.78466,132 AVENUE,0.0,0,0,0,0,0,0,0,Unspecified,Sedan,QUEENS,11434.0,2022,11,Saturday,0.0,Low
2023-09-04,23:00,40.835716,-73.855446,,0.0,0,0,0,0,0,0,0,Unspecified,Station Wagon/Sport Utility Vehicle,BRONX,10462.0,2023,9,Monday,0.0,Low
2024-04-13,22:00,40.700485,-73.9025,MYRTLE AVENUE,0.0,0,0,0,0,0,0,0,Unspecified,Sedan,QUEENS,11385.0,2024,4,Saturday,0.0,Low
2025-02-22,22:37,40.87829,-73.870056,E GUN HILL RD,0.0,0,0,0,0,0,4,0,Driver Inattention/Distraction,Sedan,BRONX,10465.0,2025,2,Saturday,0.0,Low
2021-01-16,18:33,40.832607,-73.91762,MCCLELLAN STREET                ,0.0,0,0,0,0,0,0,0,Alcohol Involvement,Sedan,Unknown,,2021,1,Saturday,0.0,Low
2025-03-18,14:00,40.64573,-74.01915,,0.0,0,0,0,0,0,0,0,Driver Inattention/Distraction,Sedan,BROOKLYN,11220.0,2025,3,Tuesday,0.0,Low
2022-07-16,09:12,40.732937,-73.843636,GRAND CENTRAL PKWY,0.0,0,0,0,0,0,1,0,Illnes,Sedan,Unknown,,2022,7,Saturday,0.0,Low
2021-05-14,03:30,40.817585,-73.9235,,0.0,0,0,0,0,0,0,0,Unspecified,Station Wagon/Sport Utility Vehicle,BRONX,10451.0,2021,5,Friday,0.0,Low
2021-09-05,09:00,40.786797,-73.81219499999999,,0.0,0,0,0,0,0,0,0,Passing Too Closely,Sedan,QUEENS,11357.0,2021,9,Sunday,0.0,Low
2025-10-22,04:01,40.74092,-73.93338,48 AVE,0.0,0,0,0,0,0,0,0,Driver Inattention/Distraction,Sedan,QUEENS,11101.0,2025,10,Wednesday,0.0,Low
2024-07-13,11:30,40.747456,-73.88556,,0.0,0,0,0,0,0,0,0,Unspecified,Sedan,QUEENS,11372.0,2024,7,Saturday,0.0,Low
2021-10-13,20:23,40.670296,-73.90655500000001,,0.0,0,1,0,0,0,0,0,Unspecified,Station Wagon/Sport Utility Vehicle,BROOKLYN,11212.0,2021,10,Wednesday,0.0,Low
2021-07-16,20:35,40.708304999999996,-73.948425,LORIMER STREET,0.0,0,0,0,1,0,0,0,Driver Inattention/Distraction,E-Bike,BROOKLYN,11206.0,2021,7,Friday,0.0,Low
2022-08-10,06:57,40.819576,-73.9421,,0.0,0,0,0,0,0,0,0,Passing or Lane Usage Improper,Station Wagon/Sport Utility Vehicle,MANHATTAN,10030.0,2022,8,Wednesday,0.0,Low
2023-10-09,12:40,40.824417,-73.87357,BRUCKNER BOULEVARD,0.0,0,0,0,0,0,0,0,Other Vehicular,Station Wagon/Sport Utility Vehicle,Unknown,,2023,10,Monday,0.0,Low
2022-10-22,06:55,40.764571999999994,-73.95543,,0.0,0,0,0,0,0,1,0,Failure to Yield Right-of-Way,Sedan,MANHATTAN,10065.0,2022,10,Saturday,0.0,Low
2022-08-11,18:00,40.725615999999995,-73.98671999999999,,0.0,0,1,0,0,0,0,0,Driver Inattention/Distraction,Sedan,MANHATTAN,10009.0,2022,8,Thursday,0.0,Low
2025-06-18,22:30,40.84487,-73.92068,CROSS BRONX EXPY,0.0,0,0,0,0,0,0,0,Aggressive Driving/Road Rage,Sedan,Unknown,,2025,6,Wednesday,0.0,Low
2025-07-20,15:13,40.698677,-73.90953,WYCKOFF AVE,0.0,0,0,0,0,0,0,0,Driver Inattention/Distraction,Sedan,QUEENS,11385.0,2025,7,Sunday,0.0,Low
2022-04-29,14:30,0.0,0.0,AVENUE I,0.0,0,0,0,0,0,0,0,Turning Improperly,Station Wagon/Sport Utility Vehicle,BROOKLYN,11234.0,2022,4,Friday,0.0,Low
2024-02-07,22:30,40.69578,-73.917076,WILSON AVENUE,0.0,0,0,0,0,0,0,0,Driver Inattention/Distraction,AMBULANCE,BROOKLYN,11221.0,2024,2,Wednesday,0.0,Low
2021-07-25,15:48,40.77447,-73.9924,HENRY HUDSON PARKWAY,0.0,0,0,0,0,0,1,0,Driver Inattention/Distraction,Sedan,Unknown,,2021,7,Sunday,0.0,Low
2023-03-26,13:00,40.70313,-73.816795,VAN WYCK EXPWY,0.0,0,0,0,0,0,0,0,Unsafe Lane Changing,Station Wagon/Sport Utility Vehicle,Unknown,,2023,3,Sunday,0.0,Low
2026-04-01,11:50,40.753765,-73.804886,162 ST,0.0,0,0,0,0,0,0,0,Backing Unsafely,Station Wagon/Sport Utility Vehicle,QUEENS,11358.0,2026,4,Wednesday,0.0,Low
2023-08-24,13:13,40.711407,-73.98975,,0.0,0,0,0,0,0,0,0,Unspecified,Station Wagon/Sport Utility Vehicle,MANHATTAN,10002.0,2023,8,Thursday,0.0,Low
2025-05-16,12:20,40.572483,-73.99169,,0.0,0,0,0,0,0,0,0,Unspecified,PK,BROOKLYN,11224.0,2025,5,Friday,0.0,Low
2022-11-05,15:45,40.861828,-73.89286,EAST FORDHAM ROAD,0.0,0,0,0,0,0,0,0,Following Too Closely,Station Wagon/Sport Utility Vehicle,Unknown,,2022,11,Saturday,0.0,Low
2025-02-12,14:30,40.730309999999996,-73.89997,,0.0,0,0,0,0,0,1,0,Lost Consciousness,Sedan,QUEENS,11378.0,2025,2,Wednesday,0.0,Low
2023-11-10,17:46,40.731064,-74.00801,GREENWICH STREET,0.0,0,0,0,1,0,0,0,Failure to Yield Right-of-Way,Sedan,MANHATTAN,10014.0,2023,11,Friday,0.0,Low
2022-04-24,16:50,0.0,0.0,WEST 40 STREET,0.0,0,0,0,0,0,0,0,Driver Inattention/Distraction,Sedan,MANHATTAN,10016.0,2022,4,Sunday,0.0,Low
2023-03-12,20:30,40.6612,-73.85184,BELT PARKWAY,0.0,0,0,0,0,0,0,0,Driver Inattention/Distraction,Sedan,Unknown,,2023,3,Sunday,0.0,Low
2022-11-14,09:47,40.676014,-73.90511,,0.0,0,0,0,0,0,1,0,Driver Inattention/Distraction,Motorcycle,BROOKLYN,11233.0,2022,11,Monday,0.0,Low
2025-10-04,15:08,40.70442,-73.951904,HARRISON AVE,0.0,0,1,0,0,0,0,0,Unspecified,Station Wagon/Sport Utility Vehicle,BROOKLYN,11206.0,2025,10,Saturday,0.0,Low
2024-03-12,13:34,40.821262,-73.946075,W 141 ST,0.0,0,0,0,1,0,0,0,Failure to Yield Right-of-Way,Bike,MANHATTAN,10030.0,2024,3,Tuesday,0.0,Low
2022-03-17,03:47,40.76031,-73.95785500000001,,0.0,0,0,0,0,0,0,0,Following Too Closely,Station Wagon/Sport Utility Vehicle,MANHATTAN,10065.0,2022,3,Thursday,0.0,Low
2024-11-15,04:35,40.595890000000004,-74.08588,QUINTARD ST,0.0,0,0,0,0,0,1,0,Alcohol Involvement,Sedan,STATEN ISLAND,10305.0,2024,11,Friday,0.0,Low
2022-10-28,23:50,40.885624,-73.87906,,0.0,0,0,0,0,0,0,0,Unknown,Unknown,BRONX,10467.0,2022,10,Friday,0.0,Low
2023-08-26,21:10,40.815940000000005,-73.94524399999999,,0.0,0,0,0,0,0,6,0,Driver Inattention/Distraction,Station Wagon/Sport Utility Vehicle,MANHATTAN,10030.0,2023,8,Saturday,0.0,Low
2021-03-01,18:00,40.71286,-73.96579,SOUTH 4 STREET                  ,0.0,0,0,0,0,0,0,0,Passing or Lane Usage Improper,Station Wagon/Sport Utility Vehicle,BROOKLYN,11249.0,2021,3,Monday,0.0,Low
2023-04-21,10:00,40.788982,-73.93039,,0.0,0,0,0,0,0,0,0,Driver Inattention/Distraction,Pick-up Truck,MANHATTAN,10035.0,2023,4,Friday,0.0,Low
2024-01-17,18:20,40.687870000000004,-73.98421,,0.0,0,0,0,0,0,0,0,Unspecified,Sedan,BROOKLYN,11217.0,2024,1,Wednesday,0.0,Low
2024-12-21,19:08,40.754505,-73.9657,E 51 ST,0.0,0,1,0,0,0,0,0,Driver Inattention/Distraction,Taxi,MANHATTAN,10022.0,2024,12,Saturday,0.0,Low
2021-06-16,12:00,40.636425,-74.00501,56 STREET,0.0,0,1,0,0,0,0,0,Driver Inattention/Distraction,Station Wagon/Sport Utility Vehicle,BROOKLYN,11220.0,2021,6,Wednesday,0.0,Low
2025-09-19,08:23,40.703804,-73.82344,METROPOLITAN AVE,0.0,0,0,0,0,0,1,0,Failure to Yield Right-of-Way,Sedan,QUEENS,11415.0,2025,9,Friday,0.0,Low
2025-04-06,18:28,40.65572,-73.93739000000001,,0.0,0,0,0,0,0,0,0,Unspecified,Sedan,BROOKLYN,11203.0,2025,4,Sunday,0.0,Low
2024-03-30,14:00,40.579197,-73.98195,STILLWELL AVENUE,0.0,0,1,0,0,0,0,0,Driver Inattention/Distraction,Unknown,BROOKLYN,11224.0,2024,3,Saturday,0.0,Low
2025-05-29,16:42,40.82164,-73.93908,W 145 ST,0.0,0,0,0,1,0,0,0,Driver Inattention/Distraction,Sedan,MANHATTAN,10039.0,2025,5,Thursday,0.0,Low
2024-04-22,17:12,40.830154,-73.93964,WEST 155 STREET,0.0,0,0,0,0,0,0,0,Following Too Closely,E-Scooter,Unknown,,2024,4,Monday,0.0,Low
2021-11-08,17:17,40.8827,-73.89273,SEDGWICK AVENUE,0.0,0,0,0,0,0,1,0,Unspecified,Sedan,BRONX,10463.0,2021,11,Monday,0.0,Low
2024-12-18,22:40,40.563755,-74.17758,ARTHUR KILL RD,0.0,0,0,0,0,0,0,0,Pavement Slippery,Sedan,STATEN ISLAND,10312.0,2024,12,Wednesday,0.0,Low
2022-01-14,05:00,40.820816,-73.901146,,0.0,0,0,0,0,0,0,0,Unspecified,Sedan,BRONX,10459.0,2022,1,Friday,0.0,Low
2023-08-14,12:00,40.66454,-73.82276,LEFFERTS BOULEVARD,0.0,0,0,0,0,0,1,0,Passing or Lane Usage Improper,Station Wagon/Sport Utility Vehicle,QUEENS,11434.0,2023,8,Monday,0.0,Low
2026-01-17,21:00,40.730198,-74.00761999999999,,0.0,0,0,0,0,0,0,0,Unspecified,Station Wagon/Sport Utility Vehicle,MANHATTAN,10014.0,2026,1,Saturday,0.0,Low
2022-10-22,14:35,40.667625,-73.99424,,0.0,0,0,0,0,0,0,0,Other Vehicular,Sedan,BROOKLYN,11215.0,2022,10,Saturday,0.0,Low
2026-02-02,13:46,40.76513,-73.893196,,0.0,0,0,0,0,0,0,0,Unspecified,Tractor Truck Gasoline,QUEENS,11370.0,2026,2,Monday,0.0,Low
2024-09-05,07:00,40.900985999999996,-73.867836,KATONAH AVENUE,0.0,0,0,0,0,0,0,0,Other Vehicular,Sedan,BRONX,10470.0,2024,9,Thursday,0.0,Low
2023-02-20,01:51,40.61526,-74.16017,LAMBERTS LANE,0.0,0,0,0,0,0,0,0,Fell Asleep,Pick-up Truck,Unknown,,2023,2,Monday,0.0,Low
2024-10-27,01:45,40.722446000000005,-73.99929,,0.0,0,0,0,0,0,0,0,Driver Inattention/Distraction,Motorcycle,MANHATTAN,10012.0,2024,10,Sunday,0.0,Low
2023-08-31,09:45,40.757824,-73.86101,NORTHERN BOULEVARD,0.0,0,0,0,0,0,1,0,Failure to Yield Right-of-Way,Station Wagon/Sport Utility Vehicle,QUEENS,11368.0,2023,8,Thursday,0.0,Low
2023-06-13,00:00,40.721309999999995,-73.99471,SPRING STREET,0.0,0,1,0,0,0,0,0,Failure to Yield Right-of-Way,Sedan,MANHATTAN,10012.0,2023,6,Tuesday,0.0,Low
2025-03-03,16:26,40.628190000000004,-74.13605,CATHERINE ST,0.0,0,0,0,0,0,0,0,Outside Car Distraction,Sedan,Unknown,,2025,3,Monday,0.0,Low
2024-09-13,03:10,40.677715,-73.93587,TROY AVENUE,0.0,0,0,0,0,0,0,0,Driver Inattention/Distraction,Sedan,BROOKLYN,11213.0,2024,9,Friday,0.0,Low
2023-12-05,08:49,40.814170000000004,-73.93431,HARLEM RIVER DRIVE,0.0,0,0,0,0,0,1,0,Failure to Yield Right-of-Way,Station Wagon/Sport Utility Vehicle,Unknown,,2023,12,Tuesday,0.0,Low
2024-08-07,18:34,40.64654,-73.95774,,0.0,0,0,0,0,0,0,0,Unspecified,Station Wagon/Sport Utility Vehicle,BROOKLYN,11226.0,2024,8,Wednesday,0.0,Low
2021-03-07,20:51,40.59861,-73.938644,AVENUE V,0.0,0,0,0,0,0,0,0,Driver Inattention/Distraction,Sedan,BROOKLYN,11229.0,2021,3,Sunday,0.0,Low
2025-11-04,10:49,40.635273,-73.90924,E 83 ST,0.0,0,0,0,0,0,0,0,Driver Inattention/Distraction,Sedan,BROOKLYN,11236.0,2025,11,Tuesday,0.0,Low
2022-08-10,11:00,40.747208,-73.97769,,0.0,0,0,0,0,0,0,0,Unspecified,Sedan,MANHATTAN,10016.0,2022,8,Wednesday,0.0,Low
2025-03-26,09:30,40.74413,-73.92705,QUEENS BLVD,0.0,0,0,0,0,0,0,0,Unspecified,Garbage or Refuse,QUEENS,11101.0,2025,3,Wednesday,0.0,Low
2025-01-30,09:50,40.665733,-73.755585,BELT PARKWAY,0.0,0,0,0,0,0,2,0,Passing Too Closely,Sedan,Unknown,,2025,1,Thursday,0.0,Low
2022-08-12,01:25,40.757744,-73.99104,,0.0,0,0,0,0,0,0,0,Unsafe Lane Changing,Taxi,MANHATTAN,10036.0,2022,8,Friday,0.0,Low
2021-05-19,13:00,40.66496,-73.82226,BELT PARKWAY,0.0,0,0,0,0,0,1,0,Following Too Closely,Station Wagon/Sport Utility Vehicle,Unknown,,2021,5,Wednesday,0.0,Low
2022-12-31,22:18,40.831123,-73.89148,,0.0,0,0,0,0,0,0,0,Unspecified,Sedan,BRONX,10459.0,2022,12,Saturday,0.0,Low
2022-09-08,00:10,40.670790000000004,-73.9949,2 AVENUE,0.0,0,0,0,0,0,0,0,Driver Inattention/Distraction,Station Wagon/Sport Utility Vehicle,BROOKLYN,11215.0,2022,9,Thursday,0.0,Low
2025-01-03,01:34,40.751442,-73.97395999999999,3 AVE,0.0,0,0,0,0,0,0,0,Backing Unsafely,Sedan,MANHATTAN,10017.0,2025,1,Friday,0.0,Low
2025-12-10,23:44,40.680496000000005,-73.92857,MALCOLM X BLVD,0.0,0,1,0,0,0,0,0,Pavement Slippery,Station Wagon/Sport Utility Vehicle,BROOKLYN,11233.0,2025,12,Wednesday,0.0,Low
2023-10-08,15:00,40.675663,-73.9277,ROCHESTER AVENUE,0.0,0,0,0,0,0,0,0,Unspecified,Sedan,Unknown,,2023,10,Sunday,0.0,Low
2021-01-08,17:00,40.75829,-73.83431,COLLEGE POINT BOULEVARD,0.0,0,0,0,1,0,0,0,Passing Too Closely,Station Wagon/Sport Utility Vehicle,Unknown,,2021,1,Friday,0.0,Low
2025-01-18,23:00,40.851765,-73.9419,RIVERSIDE DR,0.0,0,0,0,0,0,0,0,Driver Inattention/Distraction,Sedan,MANHATTAN,10033.0,2025,1,Saturday,0.0,Low
2022-02-24,05:35,40.786724,-73.94821999999999,,0.0,0,0,0,0,0,3,0,Driver Inattention/Distraction,Station Wagon/Sport Utility Vehicle,MANHATTAN,10029.0,2022,2,Thursday,0.0,Low
2022-06-27,10:36,40.715263,-73.976326,FDR DRIVE,0.0,0,0,0,0,0,1,0,Driver Inattention/Distraction,Sedan,Unknown,,2022,6,Monday,0.0,Low
2021-08-15,09:00,40.882477,-73.845055,,0.0,0,0,0,0,0,0,0,Driver Inattention/Distraction,Station Wagon/Sport Utility Vehicle,BRONX,10466.0,2021,8,Sunday,0.0,Low
2024-10-11,22:30,40.631706,-73.94648000000001,FLATBUSH AVE,0.0,0,1,0,0,0,0,0,Unknown,Unknown,BROOKLYN,11210.0,2024,10,Friday,0.0,Low
2026-10-02,10:30,40.757977000000004,-73.91412,,0.0,0,0,0,0,0,0,0,Passing Too Closely,Sedan,QUEENS,11103.0,2026,10,Friday,0.0,Low
2023-05-20,00:40,40.648464000000004,-74.00683000000001,5 AVENUE,0.0,0,0,0,0,0,1,0,Failure to Yield Right-of-Way,Motorcycle,BROOKLYN,11220.0,2023,5,Saturday,0.0,Low
2024-04-20,19:54,40.66975,-73.91037,,0.0,0,0,0,0,0,0,0,Driver Inattention/Distraction,Station Wagon/Sport Utility Vehicle,BROOKLYN,11212.0,2024,4,Saturday,0.0,Low
2025-10-01,11:10,40.763943,-73.82815,UNION ST,0.0,0,1,0,0,0,0,0,Unknown,Bus,QUEENS,11354.0,2025,10,Wednesday,0.0,Low
2021-08-31,09:45,40.740833,-73.978775,,0.0,0,1,0,0,0,0,0,Driver Inattention/Distraction,Bike,MANHATTAN,10016.0,2021,8,Tuesday,0.0,Low
2021-02-27,05:25,40.806408000000005,-73.94015999999999,EAST 126 STREET                 ,0.0,0,1,0,0,0,0,0,Failure to Yield Right-of-Way,Station Wagon/Sport Utility Vehicle,MANHATTAN,10035.0,2021,2,Saturday,0.0,Low
2022-10-12,12:39,40.6238,-73.92351,EAST 54 STREET,0.0,0,0,0,0,0,1,0,Failure to Yield Right-of-Way,Sedan,BROOKLYN,11234.0,2022,10,Wednesday,0.0,Low
2025-07-12,00:00,40.66145,-73.93909000000001,,0.0,0,0,0,0,0,0,0,Driver Inattention/Distraction,Station Wagon/Sport Utility Vehicle,BROOKLYN,11203.0,2025,7,Saturday,0.0,Low
2025-05-09,08:29,40.55895,-74.1255,MONTREAL AVE,0.0,0,0,0,0,0,0,0,Turning Improperly,Sedan,STATEN ISLAND,10306.0,2025,5,Friday,0.0,Low
2025-06-11,10:24,40.625824,-74.08237,GORDON ST,0.0,0,0,0,0,0,0,0,Failure to Yield Right-of-Way,Sedan,STATEN ISLAND,10304.0,2025,6,Wednesday,0.0,Low
2021-11-01,17:00,40.74624,-73.89723000000001,68 STREET                       ,0.0,0,0,0,0,0,0,0,Unspecified,Station Wagon/Sport Utility Vehicle,QUEENS,11377.0,2021,11,Monday,0.0,Low
2025-12-10,17:05,40.737057,-73.90184,64 ST,0.0,0,0,0,0,0,1,0,Driver Inattention/Distraction,Station Wagon/Sport Utility Vehicle,QUEENS,11377.0,2025,12,Wednesday,0.0,Low
2022-02-12,06:00,40.676437,-73.74344,,0.0,0,0,0,0,0,0,0,Driver Inattention/Distraction,Sedan,QUEENS,11413.0,2022,2,Saturday,0.0,Low
2023-06-08,19:51,40.693005,-73.789856,UNION HALL STREET,0.0,0,0,0,0,0,0,0,Driver Inattention/Distraction,Sedan,QUEENS,11433.0,2023,6,Thursday,0.0,Low
2021-04-16,18:00,40.66584,-73.75551,BELT PARKWAY,0.0,0,0,0,0,0,0,0,Reaction to Uninvolved Vehicle,Sedan,Unknown,,2021,4,Friday,0.0,Low
2025-05-31,09:00,40.87182,-73.88455,,0.0,0,0,0,0,0,0,0,Driver Inattention/Distraction,Station Wagon/Sport Utility Vehicle,BRONX,10458.0,2025,5,Saturday,0.0,Low
2021-02-11,18:48,40.65531,-73.90318,STONE AVENUE,0.0,0,0,0,0,0,0,0,Unspecified,Station Wagon/Sport Utility Vehicle,BROOKLYN,11212.0,2021,2,Thursday,0.0,Low
2021-06-24,10:22,40.66365,-73.922966,,0.0,0,0,0,0,0,3,0,Driver Inattention/Distraction,MOPED,BROOKLYN,11212.0,2021,6,Thursday,0.0,Low
2025-01-12,15:15,40.748470000000005,-73.8897,,0.0,0,0,0,0,0,0,0,Other Vehicular,Sedan,QUEENS,11372.0,2025,1,Sunday,0.0,Low
2026-01-30,16:00,40.753536,-73.94337,,0.0,0,0,0,0,0,0,0,Turning Improperly,Sedan,QUEENS,11101.0,2026,1,Friday,0.0,Low
2025-03-08,21:37,40.742477,-73.99219000000001,,0.0,0,0,0,0,0,0,0,Unspecified,Sedan,MANHATTAN,10010.0,2025,3,Saturday,0.0,Low
2021-06-07,12:24,40.693459999999995,-73.93327,,0.0,0,0,0,0,0,0,0,Unspecified,Sedan,BROOKLYN,11221.0,2021,6,Monday,0.0,Low
2025-06-24,23:33,40.77661,-73.81787,,0.0,0,0,0,0,0,0,0,Unspecified,Sedan,QUEENS,11357.0,2025,6,Tuesday,0.0,Low
2023-08-19,11:12,40.679348,-73.97402,,0.0,0,0,0,0,0,1,0,Driver Inattention/Distraction,Moped,BROOKLYN,11217.0,2023,8,Saturday,0.0,Low
2022-03-25,16:54,40.684258,-73.923,,0.0,0,0,0,0,0,0,0,Other Vehicular,Station Wagon/Sport Utility Vehicle,BROOKLYN,11233.0,2022,3,Friday,0.0,Low
2025-11-28,18:50,40.83119,-73.91328,E 167 ST,0.0,0,1,0,0,0,0,0,Unspecified,Sedan,BRONX,10456.0,2025,11,Friday,0.0,Low
2022-10-02,00:39,40.844677000000004,-73.87977,VYSE AVENUE,0.0,0,0,0,0,0,0,0,Vehicle Vandalism,Sedan,BRONX,10460.0,2022,10,Sunday,0.0,Low
2021-04-04,11:30,40.676178,-73.9663,PARK PLACE                      ,0.0,0,0,0,0,0,0,0,Driver Inattention/Distraction,Station Wagon/Sport Utility Vehicle,Unknown,,2021,4,Sunday,0.0,Low
2024-08-31,23:59,40.643496999999996,-74.07418,,0.0,0,0,0,0,0,0,0,Unspecified,Station Wagon/Sport Utility Vehicle,STATEN ISLAND,10301.0,2024,8,Saturday,0.0,Low
2026-01-20,18:13,40.752205,-73.97018,,0.0,0,0,0,1,0,0,0,Unspecified,Station Wagon/Sport Utility Vehicle,MANHATTAN,10017.0,2026,1,Tuesday,0.0,Low
2025-09-08,18:05,40.633804,-73.88969399999999,SEAVIEW AVE,0.0,0,0,0,0,0,0,0,Unspecified,Sedan,BROOKLYN,11236.0,2025,9,Monday,0.0,Low
2024-05-26,14:00,40.839172,-73.943474,FORT WASHINGTON AVENUE,0.0,0,0,0,0,0,1,0,Unspecified,Station Wagon/Sport Utility Vehicle,MANHATTAN,10032.0,2024,5,Sunday,0.0,Low
2024-07-11,20:20,40.570465000000006,-74.109764,HYLAN BLVD,0.0,0,1,0,0,0,0,0,Failure to Yield Right-of-Way,Station Wagon/Sport Utility Vehicle,STATEN ISLAND,10306.0,2024,7,Thursday,0.0,Low
2024-07-06,00:00,40.663273,-73.75678,,0.0,0,0,0,0,0,0,0,Unspecified,Sedan,QUEENS,11413.0,2024,7,Saturday,0.0,Low
2022-02-18,23:10,40.755733,-73.79613499999999,171 STREET,0.0,0,0,0,0,0,0,0,View Obstructed/Limited,Station Wagon/Sport Utility Vehicle,Unknown,,2022,2,Friday,0.0,Low
2026-02-22,04:49,40.864464,-73.918945,10 AVE,0.0,0,0,0,0,0,1,0,Failure to Keep Right,Station Wagon/Sport Utility Vehicle,MANHATTAN,10034.0,2026,2,Sunday,0.0,Low
2025-05-20,00:00,40.85713,-73.88079,E FORDHAM RD,0.0,0,0,0,0,0,2,0,Unspecified,Sedan,BRONX,10458.0,2025,5,Tuesday,0.0,Low
2023-08-13,09:00,40.708709999999996,-73.77905,182 STREET,0.0,0,0,0,0,0,0,0,Accelerator Defective,Station Wagon/Sport Utility Vehicle,QUEENS,11423.0,2023,8,Sunday,0.0,Low
2022-08-25,19:25,40.834393,-73.94569399999999,,0.0,0,0,0,0,0,0,0,Unspecified,Sedan,MANHATTAN,10032.0,2022,8,Thursday,0.0,Low
2025-07-29,16:24,40.697540000000004,-73.98311600000001,CONCORD ST,0.0,0,0,0,0,0,1,0,Unspecified,Tractor Truck Diesel,BROOKLYN,11201.0,2025,7,Tuesday,0.0,Low
2021-05-10,16:50,40.670532,-73.91488000000001,EAST NEW YORK AVENUE,0.0,0,0,0,0,0,0,0,Unspecified,Station Wagon/Sport Utility Vehicle,Unknown,,2021,5,Monday,0.0,Low
2023-09-06,08:15,40.829,-73.83641999999999,BRUCKNER EXPRESSWAY,0.0,0,0,0,0,0,0,0,Unsafe Lane Changing,Sedan,Unknown,,2023,9,Wednesday,0.0,Low
2021-09-15,15:12,40.66086,-73.89883,SNEDIKER AVENUE,0.0,0,0,0,0,0,0,0,Passing or Lane Usage Improper,Sedan,BROOKLYN,11207.0,2021,9,Wednesday,0.0,Low
2024-03-20,12:10,40.60954,-73.956505,KINGS HIGHWAY,0.0,0,0,0,0,0,0,0,Unspecified,Sedan,BROOKLYN,11229.0,2024,3,Wednesday,0.0,Low
2025-08-22,01:15,40.66494,-73.99664,GOWANUS EXPY (BQE),0.0,0,0,0,0,0,2,0,Unsafe Speed,Station Wagon/Sport Utility Vehicle,Unknown,,2025,8,Friday,0.0,Low
2022-04-15,15:45,40.68286,-73.78116,164 STREET,0.0,0,0,0,0,0,2,0,Failure to Yield Right-of-Way,Sedan,Unknown,,2022,4,Friday,0.0,Low
2023-02-27,08:51,40.673386,-73.77568000000001,BREWER BOULEVARD,0.0,0,0,0,0,0,0,0,Unspecified,Sedan,QUEENS,11434.0,2023,2,Monday,0.0,Low
2024-10-02,00:00,40.803115999999996,-73.95633000000001,8 AVENUE,0.0,0,0,0,0,0,1,0,Driver Inattention/Distraction,Motorcycle,Unknown,,2024,10,Wednesday,0.0,Low
2023-12-26,18:25,40.607685,-74.13892,STATEN ISLAND EXPRESSWAY,0.0,0,0,0,0,0,2,0,Following Too Closely,Sedan,Unknown,,2023,12,Tuesday,0.0,Low
2025-01-23,09:50,40.70945,-73.79746999999999,,0.0,0,0,0,0,0,0,0,Unspecified,Taxi,QUEENS,11432.0,2025,1,Thursday,0.0,Low
2021-02-22,21:09,40.7699,-73.91608000000001,GRAND CENTRAL PKWY              ,0.0,0,0,0,0,0,2,0,Alcohol Involvement,Sedan,Unknown,,2021,2,Monday,0.0,Low
2025-02-18,11:00,40.661,-73.89673,,0.0,0,0,0,0,0,0,0,Driver Inattention/Distraction,Station Wagon/Sport Utility Vehicle,BROOKLYN,11207.0,2025,2,Tuesday,0.0,Low
2024-06-08,17:00,40.547540000000005,-74.14409,OCEAN ROAD,0.0,0,0,0,1,0,0,0,Driver Inattention/Distraction,Sedan,STATEN ISLAND,10308.0,2024,6,Saturday,0.0,Low
2021-10-07,23:42,40.756565,-73.99028,WEST 41 STREET,0.0,0,0,0,0,0,0,0,Following Too Closely,Sedan,MANHATTAN,10036.0,2021,10,Thursday,0.0,Low
2023-06-30,08:23,40.627155,-73.96563,CONEY ISLAND AVENUE,0.0,0,0,0,0,0,0,0,Unspecified,Station Wagon/Sport Utility Vehicle,BROOKLYN,11230.0,2023,6,Friday,0.0,Low
2023-04-30,08:11,40.660216999999996,-73.89675,NEW LOTS AVENUE,0.0,0,0,0,0,0,0,0,Failure to Yield Right-of-Way,Sedan,BROOKLYN,11207.0,2023,4,Sunday,0.0,Low
2025-10-23,04:00,40.640606,-73.98323,37 ST,0.0,0,1,0,0,0,0,0,Driver Inattention/Distraction,Station Wagon/Sport Utility Vehicle,BROOKLYN,11218.0,2025,10,Thursday,0.0,Low
2025-08-19,09:10,40.768917,-73.88875,81 ST,0.0,0,0,0,0,0,1,0,Turning Improperly,Station Wagon/Sport Utility Vehicle,QUEENS,11370.0,2025,8,Tuesday,0.0,Low
2024-05-24,23:10,40.737617,-73.79644,,0.0,0,0,0,0,0,0,0,Unspecified,Station Wagon/Sport Utility Vehicle,QUEENS,11365.0,2024,5,Friday,0.0,Low
2025-04-19,17:24,40.586117,-73.93604,BELT PARKWAY,0.0,0,0,0,0,0,0,0,Unsafe Lane Changing,Station Wagon/Sport Utility Vehicle,Unknown,,2025,4,Saturday,0.0,Low
2022-08-09,11:50,40.718513,-73.75638599999999,207 STREET,0.0,0,0,0,0,0,0,0,Unspecified,Sedan,QUEENS,11428.0,2022,8,Tuesday,0.0,Low
2025-01-18,11:35,40.72857,-73.858086,QUEENS BLVD,0.0,0,0,0,0,0,0,0,Driver Inattention/Distraction,Taxi,QUEENS,11374.0,2025,1,Saturday,0.0,Low
2023-07-23,14:55,40.810207,-73.93951,WEST 131 STREET,0.0,0,0,0,0,0,0,0,Unspecified,Ambulance,MANHATTAN,10037.0,2023,7,Sunday,0.0,Low
2024-03-17,20:38,40.715263,-73.976326,FDR DRIVE,0.0,0,0,0,0,0,0,0,Unspecified,Sedan,Unknown,,2024,3,Sunday,0.0,Low
2023-09-05,02:34,40.834915,-73.89413499999999,BOSTON ROAD,0.0,0,0,0,0,0,0,0,Unspecified,Sedan,BRONX,10460.0,2023,9,Tuesday,0.0,Low
2025-10-14,07:37,40.87437,-73.86593,,0.0,0,0,0,0,0,0,0,Passing Too Closely,Bus,BRONX,10467.0,2025,10,Tuesday,0.0,Low
2021-12-04,11:40,40.669703999999996,-73.94774,EASTERN PARKWAY,0.0,0,0,0,0,0,0,0,Driver Inattention/Distraction,Taxi,Unknown,,2021,12,Saturday,0.0,Low
2023-10-31,20:30,40.750965,-73.94027,QUEENS PLAZA NORTH,0.0,0,0,0,0,0,0,0,Driver Inattention/Distraction,Sedan,Unknown,,2023,10,Tuesday,0.0,Low
2024-09-17,17:06,40.82053,-73.84719,,0.0,0,0,0,1,0,0,0,Unspecified,Station Wagon/Sport Utility Vehicle,BRONX,10473.0,2024,9,Tuesday,0.0,Low
2022-10-22,00:00,40.721905,-73.73850999999999,,0.0,0,0,0,0,0,0,0,Unspecified,Sedan,QUEENS,11428.0,2022,10,Saturday,0.0,Low
2022-08-13,16:45,40.801753999999995,-73.93121,1 AVENUE,0.0,0,0,0,0,0,2,0,Traffic Control Disregarded,Sedan,Unknown,,2022,8,Saturday,0.0,Low
2025-05-20,07:21,40.6826,-73.95596,FRANKLIN AVE,0.0,0,0,0,0,0,0,0,Driver Inattention/Distraction,Sedan,BROOKLYN,11238.0,2025,5,Tuesday,0.0,Low
2024-05-19,16:01,40.760155,-73.9988,WEST 41 STREET,0.0,0,0,0,1,0,0,0,Driver Inattention/Distraction,Sedan,MANHATTAN,10036.0,2024,5,Sunday,0.0,Low
2025-05-16,21:45,40.665955,-73.75796,BELT PKWY,0.0,0,0,0,0,0,1,0,Unsafe Speed,Station Wagon/Sport Utility Vehicle,Unknown,,2025,5,Friday,0.0,Low
2021-10-04,14:40,40.704403000000006,-73.81444499999999,139 STREET                      ,0.0,0,0,0,0,0,1,0,Failure to Yield Right-of-Way,Sedan,QUEENS,11435.0,2021,10,Monday,0.0,Low
2021-05-05,10:00,40.684855999999996,-73.764046,179 STREET,0.0,0,0,0,0,0,0,0,Turning Improperly,Sedan,QUEENS,11434.0,2021,5,Wednesday,0.0,Low
2022-11-24,09:15,40.829018,-73.836784,BRUCKNER EXPRESSWAY,0.0,0,0,0,0,0,3,0,Passing or Lane Usage Improper,Station Wagon/Sport Utility Vehicle,Unknown,,2022,11,Thursday,0.0,Low
2021-04-05,13:45,40.640583,-73.91515,,0.0,0,0,0,0,0,0,0,Other Vehicular,Station Wagon/Sport Utility Vehicle,BROOKLYN,11236.0,2021,4,Monday,0.0,Low
2021-10-21,19:44,40.525932,-74.22798,KOREAN WAR VETS PARKWAY,0.0,0,0,0,0,0,0,0,Unspecified,Station Wagon/Sport Utility Vehicle,Unknown,,2021,10,Thursday,0.0,Low
2023-01-29,12:15,40.830265000000004,-73.95130999999999,HENRY HUDSON PARKWAY,0.0,0,0,0,0,0,1,0,Unsafe Speed,Sedan,Unknown,,2023,1,Sunday,0.0,Low
2026-03-13,14:26,40.69498,-73.79008499999999,109 AVE,0.0,0,1,0,0,0,0,0,Failure to Yield Right-of-Way,Station Wagon/Sport Utility Vehicle,QUEENS,11433.0,2026,3,Friday,0.0,Low
2023-07-27,02:15,40.733017,-73.7389,HILLSIDE AVENUE,0.0,0,0,0,0,0,0,0,Unspecified,Station Wagon/Sport Utility Vehicle,QUEENS,11427.0,2023,7,Thursday,0.0,Low
2022-01-10,20:20,40.71697,-73.998245,,0.0,0,0,0,0,0,0,0,Aggressive Driving/Road Rage,Sedan,MANHATTAN,10013.0,2022,1,Monday,0.0,Low
2023-11-11,18:19,40.888596,-73.89068,MAJOR DEEGAN EXPRESSWAY,0.0,0,0,0,0,0,3,0,Unspecified,Sedan,Unknown,,2023,11,Saturday,0.0,Low
2022-02-28,12:45,40.61242,-74.09936,CLOVE ROAD,0.0,0,0,0,0,0,0,0,Driver Inattention/Distraction,Sedan,STATEN ISLAND,10301.0,2022,2,Monday,0.0,Low
2023-05-20,15:40,40.603621999999994,-74.16275,,0.0,0,0,0,0,0,0,0,Driver Inattention/Distraction,Sedan,Unknown,,2023,5,Saturday,0.0,Low
2022-04-26,20:26,40.645626,-73.95194000000001,,0.0,0,0,0,0,0,3,0,Unspecified,Sedan,BROOKLYN,11226.0,2022,4,Tuesday,0.0,Low
2021-11-01,10:12,40.74608,-73.97494499999999,2 AVENUE                        ,0.0,0,0,0,0,0,0,0,View Obstructed/Limited,Station Wagon/Sport Utility Vehicle,MANHATTAN,10016.0,2021,11,Monday,0.0,Low
2025-08-15,09:40,40.863155,-73.909065,SEDGWICK AVE,0.0,0,0,0,0,0,0,0,Passing or Lane Usage Improper,Sedan,BRONX,10468.0,2025,8,Friday,0.0,Low
2023-08-13,01:00,40.821144,-73.95753,RIVERSIDE DRIVE,0.0,0,0,0,0,0,0,0,Alcohol Involvement,Sedan,Unknown,,2023,8,Sunday,0.0,Low
2023-12-06,20:03,40.583656,-73.98656,CROPSEY AVENUE,0.0,0,0,0,0,0,2,0,Driver Inattention/Distraction,Sedan,BROOKLYN,11214.0,2023,12,Wednesday,0.0,Low
2022-01-24,13:00,40.823082,-73.86721999999999,,0.0,0,0,0,0,0,0,0,Driver Inattention/Distraction,Sedan,Unknown,,2022,1,Monday,0.0,Low
2023-01-17,09:15,40.828724,-73.942215,WEST 152 STREET,0.0,0,0,0,0,0,0,0,Unspecified,Dump,MANHATTAN,10031.0,2023,1,Tuesday,0.0,Low
2022-12-26,12:35,40.763484999999996,-73.98895,9 AVENUE,0.0,0,0,0,0,0,1,0,Driver Inattention/Distraction,Moped,MANHATTAN,10019.0,2022,12,Monday,0.0,Low
2021-08-24,20:00,40.771988,-73.89205,,0.0,0,0,0,0,0,0,0,Unspecified,Sedan,QUEENS,11370.0,2021,8,Tuesday,0.0,Low
2024-06-05,08:30,40.761993,-73.75849000000001,NORTHERN BOULEVARD,0.0,0,0,0,0,0,1,0,Turning Improperly,Station Wagon/Sport Utility Vehicle,QUEENS,11361.0,2024,6,Wednesday,0.0,Low
2023-07-09,09:25,40.71247,-73.83494,UNION TURNPIKE,0.0,0,0,0,0,0,0,0,Driver Inattention/Distraction,Sedan,QUEENS,11375.0,2023,7,Sunday,0.0,Low
2022-03-26,10:25,40.663727,-73.95385999999999,EMPIRE BOULEVARD,0.0,0,0,0,0,0,0,0,Aggressive Driving/Road Rage,Sedan,BROOKLYN,11225.0,2022,3,Saturday,0.0,Low
2021-03-31,12:04,40.862716999999996,-73.9023,WEST FORDHAM ROAD               ,0.0,0,0,0,0,0,0,0,Passing Too Closely,Station Wagon/Sport Utility Vehicle,BRONX,10468.0,2021,3,Wednesday,0.0,Low
2023-01-24,17:35,40.663216,-73.91785,,0.0,0,0,0,0,0,0,0,Unspecified,Station Wagon/Sport Utility Vehicle,BROOKLYN,11212.0,2023,1,Tuesday,0.0,Low
2024-03-26,13:40,40.579437,-74.1088,LINCOLN AVENUE,0.0,0,0,0,0,0,0,0,Following Too Closely,Station Wagon/Sport Utility Vehicle,STATEN ISLAND,10306.0,2024,3,Tuesday,0.0,Low
2022-06-29,00:45,40.694965,-73.80835,101 AVENUE,0.0,0,0,0,0,0,2,0,Driver Inattention/Distraction,Sedan,QUEENS,11435.0,2022,6,Wednesday,0.0,Low
2022-12-30,13:05,40.7206,-73.98895999999999,,0.0,0,0,0,0,0,0,0,Unspecified,Sedan,MANHATTAN,10002.0,2022,12,Friday,0.0,Low
2021-08-18,21:38,40.67058,-73.93096,UTICA AVENUE,0.0,0,0,0,0,0,1,0,Traffic Control Disregarded,Station Wagon/Sport Utility Vehicle,BROOKLYN,11213.0,2021,8,Wednesday,0.0,Low
2024-03-03,20:00,40.651104,-74.00407,,0.0,0,0,0,0,0,0,0,Alcohol Involvement,Sedan,BROOKLYN,11232.0,2024,3,Sunday,0.0,Low
2024-06-24,16:50,40.684467,-73.98266,,0.0,0,1,0,0,0,0,0,Unspecified,Unknown,BROOKLYN,11217.0,2024,6,Monday,0.0,Low
2023-07-13,01:00,40.818558,-73.92732,EAST 149 STREET,0.0,0,0,0,0,0,0,0,Unsafe Lane Changing,Sedan,Unknown,,2023,7,Thursday,0.0,Low
2023-06-07,19:30,40.69231,-73.88147,JACKIE ROBINSON PKWY,0.0,0,0,0,0,0,1,0,Driver Inattention/Distraction,Station Wagon/Sport Utility Vehicle,Unknown,,2023,6,Wednesday,0.0,Low
2021-11-17,08:00,40.6733,-73.90392,LIBERTY AVENUE,0.0,0,0,0,0,0,1,0,Lost Consciousness,Station Wagon/Sport Utility Vehicle,BROOKLYN,11212.0,2021,11,Wednesday,0.0,Low
2023-11-05,18:31,40.872128000000004,-73.88248,BAINBRIDGE AVENUE,0.0,0,0,0,0,0,0,0,Passing Too Closely,Station Wagon/Sport Utility Vehicle,BRONX,10458.0,2023,11,Sunday,0.0,Low
2023-09-22,11:56,40.639175,-74.121826,RICHMOND TERRACE,0.0,0,0,0,0,0,2,0,Traffic Control Disregarded,Sedan,STATEN ISLAND,10310.0,2023,9,Friday,0.0,Low
2025-09-03,03:50,40.686527000000005,-73.9064,,0.0,0,0,0,0,0,0,0,Driver Inattention/Distraction,Sedan,BROOKLYN,11207.0,2025,9,Wednesday,0.0,Low
2024-01-20,05:20,40.645070000000004,-73.95803000000001,FLATBUSH AVENUE,0.0,0,0,0,0,0,0,0,Passing Too Closely,Station Wagon/Sport Utility Vehicle,Unknown,,2024,1,Saturday,0.0,Low
2024-02-14,22:00,40.734943,-73.751396,220 STREET,0.0,0,0,0,0,0,0,0,Driver Inattention/Distraction,Station Wagon/Sport Utility Vehicle,QUEENS,11364.0,2024,2,Wednesday,0.0,Low
2024-05-04,20:00,40.598312,-74.164,,0.0,0,0,0,0,0,0,0,Driver Inattention/Distraction,Pick-up Truck,Unknown,,2024,5,Saturday,0.0,Low
2026-03-13,14:50,40.83661,-73.9393,AMSTERDAM AVE,0.0,0,0,0,0,0,1,0,Driver Inattention/Distraction,Station Wagon/Sport Utility Vehicle,Unknown,,2026,3,Friday,0.0,Low
2021-03-27,22:00,40.62361,-73.93128,,0.0,0,0,0,0,0,0,0,Unsafe Speed,Sedan,BROOKLYN,11234.0,2021,3,Saturday,0.0,Low
2024-11-06,01:18,40.694320000000005,-73.99888,BROOKLYN QUEENS EXPRESSWAY,0.0,0,0,0,0,0,0,0,Unsafe Lane Changing,Sedan,Unknown,,2024,11,Wednesday,0.0,Low
2022-08-08,17:20,40.84543,-73.91399,JEROME AVENUE,0.0,0,1,0,0,0,0,0,Driver Inattention/Distraction,Pick-up Truck,Unknown,,2022,8,Monday,0.0,Low
2024-08-04,09:20,40.768776,-73.792465,UTOPIA PARKWAY,0.0,0,0,0,0,0,2,0,Unspecified,Station Wagon/Sport Utility Vehicle,QUEENS,11358.0,2024,8,Sunday,0.0,Low
2023-07-24,10:43,40.676743,-73.93316,SCHENECTADY AVENUE,0.0,0,0,0,0,0,0,0,Driver Inattention/Distraction,Sedan,Unknown,,2023,7,Monday,0.0,Low
2024-05-27,14:15,40.746014,-73.880165,,0.0,0,1,0,0,0,0,0,Unspecified,E-Bike,QUEENS,11373.0,2024,5,Monday,0.0,Low
2021-01-30,20:30,40.668255,-73.89200600000001,WYONA STREET                    ,0.0,0,0,0,0,0,4,0,Failure to Yield Right-of-Way,Taxi,BROOKLYN,11207.0,2021,1,Saturday,0.0,Low
2022-11-09,11:28,40.771285999999996,-73.9467,FDR DRIVE,0.0,0,0,0,0,0,1,0,Driver Inexperience,Sedan,Unknown,,2022,11,Wednesday,0.0,Low
2023-11-05,16:00,40.586628000000005,-73.983345,,0.0,0,0,0,0,0,0,0,Unspecified,Sedan,BROOKLYN,11223.0,2023,11,Sunday,0.0,Low
2025-12-22,15:35,40.666126,-73.93138,UTICA AVE,0.0,0,0,0,0,0,0,0,Unspecified,Station Wagon/Sport Utility Vehicle,BROOKLYN,11213.0,2025,12,Monday,0.0,Low
2024-02-10,14:30,40.59779,-73.95622,,0.0,0,0,0,0,0,0,0,Driver Inattention/Distraction,Sedan,BROOKLYN,11229.0,2024,2,Saturday,0.0,Low
2021-01-25,10:05,40.827,-73.84359,ZEREGA AVENUE                   ,0.0,0,0,0,0,0,0,0,Unspecified,Station Wagon/Sport Utility Vehicle,BRONX,10473.0,2021,1,Monday,0.0,Low
2023-02-07,23:45,40.74357,-73.992325,WEST 24 STREET,0.0,0,0,0,0,0,0,0,Alcohol Involvement,Station Wagon/Sport Utility Vehicle,MANHATTAN,10010.0,2023,2,Tuesday,0.0,Low
2021-02-17,13:49,40.6835,-73.93516,HALSEY STREET                   ,0.0,0,0,0,0,0,0,0,Backing Unsafely,Sedan,Unknown,,2021,2,Wednesday,0.0,Low
2024-10-16,07:45,40.696106,-73.96455999999999,PARK AVENUE,0.0,0,0,0,0,0,0,0,Unspecified,Sedan,Unknown,,2024,10,Wednesday,0.0,Low
2022-05-08,12:33,40.844677000000004,-73.9245,CROSS BRONX EXPY,0.0,0,0,0,0,0,1,0,Following Too Closely,Station Wagon/Sport Utility Vehicle,Unknown,,2022,5,Sunday,0.0,Low
2023-07-29,22:30,40.68605,-73.831726,103 AVENUE,0.0,0,0,0,0,0,0,0,Following Too Closely,E-Bike,QUEENS,11419.0,2023,7,Saturday,0.0,Low
2024-01-05,01:32,40.69839,-73.73136,,0.0,0,0,0,0,0,0,0,Unsafe Speed,Sedan,QUEENS,11411.0,2024,1,Friday,0.0,Low
2021-08-13,12:00,40.65289,-73.866745,ERSKINE STREET,0.0,0,0,0,0,0,0,0,Traffic Control Disregarded,Sedan,BROOKLYN,11239.0,2021,8,Friday,0.0,Low
2025-12-12,21:13,40.76343,-73.96521,3 AVE,0.0,0,0,0,0,0,0,0,Driver Inattention/Distraction,Station Wagon/Sport Utility Vehicle,MANHATTAN,10065.0,2025,12,Friday,0.0,Low
2024-08-31,14:40,40.69925,-73.973206,6 STREET,0.0,0,0,0,1,0,0,0,Passing or Lane Usage Improper,Bike,Unknown,,2024,8,Saturday,0.0,Low
2022-06-24,23:17,40.796516,-73.94736999999999,,0.0,0,0,0,0,0,0,0,Alcohol Involvement,Station Wagon/Sport Utility Vehicle,MANHATTAN,10029.0,2022,6,Friday,0.0,Low
2023-03-10,16:00,40.684082000000004,-73.90864,BUSHWICK AVENUE,0.0,0,0,0,0,0,0,0,Following Too Closely,Sedan,BROOKLYN,11207.0,2023,3,Friday,0.0,Low
2024-11-27,18:50,40.65563,-74.008804,,0.0,0,0,0,0,0,0,0,Passing Too Closely,Station Wagon/Sport Utility Vehicle,BROOKLYN,11232.0,2024,11,Wednesday,0.0,Low
2025-03-21,17:30,40.609333,-73.94842,BEDFORD AVE,0.0,0,1,0,0,0,0,0,Failure to Yield Right-of-Way,Station Wagon/Sport Utility Vehicle,BROOKLYN,11229.0,2025,3,Friday,0.0,Low
2024-10-05,09:55,40.817535,-73.95306,,0.0,0,0,0,0,0,0,0,Outside Car Distraction,Sedan,MANHATTAN,10027.0,2024,10,Saturday,0.0,Low
2024-03-21,21:52,40.729659999999996,-73.92286999999999,,0.0,0,0,0,0,0,0,0,Unspecified,Station Wagon/Sport Utility Vehicle,QUEENS,11378.0,2024,3,Thursday,0.0,Low
2024-03-01,08:15,40.831707,-73.901886,EAST 169 STREET,0.0,0,0,0,0,0,0,0,Driver Inattention/Distraction,Sedan,Unknown,,2024,3,Friday,0.0,Low
2024-09-08,08:00,40.7263,-73.94913000000001,MC GUINNESS BOULEVARD,0.0,0,0,0,0,0,0,0,Passing Too Closely,Ambulance,BROOKLYN,11222.0,2024,9,Sunday,0.0,Low
2022-03-03,01:00,40.73448,-73.92243,BROOKLYN QUEENS EXPRESSWAY,0.0,0,0,0,0,0,0,0,Aggressive Driving/Road Rage,Sedan,Unknown,,2022,3,Thursday,0.0,Low
2024-08-12,13:40,40.670956,-73.911064,ROCKAWAY AVE,0.0,0,0,0,0,0,0,0,Driver Inattention/Distraction,Sedan,BROOKLYN,11212.0,2024,8,Monday,0.0,Low
2023-11-10,10:06,40.707684,-73.96275,DIVISION AVENUE,0.0,0,0,0,0,0,2,0,Driver Inattention/Distraction,Sedan,BROOKLYN,11211.0,2023,11,Friday,0.0,Low
2024-06-10,22:55,40.7474,-73.85355,,0.0,0,0,0,0,0,0,0,Unspecified,Sedan,QUEENS,11368.0,2024,6,Monday,0.0,Low
2022-09-08,15:00,40.731388,-73.94935,PROVOST STREET,0.0,0,0,0,0,0,0,0,Passing Too Closely,Station Wagon/Sport Utility Vehicle,Unknown,,2022,9,Thursday,0.0,Low
2022-04-20,18:42,40.65447,-73.96292,,0.0,0,0,0,0,0,0,0,Passing or Lane Usage Improper,Sedan,BROOKLYN,11226.0,2022,4,Wednesday,0.0,Low
2022-10-01,06:10,40.723648,-73.99103000000001,2 AVENUE,0.0,0,0,0,0,0,0,0,Traffic Control Disregarded,Sedan,Unknown,,2022,10,Saturday,0.0,Low
2026-01-23,19:50,40.67495,-73.780174,130 AVE,0.0,0,0,0,0,0,0,0,Unspecified,Sedan,QUEENS,11434.0,2026,1,Friday,0.0,Low
2021-06-23,13:20,40.66437,-73.769875,177 PLACE,0.0,0,0,0,0,0,0,0,Driver Inattention/Distraction,Sedan,QUEENS,11434.0,2021,6,Wednesday,0.0,Low
2022-12-07,21:00,40.837303000000006,-73.90785,CLAY AVENUE,0.0,0,0,0,0,0,0,0,Turning Improperly,Sedan,Unknown,,2022,12,Wednesday,0.0,Low
2021-10-24,20:42,40.8294839,-73.87519809999999,,0.0,0,0,0,0,0,0,0,Driver Inattention/Distraction,Station Wagon/Sport Utility Vehicle,BRONX,10472.0,2021,10,Sunday,0.0,Low
2024-03-08,18:10,40.688774,-73.9479,GREENE AVENUE,0.0,0,0,0,0,0,0,0,Unsafe Speed,Sedan,BROOKLYN,11216.0,2024,3,Friday,0.0,Low
2022-01-21,08:22,40.81237,-73.900406,,0.0,0,0,0,0,0,1,0,Driverless/Runaway Vehicle,Van,BRONX,10455.0,2022,1,Friday,0.0,Low
2026-01-03,07:30,40.869907,-73.8498,,0.0,0,0,0,0,0,1,0,Alcohol Involvement,Sedan,BRONX,10469.0,2026,1,Saturday,0.0,Low
2025-11-22,15:24,40.766945,-73.8711,,0.0,0,0,0,0,0,0,0,Other Vehicular,Pick-up Truck,QUEENS,11369.0,2025,11,Saturday,0.0,Low
2023-08-09,13:30,40.512142,-74.21075400000001,,0.0,0,0,0,0,0,0,0,Unspecified,Sedan,STATEN ISLAND,10309.0,2023,8,Wednesday,0.0,Low
2022-05-23,16:18,40.615623,-74.105354,VICTORY BOULEVARD,0.0,0,0,0,0,0,2,0,Unspecified,Sedan,STATEN ISLAND,10301.0,2022,5,Monday,0.0,Low
2021-11-24,13:00,40.629734,-74.08457,OCCIDENT AVENUE,0.0,0,0,0,0,0,0,0,Failure to Yield Right-of-Way,Sedan,STATEN ISLAND,10304.0,2021,11,Wednesday,0.0,Low
2021-10-14,08:00,40.6812161,-73.98870059999999,DE GRAW STREET,0.0,0,0,0,1,0,0,0,Unspecified,Sedan,BROOKLYN,11217.0,2021,10,Thursday,0.0,Low
2024-05-28,00:53,40.8087,-73.95226,,0.0,0,0,0,0,0,0,0,Backing Unsafely,AMBULANCE,MANHATTAN,10027.0,2024,5,Tuesday,0.0,Low
2022-10-20,14:35,40.57605,-73.97304,WEST 5 STREET,0.0,0,1,0,0,0,0,0,Failure to Yield Right-of-Way,Station Wagon/Sport Utility Vehicle,Unknown,,2022,10,Thursday,0.0,Low
2022-01-18,13:10,40.847027000000004,-73.89806999999999,EAST TREMONT AVENUE,0.0,0,0,0,0,0,4,0,Traffic Control Disregarded,Station Wagon/Sport Utility Vehicle,BRONX,10457.0,2022,1,Tuesday,0.0,Low
2022-08-22,16:30,40.832253,-73.88453,SHERIDAN BOULEVARD,0.0,0,0,0,0,0,1,0,Failure to Yield Right-of-Way,Station Wagon/Sport Utility Vehicle,Unknown,,2022,8,Monday,0.0,Low
2021-04-27,08:40,40.70347,-73.82947,85 AVENUE,0.0,0,0,0,0,0,0,0,Unspecified,Station Wagon/Sport Utility Vehicle,Unknown,,2021,4,Tuesday,0.0,Low
2024-12-26,00:00,40.699814,-73.80345,,0.0,0,0,0,0,0,1,0,Driver Inattention/Distraction,Station Wagon/Sport Utility Vehicle,QUEENS,11435.0,2024,12,Thursday,0.0,Low
2021-08-06,10:30,40.67627,-74.003204,HENRY STREET,0.0,0,0,0,0,0,0,0,Driver Inattention/Distraction,Sedan,BROOKLYN,11231.0,2021,8,Friday,0.0,Low
2026-02-24,14:06,40.763504,-73.8204,,0.0,0,0,0,0,0,0,0,Unspecified,Sedan,QUEENS,11354.0,2026,2,Tuesday,0.0,Low
2021-06-30,22:22,40.837894,-73.88138000000001,CROSS BRONX EXPY,0.0,0,0,0,0,0,0,0,Failure to Yield Right-of-Way,Sedan,Unknown,,2021,6,Wednesday,0.0,Low
2025-05-11,13:05,40.65064,-73.9567,,0.0,0,0,0,0,0,0,0,Driver Inattention/Distraction,Sedan,BROOKLYN,11226.0,2025,5,Sunday,0.0,Low
2023-10-21,17:39,40.80129,-73.9439,EAST 118 STREET,0.0,0,0,0,0,0,1,0,Aggressive Driving/Road Rage,Sedan,Unknown,,2023,10,Saturday,0.0,Low
2021-04-11,11:00,40.637196,-74.00779,8 AVENUE,0.0,0,0,0,0,0,0,0,Passing Too Closely,Station Wagon/Sport Utility Vehicle,BROOKLYN,11220.0,2021,4,Sunday,0.0,Low
2022-06-17,11:46,40.5755,-74.16982,,0.0,0,0,0,0,0,0,0,Driver Inattention/Distraction,Sedan,Unknown,,2022,6,Friday,0.0,Low
2022-09-28,09:30,40.521046000000005,-74.23606,,0.0,0,0,0,0,0,0,0,Unspecified,Station Wagon/Sport Utility Vehicle,STATEN ISLAND,10309.0,2022,9,Wednesday,0.0,Low
2021-03-13,15:45,40.70021,-73.953896,LEE AVENUE                      ,0.0,0,0,0,0,0,2,0,Unsafe Lane Changing,Sedan,BROOKLYN,11206.0,2021,3,Saturday,0.0,Low
2025-05-29,06:25,40.734127,-73.90091,65 ST,0.0,0,0,0,0,0,0,0,Driver Inattention/Distraction,DOS TRUCK,QUEENS,11377.0,2025,5,Thursday,0.0,Low
2022-07-13,15:00,40.65806,-73.93496999999999,WINTHROP STREET,0.0,0,0,0,0,0,0,0,Unspecified,Station Wagon/Sport Utility Vehicle,BROOKLYN,11203.0,2022,7,Wednesday,0.0,Low
2025-09-01,19:00,40.630577,-73.88591,BELT PARKWAY,0.0,0,0,0,0,0,0,0,Unsafe Speed,Sedan,Unknown,,2025,9,Monday,0.0,Low
2023-03-01,20:30,40.76135,-73.76222,,0.0,0,0,0,0,0,0,0,Driver Inattention/Distraction,Sedan,QUEENS,11361.0,2023,3,Wednesday,0.0,Low
2023-03-16,12:00,40.697075,-73.93185,BUSHWICK AVENUE,0.0,0,0,0,0,0,0,0,Failure to Yield Right-of-Way,Station Wagon/Sport Utility Vehicle,Unknown,,2023,3,Thursday,0.0,Low
2025-02-06,22:05,40.689170000000004,-73.7299,,0.0,0,0,0,0,0,0,0,Driver Inattention/Distraction,Station Wagon/Sport Utility Vehicle,QUEENS,11411.0,2025,2,Thursday,0.0,Low
2025-05-07,18:55,40.761143,-73.75549000000001,CROSS ISLAND PARKWAY,0.0,0,0,0,0,0,2,0,Driver Inexperience,Sedan,Unknown,,2025,5,Wednesday,0.0,Low
2021-06-15,17:33,40.667313,-73.73926,LAURELTON PARKWAY,0.0,0,0,0,0,0,1,0,Following Too Closely,Station Wagon/Sport Utility Vehicle,Unknown,,2021,6,Tuesday,0.0,Low
2021-08-06,10:02,40.64161,-73.96356,CORTELYOU ROAD,0.0,0,0,0,0,0,0,0,Unspecified,Sedan,BROOKLYN,11226.0,2021,8,Friday,0.0,Low
2022-03-04,18:42,40.81626,-73.91421,BROOK AVENUE,0.0,0,0,0,0,0,3,0,Other Vehicular,Station Wagon/Sport Utility Vehicle,BRONX,10455.0,2022,3,Friday,0.0,Low
2025-07-29,17:03,40.619568,-73.986275,62 ST,0.0,0,1,0,0,0,0,0,Driver Inattention/Distraction,Sedan,BROOKLYN,11204.0,2025,7,Tuesday,0.0,Low
2021-11-14,01:30,40.666855,-73.80425,NORTH CONDUIT AVENUE,0.0,0,0,0,0,0,1,0,Following Too Closely,Sedan,QUEENS,11420.0,2021,11,Sunday,0.0,Low
2024-12-27,17:28,40.584790000000005,-74.0885,SEAVIEW AVE,0.0,0,0,0,0,0,0,0,Driver Inattention/Distraction,Station Wagon/Sport Utility Vehicle,STATEN ISLAND,10305.0,2024,12,Friday,0.0,Low
2021-02-06,10:08,40.61222,-73.918846,,0.0,0,1,0,0,0,0,0,Backing Unsafely,Sedan,BROOKLYN,11234.0,2021,2,Saturday,0.0,Low
2021-06-29,23:04,40.658516,-73.90108000000001,,0.0,0,0,0,0,0,0,0,Unspecified,Sedan,BROOKLYN,11212.0,2021,6,Tuesday,0.0,Low
2024-07-16,15:45,40.654315999999994,-73.922165,KINGS HIGHWAY,0.0,0,0,0,0,0,1,0,Unspecified,Station Wagon/Sport Utility Vehicle,BROOKLYN,11203.0,2024,7,Tuesday,0.0,Low
2023-02-13,00:26,40.649895,-73.90762,AVENUE D,0.0,0,0,0,0,0,1,0,Unsafe Speed,Station Wagon/Sport Utility Vehicle,BROOKLYN,11236.0,2023,2,Monday,0.0,Low
2022-01-06,13:00,40.701958000000005,-73.9239,KNICKERBOCKER AVENUE,0.0,0,0,0,0,0,0,0,Following Too Closely,Station Wagon/Sport Utility Vehicle,BROOKLYN,11237.0,2022,1,Thursday,0.0,Low
2025-10-07,00:00,40.765232,-73.82003,,0.0,0,0,0,0,0,1,0,Backing Unsafely,Sedan,QUEENS,11354.0,2025,10,Tuesday,0.0,Low
2022-06-20,22:20,40.673115,-73.80171,VANWYCK EXPRESSWAY,0.0,0,0,0,0,0,1,0,Failure to Yield Right-of-Way,garbage tr,QUEENS,11420.0,2022,6,Monday,0.0,Low
2025-10-31,13:40,40.579685,-73.956474,,0.0,0,0,0,0,0,0,0,Unspecified,Sedan,BROOKLYN,11235.0,2025,10,Friday,0.0,Low
2023-12-11,18:21,40.879709999999996,-73.90134,WEST 233 STREET,0.0,0,0,0,0,0,0,0,Unspecified,Station Wagon/Sport Utility Vehicle,Unknown,,2023,12,Monday,0.0,Low
2024-11-24,03:00,40.64802,-73.95219399999999,ALBEMARLE RD,0.0,0,0,0,0,0,0,0,Unspecified,Sedan,BROOKLYN,11226.0,2024,11,Sunday,0.0,Low
2022-10-06,13:10,40.674706,-73.97610999999999,,0.0,0,0,0,0,0,0,0,Passing Too Closely,Station Wagon/Sport Utility Vehicle,BROOKLYN,11215.0,2022,10,Thursday,0.0,Low
2022-09-23,17:51,40.851997,-73.88555,BEAUMONT AVENUE,0.0,0,0,0,0,0,0,0,Pedestrian/Bicyclist/Other Pedestrian Error/Confusion,Pick-up Truck,BRONX,10458.0,2022,9,Friday,0.0,Low
2021-07-18,15:19,40.57997,-73.97466,WEST 6 STREET,0.0,0,0,0,0,0,0,0,Passing Too Closely,Sedan,Unknown,,2021,7,Sunday,0.0,Low
2021-06-29,12:10,40.632675,-74.116844,BROADWAY,0.0,0,0,0,0,0,0,0,Driver Inattention/Distraction,Sedan,STATEN ISLAND,10310.0,2021,6,Tuesday,0.0,Low
2023-07-03,16:33,40.77904,-73.9435,FDR DRIVE,0.0,0,0,0,0,0,0,0,Unspecified,Pick-up Truck,Unknown,,2023,7,Monday,0.0,Low
2021-06-13,10:10,40.791046,-73.95138,EAST 102 STREET,0.0,0,0,0,0,0,0,0,Unspecified,Sedan,Unknown,,2021,6,Sunday,0.0,Low
2023-11-27,01:00,40.840576,-73.83799,,0.0,0,0,0,0,0,0,0,Unspecified,E-Scooter,BRONX,10461.0,2023,11,Monday,0.0,Low
2021-05-11,16:30,40.669395,-73.80771,133 AVENUE,0.0,0,0,0,1,0,0,0,Failure to Yield Right-of-Way,Station Wagon/Sport Utility Vehicle,QUEENS,11420.0,2021,5,Tuesday,0.0,Low
2024-06-02,08:30,40.790240000000004,-73.97315,WEST 90 STREET,0.0,0,0,0,0,0,0,0,Unspecified,Sedan,Unknown,,2024,6,Sunday,0.0,Low
2025-05-28,08:39,40.876259999999995,-73.90394599999999,W 230 ST,0.0,0,0,0,0,0,0,0,Driver Inattention/Distraction,Station Wagon/Sport Utility Vehicle,Unknown,,2025,5,Wednesday,0.0,Low
2026-03-13,23:20,40.83295,-73.828186,E TREMONT AVE,0.0,0,0,0,0,0,0,0,Other Vehicular,Station Wagon/Sport Utility Vehicle,Unknown,,2026,3,Friday,0.0,Low
2021-04-20,10:00,40.857116999999995,-73.89907,RYER AVENUE,0.0,0,0,0,0,0,0,0,Unspecified,Station Wagon/Sport Utility Vehicle,Unknown,,2021,4,Tuesday,0.0,Low
2024-09-05,09:00,40.658295,-73.93109,UTICA AVENUE,0.0,0,0,0,0,0,0,0,Other Vehicular,Station Wagon/Sport Utility Vehicle,BROOKLYN,11203.0,2024,9,Thursday,0.0,Low
2021-05-20,14:53,40.699436,-73.91229,MYRTLE AVENUE,0.0,0,0,0,1,0,0,0,Failure to Yield Right-of-Way,Station Wagon/Sport Utility Vehicle,BROOKLYN,11237.0,2021,5,Thursday,0.0,Low
2025-09-28,17:57,40.66303,-73.99168,18 ST,0.0,0,0,0,1,0,0,0,Unspecified,Sedan,BROOKLYN,11215.0,2025,9,Sunday,0.0,Low
2022-11-10,08:35,40.722095,-73.77772,GRAND CENTRAL PKWY,0.0,0,0,0,0,0,1,0,Driver Inattention/Distraction,Station Wagon/Sport Utility Vehicle,Unknown,,2022,11,Thursday,0.0,Low
2023-11-30,08:00,40.87254,-73.8837,BRIGGS AVENUE,0.0,0,0,0,0,0,0,0,Other Vehicular,Sedan,Unknown,,2023,11,Thursday,0.0,Low
2023-09-26,18:30,40.728953999999995,-73.847565,108 STREET,0.0,0,0,0,1,0,0,0,Driver Inattention/Distraction,Station Wagon/Sport Utility Vehicle,QUEENS,11375.0,2023,9,Tuesday,0.0,Low
2024-08-24,23:57,40.664916999999996,-73.82264,SOUTHERN PARKWAY,0.0,0,0,0,0,0,0,0,Following Too Closely,Sedan,QUEENS,11420.0,2024,8,Saturday,0.0,Low
2022-06-24,13:20,40.73186,-73.81081999999999,,0.0,0,0,0,0,0,0,0,Unspecified,Station Wagon/Sport Utility Vehicle,QUEENS,11365.0,2022,6,Friday,0.0,Low
2021-02-03,10:00,40.68253,-73.91736999999999,,0.0,0,0,0,0,0,0,0,Unspecified,Sedan,BROOKLYN,11233.0,2021,2,Wednesday,0.0,Low
2022-04-08,20:40,40.805820000000004,-73.90926,BRUCKNER EXPRESSWAY,0.0,0,0,0,0,0,0,0,Unspecified,Beverage Truck,Unknown,,2022,4,Friday,0.0,Low
2021-02-04,16:20,40.673626,-73.76384,137 AVENUE                      ,0.0,0,0,0,0,0,0,0,Backing Unsafely,Sedan,Unknown,,2021,2,Thursday,0.0,Low
2022-10-07,22:44,40.818946999999994,-73.95221,AMSTERDAM AVENUE,0.0,0,0,0,0,0,1,0,Other Vehicular,Motorcycle,MANHATTAN,10031.0,2022,10,Friday,0.0,Low
2024-03-08,14:25,40.754566,-73.90784000000001,,0.0,0,0,0,0,0,0,0,Driver Inattention/Distraction,Station Wagon/Sport Utility Vehicle,QUEENS,11377.0,2024,3,Friday,0.0,Low
2023-12-18,12:30,40.64477,-73.954735,BEDFORD AVENUE,0.0,0,0,0,1,0,0,0,Driver Inattention/Distraction,Sedan,BROOKLYN,11226.0,2023,12,Monday,0.0,Low
2025-04-17,16:28,40.686787,-73.97668,,0.0,0,0,0,0,0,0,0,Other Vehicular,Station Wagon/Sport Utility Vehicle,BROOKLYN,11217.0,2025,4,Thursday,0.0,Low
2025-08-01,08:17,40.877790000000005,-73.84015,EAST 222 STREET,0.0,0,0,0,0,0,3,0,Following Too Closely,Station Wagon/Sport Utility Vehicle,Unknown,,2025,8,Friday,0.0,Low
2022-01-07,12:10,40.7006,-73.94301,,0.0,0,0,0,0,0,0,0,Other Vehicular,PK,BROOKLYN,11206.0,2022,1,Friday,0.0,Low
2022-12-13,00:09,40.80608,-73.96531999999999,BROADWAY,0.0,0,0,0,0,0,0,0,Following Too Closely,Bus,MANHATTAN,10025.0,2022,12,Tuesday,0.0,Low
2024-05-30,16:42,40.753857,-73.76626999999999,BELL BOULEVARD,0.0,0,0,0,0,0,0,0,Driver Inattention/Distraction,Station Wagon/Sport Utility Vehicle,QUEENS,11364.0,2024,5,Thursday,0.0,Low
2023-05-30,17:20,40.640190000000004,-73.994934,,0.0,0,0,0,1,0,0,0,Unspecified,Station Wagon/Sport Utility Vehicle,BROOKLYN,11219.0,2023,5,Tuesday,0.0,Low
2025-07-11,17:30,40.73261,-73.8686,LONG ISLAND EXPRESSWAY,0.0,0,0,0,0,0,1,0,Unsafe Lane Changing,Sedan,Unknown,,2025,7,Friday,0.0,Low
2022-12-22,14:00,40.740894,-73.89961,QUEENS BOULEVARD,0.0,0,0,0,0,0,0,0,Driver Inattention/Distraction,Sedan,Unknown,,2022,12,Thursday,0.0,Low
2024-06-26,02:22,40.677048,-73.98004,5 AVENUE,0.0,0,0,0,0,0,0,0,Driver Inattention/Distraction,Station Wagon/Sport Utility Vehicle,BROOKLYN,11217.0,2024,6,Wednesday,0.0,Low
2024-08-14,15:00,40.58667,-73.96615600000001,OCEAN PARKWAY,0.0,0,0,0,1,0,0,0,Other Vehicular,Station Wagon/Sport Utility Vehicle,BROOKLYN,11235.0,2024,8,Wednesday,0.0,Low
2025-01-26,22:40,40.705227,-73.85965999999999,,0.0,0,0,0,0,0,0,0,Windshield Inadequate,Station Wagon/Sport Utility Vehicle,QUEENS,11385.0,2025,1,Sunday,0.0,Low
2021-10-02,08:30,40.58667,-73.96615600000001,AVENUE Z                        ,0.0,0,0,0,0,0,1,0,Driver Inattention/Distraction,Station Wagon/Sport Utility Vehicle,Unknown,,2021,10,Saturday,0.0,Low
2024-09-01,22:13,40.716164,-73.74476999999999,HEMPSTEAD AVENUE,0.0,0,0,0,0,0,1,0,Alcohol Involvement,Sedan,Unknown,,2024,9,Sunday,0.0,Low
2023-08-13,23:22,40.678932,-73.96197,DEAN STREET,0.0,0,0,0,0,0,1,0,Unsafe Speed,Station Wagon/Sport Utility Vehicle,Unknown,,2023,8,Sunday,0.0,Low
2026-02-19,20:25,0.0,0.0,,0.0,0,0,0,0,0,0,0,Other Vehicular,Sedan,BRONX,10470.0,2026,2,Thursday,0.0,Low
2022-04-01,04:55,40.605568,-74.03118,BELT PARKWAY,0.0,0,0,0,0,0,0,0,Passing or Lane Usage Improper,Sedan,Unknown,,2022,4,Friday,0.0,Low
2023-01-30,11:40,40.707794,-73.87326,,0.0,0,0,0,0,0,0,0,Passing or Lane Usage Improper,Station Wagon/Sport Utility Vehicle,QUEENS,11385.0,2023,1,Monday,0.0,Low
2023-06-26,13:00,40.73789,-73.98674,,0.0,0,0,0,0,0,0,0,Driver Inexperience,Sedan,MANHATTAN,10003.0,2023,6,Monday,0.0,Low
2022-05-20,08:30,40.693176,-73.79435,157 STREET,0.0,0,1,0,0,0,0,0,Other Vehicular,Station Wagon/Sport Utility Vehicle,Unknown,,2022,5,Friday,0.0,Low
2022-03-18,20:00,40.669983,-73.85619,,0.0,0,0,0,0,0,0,0,Following Too Closely,Sedan,QUEENS,11414.0,2022,3,Friday,0.0,Low
2023-05-31,11:20,40.724094,-73.99039,,0.0,0,0,0,0,0,0,0,Unspecified,E-Scooter,MANHATTAN,10003.0,2023,5,Wednesday,0.0,Low
2023-06-23,15:45,40.743248,-73.993645,,0.0,0,1,0,0,0,0,0,Backing Unsafely,Station Wagon/Sport Utility Vehicle,MANHATTAN,10011.0,2023,6,Friday,0.0,Low
2024-12-05,18:20,40.76849,-73.91124,,0.0,0,0,0,0,0,1,0,Passing or Lane Usage Improper,Moped,QUEENS,11103.0,2024,12,Thursday,0.0,Low
2021-01-06,12:55,40.810627000000004,-73.95828,AMSTERDAM AVENUE,0.0,0,0,0,0,0,0,0,Following Too Closely,Station Wagon/Sport Utility Vehicle,MANHATTAN,10027.0,2021,1,Wednesday,0.0,Low
2025-01-14,11:00,40.699715000000005,-73.96181999999999,BROOKLYN QUEENS EXPRESSWAY,0.0,0,0,0,0,0,0,0,Following Too Closely,Station Wagon/Sport Utility Vehicle,Unknown,,2025,1,Tuesday,0.0,Low
2021-06-03,22:22,40.612390000000005,-74.13296,,0.0,0,0,0,0,0,0,0,Driver Inattention/Distraction,Sedan,Unknown,,2021,6,Thursday,0.0,Low
2022-02-14,02:45,40.632973,-74.07908,,0.0,0,0,0,0,0,1,0,Pavement Slippery,Sedan,STATEN ISLAND,10301.0,2022,2,Monday,0.0,Low
2022-07-26,17:20,40.778748,-73.9075,,0.0,0,0,0,0,0,0,0,Unspecified,Bus,QUEENS,11105.0,2022,7,Tuesday,0.0,Low
2024-06-25,08:17,40.762127,-73.99739,WEST 44 STREET,0.0,0,0,0,0,0,0,0,Pavement Defective,E-Scooter,MANHATTAN,10036.0,2024,6,Tuesday,0.0,Low
2024-06-06,22:00,40.840412,-73.85401,,0.0,0,0,0,0,0,0,0,Unspecified,Sedan,BRONX,10462.0,2024,6,Thursday,0.0,Low
2024-06-08,18:00,40.703857,-73.91851,WYCKOFF AVENUE,0.0,0,0,0,0,0,0,0,Driver Inattention/Distraction,Sedan,BROOKLYN,11237.0,2024,6,Saturday,0.0,Low
2022-08-04,12:41,40.873642,-73.85318000000001,,0.0,0,0,0,0,0,0,0,Failure to Yield Right-of-Way,Sedan,BRONX,10469.0,2022,8,Thursday,0.0,Low
2023-05-16,10:04,40.75199,-73.931274,33 STREET,0.0,0,0,0,0,0,0,0,Traffic Control Disregarded,Station Wagon/Sport Utility Vehicle,Unknown,,2023,5,Tuesday,0.0,Low
2022-10-08,18:10,40.74576,-73.92581,43 AVENUE,0.0,0,0,0,1,0,0,0,Pedestrian/Bicyclist/Other Pedestrian Error/Confusion,Station Wagon/Sport Utility Vehicle,QUEENS,11104.0,2022,10,Saturday,0.0,Low
2025-12-14,13:41,40.846687,-73.901985,,0.0,0,0,0,0,0,0,0,Unspecified,Van,BRONX,10457.0,2025,12,Sunday,0.0,Low
2023-01-17,09:08,40.773272999999996,-73.92511999999999,21 STREET,0.0,0,0,0,0,0,1,0,View Obstructed/Limited,Dump,QUEENS,11102.0,2023,1,Tuesday,0.0,Low
2021-04-06,08:24,40.62359,-74.02505500000001,83 STREET,0.0,0,0,0,0,0,0,0,Unsafe Speed,Station Wagon/Sport Utility Vehicle,BROOKLYN,11209.0,2021,4,Tuesday,0.0,Low
2024-09-20,18:28,40.67481,-73.79511,144 STREET,0.0,0,0,0,0,0,1,0,Driver Inattention/Distraction,Sedan,QUEENS,11436.0,2024,9,Friday,0.0,Low
2023-01-18,14:50,40.688316,-73.98116,,0.0,0,0,0,0,0,1,0,Failure to Yield Right-of-Way,Tanker,BROOKLYN,11217.0,2023,1,Wednesday,0.0,Low
2025-02-10,01:50,40.68012,-73.753235,MERRICK BLVD,0.0,0,0,0,0,0,0,0,Alcohol Involvement,Sedan,Unknown,,2025,2,Monday,0.0,Low
2024-08-23,10:47,40.845040000000004,-73.87148,BRONX RIVER PARKWAY,0.0,0,0,0,0,0,1,0,Driver Inattention/Distraction,Station Wagon/Sport Utility Vehicle,Unknown,,2024,8,Friday,0.0,Low
2026-03-19,19:50,40.903220000000005,-73.84748,CRANFORD AVE,0.0,0,0,0,0,0,0,0,Turning Improperly,Station Wagon/Sport Utility Vehicle,Unknown,,2026,3,Thursday,0.0,Low
2022-07-19,23:35,40.692623,-73.987274,,0.0,0,1,0,0,0,0,0,Unspecified,Motorcycle,BROOKLYN,11201.0,2022,7,Tuesday,0.0,Low
2025-11-27,19:38,40.640762,-73.97501,AVENUE C,0.0,0,1,0,0,0,0,0,Unknown,Unknown,BROOKLYN,11218.0,2025,11,Thursday,0.0,Low
2023-10-14,09:20,40.805195,-73.94929,,0.0,0,0,0,0,0,0,0,Passing Too Closely,Box Truck,MANHATTAN,10027.0,2023,10,Saturday,0.0,Low
2025-08-30,09:47,40.68377,-73.8798,,0.0,0,1,0,0,0,0,0,Unspecified,Sedan,BROOKLYN,11208.0,2025,8,Saturday,0.0,Low
2021-02-10,15:50,40.862747,-73.90494,UNIVERSITY AVENUE,0.0,0,0,0,0,0,0,0,Passing or Lane Usage Improper,Sedan,BRONX,10468.0,2021,2,Wednesday,0.0,Low
2024-10-27,07:50,40.704033,-73.79379,165 ST,0.0,0,0,0,0,0,2,0,Driver Inattention/Distraction,Taxi,QUEENS,11433.0,2024,10,Sunday,0.0,Low
2021-09-22,10:53,40.69482,-73.934425,HART STREET,0.0,0,0,0,0,0,0,0,Driver Inattention/Distraction,E-Scooter,BROOKLYN,11221.0,2021,9,Wednesday,0.0,Low
2025-02-13,15:18,40.597927,-73.98719,86 ST,0.0,0,0,0,0,0,0,0,Passing or Lane Usage Improper,Station Wagon/Sport Utility Vehicle,BROOKLYN,11214.0,2025,2,Thursday,0.0,Low
2022-03-20,20:10,40.847458,-73.944244,HENRY HUDSON PARKWAY,0.0,0,1,0,0,0,0,0,Unspecified,Sedan,Unknown,,2022,3,Sunday,0.0,Low
2022-06-22,13:29,40.702484000000005,-73.85981,JACKIE ROBINSON PKWY,0.0,0,0,0,0,0,0,0,Traffic Control Disregarded,Tractor Truck Diesel,Unknown,,2022,6,Wednesday,0.0,Low
2024-12-04,23:40,40.742283,-74.004425,WEST 16 STREET,0.0,0,0,0,0,0,0,0,Following Too Closely,Sedan,MANHATTAN,10011.0,2024,12,Wednesday,0.0,Low
2024-12-05,20:21,40.747852,-73.99291,WEST 29 STREET,0.0,0,0,0,1,0,0,0,Unspecified,Sedan,MANHATTAN,10001.0,2024,12,Thursday,0.0,Low
2022-12-05,07:05,40.65965,-73.773834,FARMERS BOULEVARD,0.0,0,0,0,0,0,0,0,Driver Inattention/Distraction,Pick-up Truck,QUEENS,11434.0,2022,12,Monday,0.0,Low
2023-01-25,12:39,40.601006,-74.09151,TARGEE STREET,0.0,0,0,0,0,0,4,0,Traffic Control Disregarded,Sedan,Unknown,,2023,1,Wednesday,0.0,Low
2024-10-14,16:00,40.645804999999996,-74.02335,,0.0,0,1,0,0,0,0,0,Unspecified,golf cart,BROOKLYN,11220.0,2024,10,Monday,0.0,Low
2022-08-14,00:00,40.61172,-73.92316,,0.0,0,0,0,0,0,1,0,Unspecified,Taxi,BROOKLYN,11234.0,2022,8,Sunday,0.0,Low
2023-03-09,04:43,40.69773,-73.81409000000001,VAN WYCK EXPWY,0.0,0,0,0,0,0,3,0,Following Too Closely,Sedan,Unknown,,2023,3,Thursday,0.0,Low
2023-08-12,05:21,40.62601,-73.92471,EAST 53 STREET,0.0,0,0,0,0,0,0,0,Alcohol Involvement,Station Wagon/Sport Utility Vehicle,BROOKLYN,11234.0,2023,8,Saturday,0.0,Low
2024-05-15,23:15,40.76925,-73.90912,ASTORIA BOULEVARD,0.0,0,0,0,1,0,0,0,Traffic Control Disregarded,Station Wagon/Sport Utility Vehicle,Unknown,,2024,5,Wednesday,0.0,Low
2021-06-19,23:45,40.76359,-73.98144,WEST 54 STREET,0.0,0,0,0,0,0,0,0,Unsafe Lane Changing,Station Wagon/Sport Utility Vehicle,MANHATTAN,10019.0,2021,6,Saturday,0.0,Low
2022-01-07,10:25,40.686375,-73.99835999999999,,0.0,0,0,0,0,0,0,0,Passing Too Closely,Station Wagon/Sport Utility Vehicle,BROOKLYN,11231.0,2022,1,Friday,0.0,Low
2026-05-02,15:13,40.822604999999996,-73.94093000000001,,0.0,0,1,0,0,0,0,0,Driver Inattention/Distraction,Sedan,MANHATTAN,10039.0,2026,5,Saturday,0.0,Low
2021-09-17,12:26,40.64504,-73.89318,,0.0,0,1,0,0,0,0,0,Unspecified,Sedan,BROOKLYN,11236.0,2021,9,Friday,0.0,Low
2021-11-16,13:15,40.794918,-73.97035,,0.0,0,0,0,0,0,0,0,Passing or Lane Usage Improper,Station Wagon/Sport Utility Vehicle,MANHATTAN,10025.0,2021,11,Tuesday,0.0,Low
2024-11-13,17:22,40.609417,-73.96769,OCEAN PKWY,0.0,0,0,0,0,0,2,0,Unspecified,Sedan,BROOKLYN,11230.0,2024,11,Wednesday,0.0,Low
2021-09-29,16:00,40.895374,-73.86355999999999,WEBSTER AVENUE,0.0,0,0,0,0,0,0,0,Driver Inattention/Distraction,Sedan,BRONX,10470.0,2021,9,Wednesday,0.0,Low
2022-12-09,22:59,40.651546,-73.95257,ROGERS AVENUE,0.0,0,0,0,0,0,0,0,Unspecified,Sedan,BROOKLYN,11226.0,2022,12,Friday,0.0,Low
2024-06-05,00:00,40.866356,-73.89168000000001,,0.0,0,0,0,0,0,0,0,Unspecified,Sedan,BRONX,10458.0,2024,6,Wednesday,0.0,Low
2021-05-11,07:41,40.625687,-74.04075,86 STREET,0.0,0,0,0,0,0,0,0,Turning Improperly,Sedan,BROOKLYN,11209.0,2021,5,Tuesday,0.0,Low
2024-04-13,21:48,40.72688,-73.83906999999999,GRAND CENTRAL PARKWAY,0.0,0,0,0,0,0,0,0,Driver Inattention/Distraction,Sedan,QUEENS,11375.0,2024,4,Saturday,0.0,Low
2025-07-20,00:35,40.76912,-73.95504,1 AVE,0.0,0,0,0,0,0,0,0,Other Vehicular,Taxi,MANHATTAN,10021.0,2025,7,Sunday,0.0,Low
2025-12-22,14:30,40.824253000000006,-73.875885,,0.0,0,0,0,0,0,0,0,Unspecified,Station Wagon/Sport Utility Vehicle,BRONX,10472.0,2025,12,Monday,0.0,Low
2022-09-13,14:30,40.631157,-74.14692,WALKER STREET,0.0,0,0,0,0,0,0,0,Traffic Control Disregarded,Station Wagon/Sport Utility Vehicle,Unknown,,2022,9,Tuesday,0.0,Low
2023-05-14,15:00,40.701237,-73.79465,LIBERTY AVENUE,0.0,0,0,0,0,0,0,0,Traffic Control Disregarded,Station Wagon/Sport Utility Vehicle,QUEENS,11433.0,2023,5,Sunday,0.0,Low
2022-12-31,11:00,40.830738000000004,-73.9105,EAST 167 STREET,0.0,0,0,0,0,0,0,0,Aggressive Driving/Road Rage,Sedan,BRONX,10456.0,2022,12,Saturday,0.0,Low
2024-02-12,14:14,40.580208,-74.09974,ADAMS AVE,0.0,0,0,0,0,0,0,0,Reaction to Uninvolved Vehicle,Pick-up Truck,STATEN ISLAND,10306.0,2024,2,Monday,0.0,Low
2021-07-10,11:00,40.73138,-73.87782,85 STREET,0.0,0,0,0,0,0,0,0,Unspecified,Station Wagon/Sport Utility Vehicle,QUEENS,11373.0,2021,7,Saturday,0.0,Low
2024-06-09,08:05,40.72972,-73.98086500000001,AVENUE A,0.0,0,0,0,1,0,0,0,Unspecified,Bike,MANHATTAN,10009.0,2024,6,Sunday,0.0,Low
2022-05-03,13:22,40.733715000000004,-73.98822,,0.0,0,0,0,0,0,0,0,Backing Unsafely,Station Wagon/Sport Utility Vehicle,MANHATTAN,10003.0,2022,5,Tuesday,0.0,Low
2024-03-29,09:23,40.615517,-73.96051999999999,AVENUE N,0.0,0,0,0,0,0,1,0,Unspecified,Station Wagon/Sport Utility Vehicle,BROOKLYN,11230.0,2024,3,Friday,0.0,Low
2022-02-24,18:35,40.694595,-73.73841,222 STREET,0.0,0,0,0,0,0,0,0,Unspecified,Sedan,QUEENS,11411.0,2022,2,Thursday,0.0,Low
2025-03-03,17:45,40.74662,-73.89359,ROOSEVELT AVE,0.0,0,0,0,0,0,0,0,Driver Inattention/Distraction,Sedan,QUEENS,11372.0,2025,3,Monday,0.0,Low
2021-08-17,17:42,40.73771,-73.974266,FDR DRIVE,0.0,0,0,0,0,0,2,0,Following Too Closely,Sedan,Unknown,,2021,8,Tuesday,0.0,Low
2023-10-02,04:00,40.74757,-73.952484,45 ROAD,0.0,0,0,0,0,0,0,0,Driver Inattention/Distraction,Van,Unknown,,2023,10,Monday,0.0,Low
2023-07-23,19:30,40.87167,-73.89780400000001,WEST 197 STREET,0.0,0,0,0,1,0,0,0,Unspecified,Station Wagon/Sport Utility Vehicle,BRONX,10468.0,2023,7,Sunday,0.0,Low
2025-07-12,02:00,40.843903000000005,-73.927284,MAJOR DEEGAN EXPRESSWAY,0.0,0,0,0,0,0,0,0,Unsafe Lane Changing,Sedan,Unknown,,2025,7,Saturday,0.0,Low
2023-02-28,12:35,40.740185,-73.986374,EAST 23 STREET,0.0,0,0,0,1,0,0,0,Driver Inexperience,Sedan,MANHATTAN,10010.0,2023,2,Tuesday,0.0,Low
2023-03-14,10:50,40.668403999999995,-73.9847,,0.0,0,0,0,0,0,0,0,Driver Inattention/Distraction,Sedan,BROOKLYN,11215.0,2023,3,Tuesday,0.0,Low
2023-07-09,23:15,40.86953,-73.85746,BOSTON ROAD,0.0,0,0,0,1,0,0,0,Pedestrian/Bicyclist/Other Pedestrian Error/Confusion,Station Wagon/Sport Utility Vehicle,BRONX,10469.0,2023,7,Sunday,0.0,Low
2021-06-16,20:35,40.655834000000006,-73.98123000000001,19 STREET,0.0,0,0,0,0,0,0,0,Unspecified,Tractor Truck Diesel,BROOKLYN,11215.0,2021,6,Wednesday,0.0,Low
2021-03-18,22:40,40.814915,-73.9007,,0.0,0,0,0,0,0,1,0,Unsafe Lane Changing,Sedan,BRONX,10455.0,2021,3,Thursday,0.0,Low
2021-06-04,08:40,40.783559999999994,-73.82449,WHITESTONE EXPRESSWAY           ,0.0,0,0,0,0,0,0,0,Failure to Yield Right-of-Way,Box Truck,Unknown,,2021,6,Friday,0.0,Low
2024-03-24,17:55,40.88459,-73.8504,,0.0,0,0,0,0,0,1,0,Driver Inattention/Distraction,Moped,BRONX,10466.0,2024,3,Sunday,0.0,Low
2021-10-27,16:30,40.710888,-74.00907,FULTON STREET,0.0,0,0,0,1,0,0,0,Other Vehicular,Sedan,MANHATTAN,10007.0,2021,10,Wednesday,0.0,Low
2024-02-19,00:47,40.86315,-73.90907,WEST FORDHAM ROAD,0.0,0,0,0,0,0,0,0,Alcohol Involvement,Taxi,Unknown,,2024,2,Monday,0.0,Low
2023-11-14,11:30,40.61781,-74.03339,,0.0,0,0,0,0,0,0,0,Driver Inattention/Distraction,Sedan,BROOKLYN,11209.0,2023,11,Tuesday,0.0,Low
2021-02-22,10:15,40.723183,-73.90717,59 PLACE                        ,0.0,0,0,0,0,0,0,0,Driver Inattention/Distraction,Sedan,Unknown,,2021,2,Monday,0.0,Low
2024-02-11,20:46,40.825657,-73.88135,WATSON AVE,0.0,0,1,0,0,0,0,0,Unspecified,Station Wagon/Sport Utility Vehicle,BRONX,10472.0,2024,2,Sunday,0.0,Low
2024-05-26,15:38,40.66292,-73.88094,,0.0,0,0,0,0,0,2,0,Unspecified,Sedan,BROOKLYN,11207.0,2024,5,Sunday,0.0,Low
2023-02-10,16:33,40.644966,-73.958984,EAST 21 STREET,0.0,0,0,0,1,0,0,0,Unspecified,Station Wagon/Sport Utility Vehicle,BROOKLYN,11226.0,2023,2,Friday,0.0,Low
2023-12-13,17:58,40.69862,-73.920135,MYRTLE AVENUE,0.0,0,0,0,0,0,0,0,Driver Inattention/Distraction,Station Wagon/Sport Utility Vehicle,BROOKLYN,11237.0,2023,12,Wednesday,0.0,Low
2024-10-23,05:20,40.88473,-73.81571,HUTCHINSON RIVER PARKWAY,0.0,0,0,0,0,0,1,0,Unspecified,Sedan,Unknown,,2024,10,Wednesday,0.0,Low
2023-12-07,21:58,40.74743,-73.925476,SKILLMAN AVENUE,0.0,0,0,0,0,0,0,0,Driver Inattention/Distraction,Sedan,QUEENS,11104.0,2023,12,Thursday,0.0,Low
2024-02-18,00:15,40.733532000000004,-73.895966,69 STREET,0.0,0,0,0,1,0,0,0,Driver Inattention/Distraction,Bike,Unknown,,2024,2,Sunday,0.0,Low
2022-12-10,20:40,40.761146999999994,-73.97952,AVENUE OF THE AMERICAS,0.0,0,0,0,0,0,0,0,Unspecified,Sedan,MANHATTAN,10019.0,2022,12,Saturday,0.0,Low
2021-04-20,19:25,40.747203999999996,-73.99710999999999,,0.0,0,0,0,0,0,0,0,Traffic Control Disregarded,E-Scooter,Unknown,,2021,4,Tuesday,0.0,Low
2021-04-03,02:13,40.744762,-73.75809,67 AVENUE                       ,0.0,0,0,0,0,0,0,0,Tire Failure/Inadequate,Sedan,QUEENS,11364.0,2021,4,Saturday,0.0,Low
2021-11-01,11:10,40.73838,-73.926285,,0.0,0,0,0,0,0,0,0,Driver Inattention/Distraction,Sedan,QUEENS,11104.0,2021,11,Monday,0.0,Low
2023-06-24,09:14,40.759567,-73.83015,MAIN STREET,0.0,0,0,0,0,0,0,0,Failure to Yield Right-of-Way,Station Wagon/Sport Utility Vehicle,QUEENS,11354.0,2023,6,Saturday,0.0,Low
2022-11-14,09:41,40.691016999999995,-73.954475,SPENCER COURT,0.0,0,1,0,0,0,0,0,Failure to Yield Right-of-Way,Bus,Unknown,,2022,11,Monday,0.0,Low
2021-04-24,19:33,40.772434000000004,-73.79997,27 AVENUE,0.0,0,0,0,0,0,0,0,Failure to Yield Right-of-Way,Sedan,QUEENS,11358.0,2021,4,Saturday,0.0,Low
2023-08-04,14:45,40.64022,-74.00225999999999,,0.0,0,1,0,0,0,0,0,Unspecified,Bike,BROOKLYN,11220.0,2023,8,Friday,0.0,Low
2023-08-26,13:10,40.74105,-73.72587,CROSS ISLAND PARKWAY,0.0,0,0,0,0,0,2,0,Unspecified,Sedan,Unknown,,2023,8,Saturday,0.0,Low
2022-07-15,17:30,40.66576,-73.837006,155 AVENUE,0.0,0,0,0,0,0,0,0,Passing or Lane Usage Improper,Station Wagon/Sport Utility Vehicle,QUEENS,11414.0,2022,7,Friday,0.0,Low
2021-04-24,16:15,40.86258,-73.92538499999999,DYCKMAN STREET,0.0,0,1,0,0,0,0,0,Driver Inattention/Distraction,Sedan,Unknown,,2021,4,Saturday,0.0,Low
2021-03-19,23:55,0.0,0.0,AMSTERDAM AVENUE                ,0.0,0,0,0,0,0,0,0,Driver Inattention/Distraction,Station Wagon/Sport Utility Vehicle,MANHATTAN,10033.0,2021,3,Friday,0.0,Low
2023-04-05,18:43,40.755516,-73.961105,FDR DRIVE,0.0,0,0,0,0,0,1,0,Driver Inattention/Distraction,Sedan,Unknown,,2023,4,Wednesday,0.0,Low
2021-12-08,12:10,40.666695000000004,-73.767136,SOUTH CONDUIT AVENUE,0.0,0,0,0,0,0,1,0,Following Too Closely,Sedan,QUEENS,11434.0,2021,12,Wednesday,0.0,Low
2025-04-21,07:00,40.800896,-73.949745,,0.0,0,0,0,0,0,0,0,Other Vehicular,Sedan,MANHATTAN,10026.0,2025,4,Monday,0.0,Low
2022-02-14,11:45,40.698345,-73.834694,,0.0,0,0,0,0,0,0,0,Failure to Yield Right-of-Way,E-Bike,QUEENS,11418.0,2022,2,Monday,0.0,Low
2021-07-06,11:40,40.788055,-73.94433000000001,EAST 102 STREET,0.0,0,0,0,0,0,0,0,Backing Unsafely,Station Wagon/Sport Utility Vehicle,MANHATTAN,10029.0,2021,7,Tuesday,0.0,Low
2024-12-11,15:49,40.823646999999994,-73.94385,W 145 ST,0.0,0,0,0,0,0,1,0,Turning Improperly,Station Wagon/Sport Utility Vehicle,MANHATTAN,10030.0,2024,12,Wednesday,0.0,Low
2025-02-08,20:35,40.698536,-73.91787,KNICKERBOCKER AVE,0.0,0,0,0,0,0,0,0,Driver Inattention/Distraction,Sedan,BROOKLYN,11237.0,2025,2,Saturday,0.0,Low
2024-01-28,17:15,40.733376,-73.86665,LONG ISLAND EXPRESSWAY,0.0,0,0,0,0,0,0,0,Following Too Closely,Station Wagon/Sport Utility Vehicle,Unknown,,2024,1,Sunday,0.0,Low
2024-12-04,14:11,40.780753999999995,-73.95258000000001,EAST 89 STREET,0.0,0,0,0,1,0,0,0,Failure to Yield Right-of-Way,Sedan,MANHATTAN,10128.0,2024,12,Wednesday,0.0,Low
2023-08-05,10:17,40.702007,-73.821205,JAMAICA AVENUE,0.0,0,0,0,0,0,0,0,Following Too Closely,Sedan,Unknown,,2023,8,Saturday,0.0,Low
2022-12-18,10:33,40.664425,-73.98696,6 AVENUE,0.0,0,1,0,0,0,0,0,Traffic Control Disregarded,Sedan,BROOKLYN,11215.0,2022,12,Sunday,0.0,Low
2025-11-15,06:45,40.828297,-73.9312,MAJOR DEEGAN EXPRESSWAY,0.0,0,0,0,0,0,1,0,Unsafe Speed,Station Wagon/Sport Utility Vehicle,Unknown,,2025,11,Saturday,0.0,Low
2022-07-30,16:15,40.868953999999995,-73.89625,,0.0,0,0,0,0,0,0,0,Following Too Closely,Station Wagon/Sport Utility Vehicle,BRONX,10468.0,2022,7,Saturday,0.0,Low
2021-05-23,12:47,40.82142,-73.891685,,0.0,0,0,0,0,0,0,0,Backing Unsafely,Station Wagon/Sport Utility Vehicle,BRONX,10459.0,2021,5,Sunday,0.0,Low
2025-07-31,10:35,40.81654,-73.88261999999999,,0.0,0,0,0,0,0,0,0,Unspecified,Pick-up Truck,BRONX,10474.0,2025,7,Thursday,0.0,Low
2023-02-23,16:00,40.662673999999996,-73.89738,WILLIAMS AVENUE,0.0,0,0,0,0,0,1,0,Driver Inattention/Distraction,Box Truck,BROOKLYN,11207.0,2023,2,Thursday,0.0,Low
2024-10-30,20:35,40.696365,-73.92998,,0.0,0,0,0,0,0,1,0,Following Too Closely,Motorcycle,BROOKLYN,11221.0,2024,10,Wednesday,0.0,Low
2022-08-29,09:30,40.69157,-73.99920999999999,BROOKLYN QNS EXPRESSWAY,0.0,0,0,0,0,0,0,0,Unspecified,Sedan,BROOKLYN,11201.0,2022,8,Monday,0.0,Low
2024-03-02,07:55,40.59534,-73.996376,,0.0,0,0,0,0,0,0,0,Driver Inattention/Distraction,Station Wagon/Sport Utility Vehicle,BROOKLYN,11214.0,2024,3,Saturday,0.0,Low
2021-01-08,09:00,40.803833000000004,-73.953964,,0.0,0,0,0,0,0,0,0,Passing Too Closely,Station Wagon/Sport Utility Vehicle,MANHATTAN,10026.0,2021,1,Friday,0.0,Low
2021-01-20,23:00,40.808807,-73.9107,JACKSON AVENUE                  ,0.0,0,0,0,0,0,0,0,Unspecified,Station Wagon/Sport Utility Vehicle,BRONX,10454.0,2021,1,Wednesday,0.0,Low
2023-04-13,00:00,40.632884999999995,-73.94771,FLATBUSH AVENUE,0.0,0,0,0,2,0,0,0,Unspecified,E-Bike,BROOKLYN,11210.0,2023,4,Thursday,0.0,Low
2021-09-10,09:00,40.751453000000005,-73.83228000000001,COLLEGE POINT BOULEVARD,0.0,0,0,0,0,0,0,0,Unspecified,Sedan,QUEENS,11355.0,2021,9,Friday,0.0,Low
2025-02-17,15:00,40.849140000000006,-73.86157,,0.0,0,0,0,0,0,0,0,Unspecified,Sedan,BRONX,10462.0,2025,2,Monday,0.0,Low
2021-11-24,22:11,40.69475,-73.75118,,0.0,0,0,0,0,0,0,0,Unspecified,Sedan,QUEENS,11412.0,2021,11,Wednesday,0.0,Low
2024-04-13,16:40,40.636044,-73.74026500000001,,0.0,0,0,0,0,0,2,0,Following Too Closely,Station Wagon/Sport Utility Vehicle,QUEENS,11422.0,2024,4,Saturday,0.0,Low
2024-05-15,15:11,40.669235,-73.99696999999999,15 STREET,0.0,0,0,0,0,0,2,0,Unsafe Lane Changing,Sedan,BROOKLYN,11232.0,2024,5,Wednesday,0.0,Low
2025-11-10,20:46,40.654309999999995,-74.00442,36 ST,0.0,0,0,0,0,0,0,0,Driver Inattention/Distraction,Station Wagon/Sport Utility Vehicle,BROOKLYN,11232.0,2025,11,Monday,0.0,Low
2021-10-25,14:21,40.85155,-73.84407,,0.0,0,0,0,0,0,1,0,Driver Inattention/Distraction,Moped,BRONX,10461.0,2021,10,Monday,0.0,Low
2025-06-28,00:50,40.872890000000005,-73.88069,E MOSHOLU PKWY N,0.0,0,0,0,0,0,3,0,Traffic Control Disregarded,Sedan,BRONX,10467.0,2025,6,Saturday,0.0,Low
2025-04-10,15:09,40.716778000000005,-73.93634,MORGAN AVE,0.0,0,0,0,1,0,0,0,Unspecified,Sedan,BROOKLYN,11211.0,2025,4,Thursday,0.0,Low
2025-03-07,15:15,40.671890000000005,-73.89587,PENNSYLVANIA AVE,0.0,0,0,0,0,0,1,0,Driver Inattention/Distraction,Sedan,BROOKLYN,11207.0,2025,3,Friday,0.0,Low
2021-05-27,08:05,40.675106,-73.90438,EAST NEW YORK AVENUE,0.0,0,0,0,0,0,0,0,Unspecified,Station Wagon/Sport Utility Vehicle,BROOKLYN,11212.0,2021,5,Thursday,0.0,Low
2024-04-12,16:23,40.674934,-73.80185999999999,VAN WYCK EXPWY,0.0,0,0,0,0,0,0,0,Failure to Yield Right-of-Way,Pick-up Truck,Unknown,,2024,4,Friday,0.0,Low
2025-03-09,17:05,40.739784,-73.9795,E 26 ST,0.0,0,1,0,0,0,0,0,Unspecified,Unknown,MANHATTAN,10010.0,2025,3,Sunday,0.0,Low
2024-06-06,14:39,40.770313,-73.87603,94 STREET,0.0,0,0,0,0,0,0,0,Unspecified,Sedan,Unknown,,2024,6,Thursday,0.0,Low
2025-04-19,11:00,40.70843,-73.905716,,0.0,0,0,0,0,0,0,0,Passing Too Closely,Sedan,QUEENS,11385.0,2025,4,Saturday,0.0,Low
2024-10-11,02:11,40.75734,-73.98601500000001,7 AVE,0.0,0,0,0,0,0,4,0,Failure to Yield Right-of-Way,Sedan,MANHATTAN,10036.0,2024,10,Friday,0.0,Low
2022-10-09,22:18,40.62356,-73.927376,AVENUE L,0.0,0,0,0,0,0,0,0,Driver Inattention/Distraction,Station Wagon/Sport Utility Vehicle,BROOKLYN,11234.0,2022,10,Sunday,0.0,Low
2026-03-23,07:50,40.585922,-74.105255,JEFFERSON AVE,0.0,0,0,0,0,0,1,0,Turning Improperly,Station Wagon/Sport Utility Vehicle,STATEN ISLAND,10306.0,2026,3,Monday,0.0,Low
2024-01-12,07:27,40.716640000000005,-73.943726,,0.0,0,0,0,0,0,0,0,Unsafe Speed,Sedan,BROOKLYN,11211.0,2024,1,Friday,0.0,Low
2023-11-10,13:11,40.67096,-73.98822,4 AVENUE,0.0,0,0,0,1,0,0,0,Driver Inattention/Distraction,Box Truck,BROOKLYN,11215.0,2023,11,Friday,0.0,Low
2021-10-27,15:00,40.902233,-73.843666,EAST 241 STREET,0.0,0,0,0,0,0,3,0,Unsafe Speed,Sedan,BRONX,10466.0,2021,10,Wednesday,0.0,Low
2024-09-28,12:27,40.724636,-73.94818000000001,NASSAU AVENUE,0.0,0,0,0,1,0,0,0,Driver Inattention/Distraction,Sedan,BROOKLYN,11222.0,2024,9,Saturday,0.0,Low
2024-11-02,18:35,40.69908,-73.99678,,0.0,0,0,0,0,0,0,0,Passing or Lane Usage Improper,Sedan,BROOKLYN,11201.0,2024,11,Saturday,0.0,Low
2023-06-18,00:48,40.68375,-73.95899,CLASSON AVENUE,0.0,0,0,0,0,0,0,0,Driver Inattention/Distraction,Sedan,BROOKLYN,11238.0,2023,6,Sunday,0.0,Low
2025-02-08,01:25,40.731693,-73.72301,CROSS ISLAND PARKWAY,0.0,0,0,0,0,0,0,0,Unspecified,Station Wagon/Sport Utility Vehicle,Unknown,,2025,2,Saturday,0.0,Low
2022-11-06,22:50,40.710175,-74.001144,PEARL STREET,0.0,0,0,0,0,0,0,0,Unspecified,Station Wagon/Sport Utility Vehicle,MANHATTAN,10038.0,2022,11,Sunday,0.0,Low
2021-09-12,06:00,40.666348,-73.76093,BELT PARKWAY,0.0,0,0,0,0,0,0,0,Driver Inattention/Distraction,Sedan,Unknown,,2021,9,Sunday,0.0,Low
2023-06-26,16:00,40.770245,-73.815735,150 STREET,0.0,0,0,0,0,0,1,0,Traffic Control Disregarded,Station Wagon/Sport Utility Vehicle,QUEENS,11354.0,2023,6,Monday,0.0,Low
2023-05-28,12:06,40.764340000000004,-73.96664,,0.0,0,0,0,0,0,0,0,Driver Inattention/Distraction,Sedan,MANHATTAN,10065.0,2023,5,Sunday,0.0,Low
2022-04-06,14:56,40.789204,-73.95483,EAST 98 STREET,0.0,0,0,0,0,0,0,0,Unsafe Lane Changing,Bus,MANHATTAN,10029.0,2022,4,Wednesday,0.0,Low
2023-01-16,14:45,40.795444,-73.93285999999999,,0.0,0,0,0,0,0,2,0,Driver Inattention/Distraction,Station Wagon/Sport Utility Vehicle,MANHATTAN,10035.0,2023,1,Monday,0.0,Low
2026-06-03,10:10,40.88414,-73.86274,,0.0,0,0,0,0,0,0,0,Driver Inexperience,Station Wagon/Sport Utility Vehicle,BRONX,10467.0,2026,6,Wednesday,0.0,Low
2022-11-21,01:23,40.672979999999995,-73.88852,PITKIN AVENUE,0.0,0,0,0,0,0,0,0,Driver Inattention/Distraction,Sedan,BROOKLYN,11207.0,2022,11,Monday,0.0,Low
2026-01-15,02:00,40.83406,-73.94488,W 157 ST,0.0,0,0,0,0,0,0,0,Unspecified,Dump,MANHATTAN,10032.0,2026,1,Thursday,0.0,Low
2022-09-04,21:19,40.693886,-73.999245,FURMAN STREET,0.0,0,0,0,0,0,0,0,Driver Inattention/Distraction,Sedan,Unknown,,2022,9,Sunday,0.0,Low
2022-03-11,23:41,40.594006,-73.96337,,0.0,0,0,0,0,0,0,0,Alcohol Involvement,Station Wagon/Sport Utility Vehicle,BROOKLYN,11223.0,2022,3,Friday,0.0,Low
2021-10-14,00:00,40.6658653,-73.750036,BELT PARKWAY,0.0,0,0,0,0,0,1,0,Unspecified,Sedan,Unknown,,2021,10,Thursday,0.0,Low
2024-10-19,01:20,40.595062,-73.784836,,0.0,0,1,0,0,0,0,0,Aggressive Driving/Road Rage,Station Wagon/Sport Utility Vehicle,QUEENS,11692.0,2024,10,Saturday,0.0,Low
2026-03-14,18:00,40.653729999999996,-73.92147,,0.0,0,0,0,0,0,0,0,Unspecified,Sedan,BROOKLYN,11236.0,2026,3,Saturday,0.0,Low
2025-06-23,03:52,0.0,0.0,,0.0,0,0,0,0,0,2,0,Unspecified,Station Wagon/Sport Utility Vehicle,BROOKLYN,11203.0,2025,6,Monday,0.0,Low
2022-07-27,13:25,40.865353000000006,-73.89494,GRAND CONCOURSE,0.0,0,0,0,0,0,0,0,Following Too Closely,Station Wagon/Sport Utility Vehicle,BRONX,10458.0,2022,7,Wednesday,0.0,Low
2021-04-28,16:40,40.762485999999996,-73.96298,EAST 62 STREET,0.0,0,0,0,0,0,0,0,Driver Inattention/Distraction,Station Wagon/Sport Utility Vehicle,MANHATTAN,10065.0,2021,4,Wednesday,0.0,Low
2022-01-07,18:30,40.850840000000005,-73.78825,CITY ISLAND AVENUE,0.0,0,0,0,0,0,0,0,Unsafe Lane Changing,Pick-up Truck,BRONX,10464.0,2022,1,Friday,0.0,Low
2025-11-12,08:00,40.739674,-73.93458000000001,VAN DAM ST,0.0,0,0,0,0,0,3,0,Traffic Control Device Improper/Non-Working,Station Wagon/Sport Utility Vehicle,QUEENS,11101.0,2025,11,Wednesday,0.0,Low
2021-08-30,05:41,40.83226,-73.91369,COLLEGE AVENUE,0.0,0,0,0,0,0,0,0,Fell Asleep,Station Wagon/Sport Utility Vehicle,BRONX,10456.0,2021,8,Monday,0.0,Low
2023-01-26,14:51,40.87121,-73.854576,YATES AVENUE,0.0,0,1,0,0,0,0,0,Driver Inattention/Distraction,Station Wagon/Sport Utility Vehicle,BRONX,10469.0,2023,1,Thursday,0.0,Low
2025-10-17,13:20,0.0,0.0,,0.0,0,0,0,0,0,0,0,Unspecified,Station Wagon/Sport Utility Vehicle,BRONX,10468.0,2025,10,Friday,0.0,Low
2022-10-14,19:06,40.849426,-73.856224,,0.0,0,0,0,0,0,0,0,Other Vehicular,Pick-up Truck,BRONX,10462.0,2022,10,Friday,0.0,Low
2025-07-25,10:59,40.755455,-73.94464,,0.0,0,0,0,0,0,0,0,Passing or Lane Usage Improper,Sedan,QUEENS,11101.0,2025,7,Friday,0.0,Low
2024-07-11,18:30,40.60915,-74.14986999999999,STATEN ISLAND EXPRESSWAY,0.0,0,0,0,0,0,1,0,Unsafe Speed,Station Wagon/Sport Utility Vehicle,Unknown,,2024,7,Thursday,0.0,Low
2023-03-08,18:15,40.731373,-73.81085,,0.0,0,0,0,0,0,0,0,Driver Inattention/Distraction,E-Bike,QUEENS,11365.0,2023,3,Wednesday,0.0,Low
2022-08-06,06:45,40.69845,-73.751976,202 STREET,0.0,0,0,0,0,0,0,0,Passing or Lane Usage Improper,Sedan,QUEENS,11412.0,2022,8,Saturday,0.0,Low
2025-09-27,20:10,40.66791,-73.92023,,0.0,0,1,0,0,0,0,0,Failure to Yield Right-of-Way,Sedan,BROOKLYN,11212.0,2025,9,Saturday,0.0,Low
2024-12-16,00:51,40.690277,-73.87173,AUTUMN AVE,0.0,0,0,0,0,0,0,0,Turning Improperly,Sedan,BROOKLYN,11208.0,2024,12,Monday,0.0,Low
2023-01-06,15:51,40.887671999999995,-73.84705,LACONIA AVENUE,0.0,0,0,0,0,0,0,0,Turning Improperly,Sedan,BRONX,10466.0,2023,1,Friday,0.0,Low
2025-09-17,05:35,40.76853,-73.87615,,0.0,0,0,0,0,0,0,0,Driver Inattention/Distraction,Van,QUEENS,11369.0,2025,9,Wednesday,0.0,Low
2023-03-10,00:45,40.596367,-74.10521999999999,GORGE ROAD,0.0,0,0,0,0,0,0,0,Unspecified,Sedan,STATEN ISLAND,10304.0,2023,3,Friday,0.0,Low
2025-05-09,15:20,40.744076,-73.99518,,0.0,0,0,0,0,0,0,0,Driver Inattention/Distraction,Station Wagon/Sport Utility Vehicle,MANHATTAN,10011.0,2025,5,Friday,0.0,Low
2024-11-08,23:02,40.82325,-73.88277,BRUCKNER BOULEVARD,0.0,0,0,0,0,0,0,0,Other Vehicular,Sedan,Unknown,,2024,11,Friday,0.0,Low
2024-07-10,09:48,40.82484,-73.938805,,0.0,0,0,0,0,0,0,0,Driver Inattention/Distraction,Station Wagon/Sport Utility Vehicle,MANHATTAN,10039.0,2024,7,Wednesday,0.0,Low
2024-01-08,09:00,40.679829999999995,-73.98306,,0.0,0,0,0,0,0,0,0,Other Vehicular,Station Wagon/Sport Utility Vehicle,BROOKLYN,11217.0,2024,1,Monday,0.0,Low
2026-03-23,18:03,40.84946,-73.922844,,0.0,0,0,0,0,0,0,0,Unspecified,Sedan,BRONX,10453.0,2026,3,Monday,0.0,Low
2024-09-17,14:45,40.745224,-73.92113499999999,43 STREET,0.0,0,0,0,1,0,0,0,Failure to Yield Right-of-Way,Box Truck,QUEENS,11104.0,2024,9,Tuesday,0.0,Low
2024-03-06,22:29,40.789646000000005,-73.94608000000001,EAST 103 STREET,0.0,0,0,0,0,0,1,0,Unsafe Lane Changing,Taxi,Unknown,,2024,3,Wednesday,0.0,Low
2021-04-16,12:30,40.679615000000005,-73.9737,,0.0,0,0,0,0,0,0,0,Unspecified,Sedan,BROOKLYN,11217.0,2021,4,Friday,0.0,Low
2021-07-10,16:30,40.687329999999996,-73.98183,SCHERMERHORN STREET,0.0,0,0,0,0,0,0,0,Passing or Lane Usage Improper,Station Wagon/Sport Utility Vehicle,Unknown,,2021,7,Saturday,0.0,Low
2024-09-18,09:15,40.649516999999996,-73.96285999999999,,0.0,0,0,0,0,0,0,0,Unspecified,Station Wagon/Sport Utility Vehicle,BROOKLYN,11226.0,2024,9,Wednesday,0.0,Low
2024-08-09,10:23,40.7641,-73.91150999999999,,0.0,0,0,0,0,0,0,0,Passing Too Closely,Sedan,QUEENS,11103.0,2024,8,Friday,0.0,Low
2024-06-29,23:30,40.768496999999996,-73.84090400000001,,0.0,0,0,0,0,0,0,0,Driver Inattention/Distraction,Flat Bed,QUEENS,11354.0,2024,6,Saturday,0.0,Low
2022-05-17,21:25,40.73283,-73.97415,FDR DRIVE,0.0,0,0,0,0,0,0,0,Passenger Distraction,Sedan,Unknown,,2022,5,Tuesday,0.0,Low
2024-11-27,09:45,40.807774,-73.94548,W 125 ST,0.0,0,0,0,0,0,0,0,Driver Inattention/Distraction,Sedan,MANHATTAN,10027.0,2024,11,Wednesday,0.0,Low
2024-03-13,19:10,40.827890000000004,-73.85011999999999,,0.0,0,1,0,0,0,0,0,Backing Unsafely,Sedan,BRONX,10472.0,2024,3,Wednesday,0.0,Low
2024-12-17,12:30,40.700222,-73.98639,JAY STREET,0.0,0,0,0,0,0,0,0,Following Too Closely,Sedan,Unknown,,2024,12,Tuesday,0.0,Low
2021-01-15,18:12,40.65785,-73.91648,ROCKAWAY PARKWAY                ,0.0,0,1,0,0,0,0,0,Driver Inattention/Distraction,Station Wagon/Sport Utility Vehicle,BROOKLYN,11212.0,2021,1,Friday,0.0,Low
2021-09-26,21:57,40.746906,-73.90160999999999,62 STREET,0.0,0,0,0,0,0,0,0,Alcohol Involvement,Station Wagon/Sport Utility Vehicle,QUEENS,11377.0,2021,9,Sunday,0.0,Low
2022-09-04,14:40,40.576744,-73.98371999999999,MERMAID AVENUE,0.0,0,0,0,0,0,0,0,Backing Unsafely,Station Wagon/Sport Utility Vehicle,Unknown,,2022,9,Sunday,0.0,Low
2024-10-04,16:00,40.574463,-74.092606,MAPLETON AVENUE,0.0,0,0,0,0,0,1,0,Failure to Yield Right-of-Way,Sedan,STATEN ISLAND,10306.0,2024,10,Friday,0.0,Low
2021-07-16,17:19,40.733433000000005,-73.9955,EAST 10 STREET,0.0,0,0,0,1,0,1,0,Pedestrian/Bicyclist/Other Pedestrian Error/Confusion,Moped,MANHATTAN,10003.0,2021,7,Friday,0.0,Low
2024-10-15,20:49,40.71141,-73.95603,,0.0,0,0,0,0,0,0,0,Passing Too Closely,Sedan,BROOKLYN,11211.0,2024,10,Tuesday,0.0,Low
2021-06-26,16:45,40.756,-73.9427,,0.0,0,0,0,0,0,0,0,Unspecified,Sedan,QUEENS,11101.0,2021,6,Saturday,0.0,Low
2025-09-11,16:25,40.608757000000004,-74.03808599999999,VERRAZANO BRIDGE LOWER,0.0,0,0,0,0,0,0,0,Following Too Closely,Sedan,Unknown,,2025,9,Thursday,0.0,Low
2024-12-09,14:00,40.717014,-73.7994,GRAND CENTRAL PKWY,0.0,0,0,0,0,0,1,0,Unspecified,Sedan,Unknown,,2024,12,Monday,0.0,Low
2024-03-19,10:51,40.816025,-73.93947,WEST 138 STREET,0.0,0,0,0,0,0,0,0,Driver Inattention/Distraction,Station Wagon/Sport Utility Vehicle,MANHATTAN,10037.0,2024,3,Tuesday,0.0,Low
2023-09-03,10:48,40.633606,-73.91623,FLATLANDS AVENUE,0.0,0,0,0,0,0,0,0,Driver Inattention/Distraction,Box Truck,BROOKLYN,11236.0,2023,9,Sunday,0.0,Low
2023-04-17,10:00,40.725925,-73.89088000000001,LONG ISLAND EXPRESSWAY,0.0,0,0,0,0,0,0,0,Unspecified,Station Wagon/Sport Utility Vehicle,Unknown,,2023,4,Monday,0.0,Low
2021-02-16,21:36,40.764590000000005,-73.75873,CROSS ISLAND PARKWAY            ,0.0,0,0,0,0,0,0,0,Accelerator Defective,Station Wagon/Sport Utility Vehicle,Unknown,,2021,2,Tuesday,0.0,Low
2023-11-29,14:14,40.75546,-73.92736,34 STREET,0.0,0,0,0,0,0,0,0,Oversized Vehicle,Tow Truck / Wrecker,Unknown,,2023,11,Wednesday,0.0,Low
2023-07-27,03:24,40.551052,-74.16386999999999,RIDGEWOOD AVENUE,0.0,0,0,0,0,0,0,0,Fell Asleep,Sedan,STATEN ISLAND,10312.0,2023,7,Thursday,0.0,Low
2023-06-09,17:05,40.836909999999996,-73.8622,,0.0,0,0,0,0,0,1,0,Unspecified,Sedan,BRONX,10462.0,2023,6,Friday,0.0,Low
2023-12-18,19:10,40.735832,-74.00345,,0.0,0,0,0,0,0,1,0,Unspecified,Motorscooter,MANHATTAN,10014.0,2023,12,Monday,0.0,Low
2021-12-17,12:50,40.726444,-73.76579,GRAND CENTRAL PKWY,0.0,0,0,0,0,0,1,0,Passing or Lane Usage Improper,Sedan,Unknown,,2021,12,Friday,0.0,Low
2024-02-17,11:56,40.813095000000004,-73.89827,BRUCKNER BOULEVARD,0.0,0,0,0,0,0,1,0,Other Vehicular,Sedan,BRONX,10455.0,2024,2,Saturday,0.0,Low
2023-05-15,23:00,40.750690000000006,-73.98292,,0.0,0,0,0,0,0,0,0,Unspecified,Sedan,MANHATTAN,10016.0,2023,5,Monday,0.0,Low
2022-07-23,22:05,40.69596,-73.964096,BROOKLYN QUEENS EXPRESSWAY,0.0,0,0,0,0,0,0,0,Unsafe Lane Changing,Station Wagon/Sport Utility Vehicle,Unknown,,2022,7,Saturday,0.0,Low
2024-07-19,12:50,0.0,0.0,NORTHERN BOULEVARD,0.0,0,0,0,0,0,0,0,Passing or Lane Usage Improper,Sedan,Unknown,,2024,7,Friday,0.0,Low
2023-04-09,17:17,40.84506,-73.916855,CROSS BRONX EXPY,0.0,0,0,0,0,0,3,0,Unsafe Speed,Station Wagon/Sport Utility Vehicle,Unknown,,2023,4,Sunday,0.0,Low
2022-08-15,11:02,40.761787,-73.95745,EAST 64 STREET,0.0,0,0,0,0,0,1,0,Driver Inattention/Distraction,Sedan,Unknown,,2022,8,Monday,0.0,Low
2022-11-21,08:24,40.598137,-74.12546,BRIELLE AVENUE,0.0,0,0,0,0,0,0,0,Driver Inattention/Distraction,Sedan,Unknown,,2022,11,Monday,0.0,Low
2021-07-19,17:57,40.730957000000004,-73.85625999999999,64 AVENUE,0.0,0,0,0,0,0,0,0,Driver Inattention/Distraction,Station Wagon/Sport Utility Vehicle,QUEENS,11374.0,2021,7,Monday,0.0,Low
2022-09-11,15:00,40.665024,-73.870575,STANLEY AVENUE,0.0,0,0,0,0,0,0,0,Unspecified,Station Wagon/Sport Utility Vehicle,BROOKLYN,11208.0,2022,9,Sunday,0.0,Low
2025-10-18,15:30,40.88968,-73.820595,BOSTON RD,0.0,0,0,0,0,0,0,0,Failure to Yield Right-of-Way,Sedan,BRONX,10475.0,2025,10,Saturday,0.0,Low
2022-06-01,14:40,40.677155,-73.88773,JEROME STREET,0.0,0,0,0,0,0,0,0,Following Too Closely,Box Truck,BROOKLYN,11207.0,2022,6,Wednesday,0.0,Low
2024-10-19,06:30,40.759018,-73.85515600000001,GRAND CENTRAL PKWY,0.0,0,0,0,0,0,0,0,Driver Inexperience,Station Wagon/Sport Utility Vehicle,Unknown,,2024,10,Saturday,0.0,Low
2022-09-26,16:18,40.61439,-74.15767,RICHMOND AVENUE,0.0,0,0,0,0,0,0,0,Driver Inattention/Distraction,Station Wagon/Sport Utility Vehicle,Unknown,,2022,9,Monday,0.0,Low
2024-02-19,04:40,40.87668,-73.89967,,0.0,0,0,0,0,0,0,0,Unspecified,Sedan,BRONX,10463.0,2024,2,Monday,0.0,Low
2026-07-03,19:36,40.711845000000004,-73.85976,METROPOLITAN AVE,0.0,0,0,0,0,0,0,0,Passing or Lane Usage Improper,Station Wagon/Sport Utility Vehicle,QUEENS,11374.0,2026,7,Friday,0.0,Low
2023-09-18,17:57,40.611088,-74.005554,,0.0,0,0,0,0,0,0,0,Unspecified,Sedan,BROOKLYN,11214.0,2023,9,Monday,0.0,Low
2022-07-30,18:00,40.671946999999996,-73.73384,241 STREET,0.0,0,0,0,0,0,1,0,Unsafe Speed,Sedan,QUEENS,11422.0,2022,7,Saturday,0.0,Low
2024-07-06,02:47,40.841843,-73.94539,HENRY HUDSON PARKWAY,0.0,0,0,0,0,0,0,0,Passing Too Closely,Sedan,Unknown,,2024,7,Saturday,0.0,Low
2023-06-04,16:41,40.732033,-73.91893,LONG ISLAND EXPRESSWAY,0.0,0,0,0,0,0,0,0,Unsafe Speed,Taxi,Unknown,,2023,6,Sunday,0.0,Low
2023-11-09,00:05,40.850094,-73.88606999999999,,0.0,0,0,0,0,0,0,0,Backing Unsafely,Station Wagon/Sport Utility Vehicle,BRONX,10457.0,2023,11,Thursday,0.0,Low
2021-01-17,03:27,40.86221,-73.89965,EAST FORDHAM ROAD               ,0.0,0,0,0,0,0,1,0,Unspecified,Motorbike,Unknown,,2021,1,Sunday,0.0,Low
2023-08-26,16:30,0.0,0.0,OCEAN PARKWAY,0.0,0,0,0,0,0,0,0,Unspecified,Sedan,BROOKLYN,11230.0,2023,8,Saturday,0.0,Low
2024-04-25,21:30,40.852383,-73.90365,EAST BURNSIDE AVENUE,0.0,0,1,0,0,0,0,0,Driver Inattention/Distraction,Unknown,Unknown,,2024,4,Thursday,0.0,Low
2023-09-16,16:16,40.860645,-73.92734,NAGLE AVENUE,0.0,0,0,0,0,0,1,0,Unspecified,Sedan,Unknown,,2023,9,Saturday,0.0,Low
2023-11-12,10:45,40.66976,-73.88865,,0.0,0,0,0,0,0,0,0,View Obstructed/Limited,Sedan,BROOKLYN,11207.0,2023,11,Sunday,0.0,Low
2021-02-05,16:55,40.586715999999996,-73.911194,BELT PARKWAY,0.0,0,0,0,0,0,0,0,Driver Inattention/Distraction,Sedan,Unknown,,2021,2,Friday,0.0,Low
2022-07-28,07:00,40.67581,-73.895836,ATLANTIC AVENUE,0.0,0,0,0,0,0,1,0,Driver Inattention/Distraction,Sedan,BROOKLYN,11207.0,2022,7,Thursday,0.0,Low
2021-08-26,22:30,40.633953000000005,-74.08575400000001,VICTORY BOULEVARD,0.0,0,1,0,0,0,0,0,Unspecified,Sedan,STATEN ISLAND,10304.0,2021,8,Thursday,0.0,Low
2021-11-14,03:05,40.583626,-73.98406999999999,BELT PARKWAY,0.0,1,0,1,0,0,0,0,Pedestrian/Bicyclist/Other Pedestrian Error/Confusion,Pick-up Truck,Unknown,,2021,11,Sunday,1.0,Low
2023-02-13,16:30,40.87683,-73.86471999999999,EAST GUN HILL ROAD,0.0,0,0,0,0,0,0,0,Following Too Closely,Bus,Unknown,,2023,2,Monday,0.0,Low
2024-12-10,22:02,40.666008000000005,-73.789536,SOUTH CONDUIT AVENUE,0.0,0,0,0,0,0,0,0,Driver Inattention/Distraction,Station Wagon/Sport Utility Vehicle,QUEENS,11413.0,2024,12,Tuesday,0.0,Low
2022-05-26,11:10,40.66564,-73.87105,,0.0,0,0,0,0,0,0,0,Unspecified,Station Wagon/Sport Utility Vehicle,BROOKLYN,11208.0,2022,5,Thursday,0.0,Low
2021-12-03,00:47,40.707153000000005,-73.8189,VAN WYCK EXPWY                  ,0.0,0,0,0,0,0,0,0,Following Too Closely,Sedan,Unknown,,2021,12,Friday,0.0,Low
2023-02-06,09:30,40.612885,-73.97522,62 STREET,0.0,0,0,0,0,0,2,0,Driver Inattention/Distraction,Station Wagon/Sport Utility Vehicle,BROOKLYN,11204.0,2023,2,Monday,0.0,Low
2023-02-12,10:00,40.67114,-73.76741,173 STREET,0.0,0,0,0,0,0,0,0,Driver Inattention/Distraction,Station Wagon/Sport Utility Vehicle,QUEENS,11434.0,2023,2,Sunday,0.0,Low
2024-05-05,11:20,40.725243,-74.01006,WASHINGTON STREET,0.0,0,0,0,0,0,0,0,Unspecified,Station Wagon/Sport Utility Vehicle,Unknown,,2024,5,Sunday,0.0,Low
2024-12-17,17:11,40.705257,-73.8342,118 ST,0.0,0,1,0,0,0,0,0,Traffic Control Disregarded,Unknown,QUEENS,11415.0,2024,12,Tuesday,0.0,Low
2023-02-03,18:11,40.62166,-73.92233,EAST 55 STREET,0.0,0,0,0,0,0,0,0,Driver Inexperience,Sedan,BROOKLYN,11234.0,2023,2,Friday,0.0,Low
2022-04-02,00:05,40.67522,-73.75384,,0.0,0,0,0,0,0,0,0,Driver Inattention/Distraction,Sedan,QUEENS,11413.0,2022,4,Saturday,0.0,Low
2024-03-18,10:44,40.754259999999995,-73.74334,LONG ISLAND EXPRESSWAY,0.0,0,0,0,0,0,1,0,Following Too Closely,Sedan,Unknown,,2024,3,Monday,0.0,Low
2024-06-19,18:46,40.702534,-73.87352,75 STREET,0.0,0,0,0,1,0,0,0,Pedestrian/Bicyclist/Other Pedestrian Error/Confusion,Station Wagon/Sport Utility Vehicle,QUEENS,11385.0,2024,6,Wednesday,0.0,Low
2025-05-02,14:57,40.741764,-73.93335,,0.0,0,0,0,0,0,0,0,Unspecified,Box Truck,QUEENS,11101.0,2025,5,Friday,0.0,Low
2025-12-03,14:40,40.6576,-73.99019,23 ST,0.0,0,0,0,0,0,0,0,Fell Asleep,Station Wagon/Sport Utility Vehicle,BROOKLYN,11215.0,2025,12,Wednesday,0.0,Low
2021-02-05,19:20,40.707966,-73.99975,FDR DRIVE,0.0,0,0,0,0,0,0,0,Unsafe Lane Changing,Station Wagon/Sport Utility Vehicle,Unknown,,2021,2,Friday,0.0,Low
2023-10-13,08:00,40.666579999999996,-73.73586999999999,242 STREET,0.0,0,0,0,0,0,0,0,Passing or Lane Usage Improper,Sedan,QUEENS,11422.0,2023,10,Friday,0.0,Low
2021-02-06,21:00,40.718018,-73.99996,CENTRE STREET,0.0,0,0,0,0,0,0,0,Turning Improperly,Station Wagon/Sport Utility Vehicle,MANHATTAN,10013.0,2021,2,Saturday,0.0,Low
2024-05-30,23:45,40.70953,-73.92608,STEWART AVENUE,0.0,0,0,0,0,0,0,0,Failure to Yield Right-of-Way,Station Wagon/Sport Utility Vehicle,BROOKLYN,11237.0,2024,5,Thursday,0.0,Low
2021-05-20,14:05,40.829597,-73.94814000000001,BROADWAY,0.0,0,0,0,0,0,0,0,Unsafe Lane Changing,Station Wagon/Sport Utility Vehicle,MANHATTAN,10031.0,2021,5,Thursday,0.0,Low
2022-02-25,07:35,40.646225,-74.00916,48 STREET,0.0,0,0,0,0,0,1,0,Backing Unsafely,Sedan,BROOKLYN,11220.0,2022,2,Friday,0.0,Low
2023-03-07,14:03,40.6514,-73.95513000000001,,0.0,0,0,0,0,0,0,0,Unspecified,Station Wagon/Sport Utility Vehicle,BROOKLYN,11226.0,2023,3,Tuesday,0.0,Low
2023-11-18,01:19,40.807970000000005,-73.94598,,0.0,0,1,0,0,0,0,0,Passing or Lane Usage Improper,Sedan,MANHATTAN,10027.0,2023,11,Saturday,0.0,Low
2023-09-27,14:05,40.727207,-73.90742,MAURICE AVENUE,0.0,0,0,0,0,0,0,0,Turning Improperly,Tractor Truck Diesel,Unknown,,2023,9,Wednesday,0.0,Low
2023-04-08,23:02,40.803740000000005,-73.95375,,0.0,0,1,0,0,0,0,0,Driver Inattention/Distraction,Taxi,MANHATTAN,10026.0,2023,4,Saturday,0.0,Low
2026-02-13,00:00,40.64638,-73.90388,,0.0,0,1,0,0,0,0,0,Failure to Yield Right-of-Way,Sedan,BROOKLYN,11236.0,2026,2,Friday,0.0,Low
2025-11-12,11:30,40.588295,-73.98626,,0.0,0,0,0,0,0,0,0,Driver Inattention/Distraction,Station Wagon/Sport Utility Vehicle,BROOKLYN,11214.0,2025,11,Wednesday,0.0,Low
2025-02-27,08:45,0.0,0.0,,0.0,0,0,0,0,0,0,0,Unsafe Speed,Station Wagon/Sport Utility Vehicle,Unknown,,2025,2,Thursday,0.0,Low
2021-03-13,14:45,40.58787,-73.9534,,0.0,0,0,0,0,0,0,0,Backing Unsafely,Sedan,BROOKLYN,11235.0,2021,3,Saturday,0.0,Low
2022-08-15,16:17,40.814403999999996,-73.96446999999999,HENRY HUDSON PARKWAY,0.0,0,0,0,0,0,1,0,Driver Inattention/Distraction,Station Wagon/Sport Utility Vehicle,Unknown,,2022,8,Monday,0.0,Low
2026-03-20,14:02,40.668865000000004,-73.89484,,0.0,0,0,0,0,0,1,0,Failure to Yield Right-of-Way,Sedan,BROOKLYN,11207.0,2026,3,Friday,0.0,Low
2023-03-26,16:08,40.8087,-73.95226,,0.0,0,0,0,1,0,0,0,Failure to Yield Right-of-Way,Station Wagon/Sport Utility Vehicle,MANHATTAN,10027.0,2023,3,Sunday,0.0,Low
2021-06-17,06:13,40.672447,-73.910484,,0.0,0,0,0,0,0,0,0,Unspecified,Sedan,BROOKLYN,11212.0,2021,6,Thursday,0.0,Low
2021-11-05,12:25,40.867382,-73.92641400000001,SEAMAN AVENUE,0.0,0,0,0,0,0,0,0,Unspecified,Sedan,MANHATTAN,10034.0,2021,11,Friday,0.0,Low
2022-08-14,20:55,40.670326,-73.87796,BLAKE AVENUE,0.0,0,0,0,0,0,2,0,Unspecified,Sedan,BROOKLYN,11208.0,2022,8,Sunday,0.0,Low
2022-06-03,20:00,40.81427,-73.91535,EAST 148 STREET,0.0,0,1,0,0,0,0,0,Unspecified,Unknown,BRONX,10455.0,2022,6,Friday,0.0,Low
2024-01-29,14:30,40.757862,-73.78347,43 AVENUE,0.0,0,0,0,0,0,1,0,Other Vehicular,Station Wagon/Sport Utility Vehicle,Unknown,,2024,1,Monday,0.0,Low
2021-07-31,23:24,40.72433,-73.9966,,0.0,0,0,0,0,0,0,0,Driver Inattention/Distraction,Sedan,MANHATTAN,10012.0,2021,7,Saturday,0.0,Low
2021-01-27,23:02,40.69484,-73.98391,JOHNSON STREET                  ,0.0,0,0,0,0,0,0,0,Other Vehicular,Sedan,BROOKLYN,11201.0,2021,1,Wednesday,0.0,Low
2025-12-12,18:20,40.754509999999996,-73.82715,COLDEN ST,0.0,0,0,0,0,0,0,0,Failure to Yield Right-of-Way,Unknown,QUEENS,11355.0,2025,12,Friday,0.0,Low
2025-09-15,08:15,40.623096000000004,-73.919785,,0.0,0,0,0,0,0,0,0,Unspecified,Sedan,BROOKLYN,11234.0,2025,9,Monday,0.0,Low
2023-07-03,08:50,40.64976,-73.95023,,0.0,0,0,0,0,0,0,0,Unspecified,Van,BROOKLYN,11226.0,2023,7,Monday,0.0,Low
2023-10-07,13:52,40.683315,-73.87334,,0.0,0,0,0,0,0,0,0,Unspecified,Sedan,BROOKLYN,11208.0,2023,10,Saturday,0.0,Low
2025-07-04,19:10,40.7697,-73.932724,12 ST,0.0,0,0,0,0,0,3,0,Failure to Yield Right-of-Way,Station Wagon/Sport Utility Vehicle,QUEENS,11102.0,2025,7,Friday,0.0,Low
2021-12-24,17:25,40.842240000000004,-73.84406,WILLIAMSBRIDGE ROAD,0.0,0,1,0,0,0,0,0,Unspecified,Unknown,BRONX,10461.0,2021,12,Friday,0.0,Low
2024-06-25,17:48,40.8382,-73.88512,,0.0,0,0,0,0,0,0,0,Passing Too Closely,Sedan,BRONX,10460.0,2024,6,Tuesday,0.0,Low
2025-12-04,02:50,40.754154,-73.992455,,0.0,0,0,0,0,0,0,0,Unspecified,Taxi,MANHATTAN,10018.0,2025,12,Thursday,0.0,Low
2024-07-21,15:15,40.6209,-74.01758000000001,81 STREET,0.0,0,0,0,1,0,1,0,Unspecified,Bike,BROOKLYN,11228.0,2024,7,Sunday,0.0,Low
2024-09-02,20:13,40.667835,-73.89484,PENNSYLVANIA AVENUE,0.0,0,0,0,0,0,0,0,Alcohol Involvement,Pick-up Truck,BROOKLYN,11207.0,2024,9,Monday,0.0,Low
2021-04-01,23:14,40.686733000000004,-73.87405,ETNA STREET                     ,0.0,0,0,0,0,0,1,0,Driver Inattention/Distraction,Sedan,BROOKLYN,11208.0,2021,4,Thursday,0.0,Low
2021-05-31,13:45,40.738476,-73.7991,HORACE HARDING EXPRESSWAY,0.0,0,0,0,0,0,0,0,Tire Failure/Inadequate,Sedan,Unknown,,2021,5,Monday,0.0,Low
2021-07-12,07:21,40.659515,-73.91207,,0.0,0,0,0,0,0,0,0,Passing or Lane Usage Improper,Pick-up Truck,BROOKLYN,11212.0,2021,7,Monday,0.0,Low
2022-07-31,21:50,40.606346,-73.95273,OCEAN AVENUE,0.0,0,0,0,0,0,2,0,Driver Inattention/Distraction,Unknown,BROOKLYN,11229.0,2022,7,Sunday,0.0,Low
2025-09-27,11:14,40.765614,-73.96069,E 67 ST,0.0,0,0,0,1,0,0,0,Following Too Closely,Sedan,MANHATTAN,10065.0,2025,9,Saturday,0.0,Low
2023-03-02,10:20,40.636395,-73.945854,,0.0,0,1,0,0,0,0,0,Unspecified,Sedan,BROOKLYN,11210.0,2023,3,Thursday,0.0,Low
2022-03-30,16:46,40.65978,-73.88292,SCHENCK AVENUE,0.0,0,0,0,0,0,0,0,Unspecified,Sedan,Unknown,,2022,3,Wednesday,0.0,Low
2021-06-01,06:00,40.760387,-73.98933000000001,,0.0,0,0,0,0,0,1,0,Unspecified,Sedan,MANHATTAN,10036.0,2021,6,Tuesday,0.0,Low
2021-11-19,08:10,40.729347,-73.94511999999999,MESEROLE AVENUE,0.0,0,0,0,0,0,0,0,Oversized Vehicle,Tractor Truck Diesel,BROOKLYN,11222.0,2021,11,Friday,0.0,Low
2024-03-01,09:20,40.746403,-73.97973,EAST 34 STREET,0.0,0,0,0,0,0,0,0,Driver Inattention/Distraction,Sedan,MANHATTAN,10016.0,2024,3,Friday,0.0,Low
2023-02-27,21:58,40.844746,-73.90363,CROSS BRONX EXPY,0.0,0,0,0,0,0,2,0,Pavement Slippery,Sedan,Unknown,,2023,2,Monday,0.0,Low
2021-01-11,10:15,40.636627000000004,-73.94226,FARRAGUT ROAD,0.0,0,0,0,0,0,0,0,Traffic Control Disregarded,Sedan,BROOKLYN,11210.0,2021,1,Monday,0.0,Low
2022-09-24,20:00,40.573605,-74.09785,LINCOLN AVENUE,0.0,0,0,0,0,0,0,0,Animals Action,Sedan,STATEN ISLAND,10306.0,2022,9,Saturday,0.0,Low
2021-10-02,02:00,40.754093,-73.87657,,0.0,0,0,0,0,0,0,0,Unspecified,Sedan,QUEENS,11372.0,2021,10,Saturday,0.0,Low
2024-06-24,18:00,40.7666,-73.86838,,0.0,0,0,0,0,0,0,0,Unspecified,Sedan,QUEENS,11369.0,2024,6,Monday,0.0,Low
2021-08-16,23:20,40.634953,-73.98144,16 AVENUE,0.0,0,0,0,0,0,0,0,Unspecified,Station Wagon/Sport Utility Vehicle,BROOKLYN,11204.0,2021,8,Monday,0.0,Low
2024-05-23,11:23,40.88004,-73.88587,,0.0,0,0,0,0,0,0,0,Unspecified,NYFD ambul,BRONX,10468.0,2024,5,Thursday,0.0,Low
2025-04-25,01:00,40.555283,-74.13405999999999,JUSTIN AVE,0.0,0,0,0,0,0,0,0,Fell Asleep,Sedan,STATEN ISLAND,10306.0,2025,4,Friday,0.0,Low
2021-05-28,15:40,40.751521999999994,-73.99396,WEST 33 STREET,0.0,0,1,0,0,0,0,0,Turning Improperly,Van,MANHATTAN,10001.0,2021,5,Friday,0.0,Low
2021-03-11,06:15,40.730434,-73.86061,97 STREET,0.0,0,0,0,0,0,0,0,Unspecified,Station Wagon/Sport Utility Vehicle,QUEENS,11374.0,2021,3,Thursday,0.0,Low
2022-04-07,06:20,40.75651,-73.89692,70 STREET,0.0,0,0,0,0,0,0,0,Unsafe Speed,Station Wagon/Sport Utility Vehicle,QUEENS,11370.0,2022,4,Thursday,0.0,Low
2025-09-09,06:45,40.76416,-73.96889,E 61 ST,0.0,0,0,0,0,0,0,0,Driver Inattention/Distraction,Station Wagon/Sport Utility Vehicle,MANHATTAN,10065.0,2025,9,Tuesday,0.0,Low
2023-06-15,19:39,40.729996,-73.84148,67 ROAD,0.0,0,0,0,0,0,0,0,Driver Inattention/Distraction,Sedan,QUEENS,11375.0,2023,6,Thursday,0.0,Low
2023-01-25,15:10,40.788532000000004,-73.95322,EAST 98 STREET,0.0,0,0,0,0,0,0,0,Passing Too Closely,Station Wagon/Sport Utility Vehicle,MANHATTAN,10029.0,2023,1,Wednesday,0.0,Low
2024-11-01,07:20,40.75584,-73.98439,,0.0,0,0,0,0,0,0,0,Unspecified,Station Wagon/Sport Utility Vehicle,MANHATTAN,10036.0,2024,11,Friday,0.0,Low
2025-04-07,23:40,40.70467,-73.80565,150 ST,0.0,0,0,0,0,0,0,0,Unspecified,Sedan,QUEENS,11432.0,2025,4,Monday,0.0,Low
2022-08-25,23:30,40.749590000000005,-74.00279,10 AVENUE,0.0,0,0,0,0,0,0,0,Traffic Control Disregarded,Station Wagon/Sport Utility Vehicle,MANHATTAN,10001.0,2022,8,Thursday,0.0,Low
2026-08-03,22:25,40.72325,-73.7998,,0.0,0,0,0,0,0,0,0,Unspecified,Sedan,QUEENS,11366.0,2026,8,Monday,0.0,Low
2025-07-24,10:00,40.695824,-73.821106,ATLANTIC AVE,0.0,0,0,0,0,0,0,0,Driver Inattention/Distraction,Station Wagon/Sport Utility Vehicle,QUEENS,11418.0,2025,7,Thursday,0.0,Low
2024-04-06,20:19,40.82273,-73.94537,,0.0,0,0,0,0,0,0,0,Unspecified,VAN TRUCK,MANHATTAN,10030.0,2024,4,Saturday,0.0,Low
2023-11-16,22:00,40.7274,-73.98855,2 AVENUE,0.0,0,0,0,0,0,1,0,Unsafe Lane Changing,Taxi,MANHATTAN,10003.0,2023,11,Thursday,0.0,Low
2025-12-03,10:15,0.0,0.0,,0.0,0,0,0,0,0,0,0,Unspecified,Sedan,BRONX,10458.0,2025,12,Wednesday,0.0,Low
2023-12-05,18:00,40.752316,-73.985954,WEST 38 STREET,0.0,0,0,0,0,0,0,0,Unsafe Lane Changing,Taxi,MANHATTAN,10018.0,2023,12,Tuesday,0.0,Low
2022-02-13,02:30,40.69212,-73.98435,WILLOUGHBY STREET,0.0,0,0,0,0,0,0,0,Passing Too Closely,Station Wagon/Sport Utility Vehicle,BROOKLYN,11201.0,2022,2,Sunday,0.0,Low
2021-11-23,15:56,40.7042,-73.81525400000001,QUEENS BOULEVARD,0.0,0,0,0,0,0,1,0,Unspecified,Sedan,QUEENS,11435.0,2021,11,Tuesday,0.0,Low
2023-10-06,13:45,40.606384000000006,-74.00121,86 STREET,0.0,0,0,0,0,0,0,0,Driver Inexperience,Station Wagon/Sport Utility Vehicle,BROOKLYN,11214.0,2023,10,Friday,0.0,Low
2023-03-06,01:30,40.74181,-73.783005,LONG ISLAND EXPRESSWAY,0.0,0,0,0,0,0,4,0,Alcohol Involvement,Sedan,Unknown,,2023,3,Monday,0.0,Low
2021-11-07,19:00,40.580315,-74.11368,RICHMOND ROAD,0.0,0,0,0,0,0,0,0,Failure to Yield Right-of-Way,Sedan,STATEN ISLAND,10306.0,2021,11,Sunday,0.0,Low
2022-09-07,15:30,40.830345,-73.92328,GERARD AVENUE,0.0,0,0,0,0,0,0,0,Passing Too Closely,Taxi,Unknown,,2022,9,Wednesday,0.0,Low
2021-09-06,07:30,40.761044,-73.998825,,0.0,0,0,0,0,0,0,0,Passing Too Closely,Station Wagon/Sport Utility Vehicle,MANHATTAN,10036.0,2021,9,Monday,0.0,Low
2024-07-22,18:25,40.703674,-73.91513,SAINT NICHOLAS AVENUE,0.0,0,0,0,0,0,3,0,Driver Inattention/Distraction,Pick-up Truck,BROOKLYN,11237.0,2024,7,Monday,0.0,Low
2023-05-12,21:58,40.781647,-73.8367,20 AVENUE,0.0,0,0,0,0,0,0,0,Failure to Yield Right-of-Way,Station Wagon/Sport Utility Vehicle,Unknown,,2023,5,Friday,0.0,Low
2026-03-02,13:00,40.726177,-73.86488,ALDERTON ST,0.0,0,0,0,0,0,0,0,Unspecified,Sedan,QUEENS,11374.0,2026,3,Monday,0.0,Low
2023-01-14,18:58,40.72657,-73.852646,QUEENS BOULEVARD,0.0,0,1,0,0,0,0,0,Passing Too Closely,E-Bike,Unknown,,2023,1,Saturday,0.0,Low
2022-05-19,20:39,40.782140000000005,-73.824844,WHITESTONE EXPRESSWAY,0.0,0,0,0,0,0,0,0,Following Too Closely,Sedan,Unknown,,2022,5,Thursday,0.0,Low
2023-05-31,07:30,40.5846,-73.91603,BELT PARKWAY,0.0,0,0,0,0,0,0,0,Following Too Closely,Sedan,Unknown,,2023,5,Wednesday,0.0,Low
2021-05-17,13:56,40.633472,-73.92042,GLENWOOD ROAD,0.0,0,0,0,0,0,0,0,Backing Unsafely,Station Wagon/Sport Utility Vehicle,BROOKLYN,11234.0,2021,5,Monday,0.0,Low
2024-06-24,21:01,40.833908,-73.84184,SEABURY AVENUE,0.0,0,0,0,0,0,0,0,Unspecified,Station Wagon/Sport Utility Vehicle,BRONX,10462.0,2024,6,Monday,0.0,Low
2021-10-03,18:40,40.547806,-74.15965,ARMSTRONG AVENUE                ,0.0,0,0,0,0,0,0,0,Turning Improperly,Sedan,STATEN ISLAND,10308.0,2021,10,Sunday,0.0,Low
2025-03-19,22:30,40.771305,-73.87664000000001,GRAND CENTRAL PKWY,0.0,0,0,0,0,0,4,0,Unsafe Speed,Sedan,Unknown,,2025,3,Wednesday,0.0,Low
2022-10-12,16:12,40.774853,-73.98066999999999,COLUMBUS AVENUE,0.0,0,0,0,0,0,1,0,Pedestrian/Bicyclist/Other Pedestrian Error/Confusion,Moped,MANHATTAN,10023.0,2022,10,Wednesday,0.0,Low
2024-10-31,19:07,40.872597,-73.88427,,0.0,0,0,0,0,0,0,0,Unspecified,Station Wagon/Sport Utility Vehicle,BRONX,10458.0,2024,10,Thursday,0.0,Low
2022-03-22,11:55,40.77162,-73.87477,GRAND CENTRAL PKWY,0.0,0,0,0,0,0,0,0,Unsafe Speed,Sedan,Unknown,,2022,3,Tuesday,0.0,Low
2023-09-23,21:26,40.805153000000004,-73.95111999999999,7 AVENUE,0.0,0,0,0,1,0,0,0,Driver Inattention/Distraction,Station Wagon/Sport Utility Vehicle,Unknown,,2023,9,Saturday,0.0,Low
2025-05-22,08:42,40.608222999999995,-74.1294,STATEN ISLAND EXPRESSWAY,0.0,0,0,0,0,0,1,0,Unsafe Lane Changing,Sedan,Unknown,,2025,5,Thursday,0.0,Low
2022-12-16,19:40,40.80549,-73.91031,BRUCKNER BOULEVARD,0.0,0,0,0,0,0,0,0,Unspecified,Sedan,BRONX,10454.0,2022,12,Friday,0.0,Low
2022-02-16,12:50,40.846245,-73.94261999999999,WEST 173 STREET,0.0,0,0,0,0,0,0,0,Passing or Lane Usage Improper,Van,MANHATTAN,10033.0,2022,2,Wednesday,0.0,Low
2021-11-05,05:40,40.659275,-73.889,LINDEN BOULEVARD,0.0,0,0,0,0,0,0,0,Driver Inattention/Distraction,Unknown,Unknown,,2021,11,Friday,0.0,Low
2021-09-24,12:49,40.598434000000005,-73.99263,BENSON AVENUE,0.0,0,0,0,0,0,0,0,Unsafe Lane Changing,Station Wagon/Sport Utility Vehicle,Unknown,,2021,9,Friday,0.0,Low
2022-04-26,13:06,40.774734,-73.89443,19 AVENUE,0.0,0,0,0,0,0,1,0,Driver Inattention/Distraction,Sedan,Unknown,,2022,4,Tuesday,0.0,Low
2025-12-01,19:30,40.639965000000004,-73.99857,,0.0,0,0,0,0,0,0,0,Unspecified,Sedan,BROOKLYN,11219.0,2025,12,Monday,0.0,Low
2022-02-19,10:06,40.86955,-73.88175,EAST MOSHOLU PARKWAY SOUTH,0.0,0,0,0,0,0,0,0,Unspecified,Sedan,Unknown,,2022,2,Saturday,0.0,Low
2021-01-14,23:08,40.81459,-73.8859,HUNTS POINT AVENUE              ,0.0,0,0,0,0,0,0,0,Unsafe Speed,Sedan,Unknown,,2021,1,Thursday,0.0,Low
2022-03-18,09:30,40.864000000000004,-73.86841,,0.0,0,1,0,0,0,0,0,Backing Unsafely,Unknown,BRONX,10467.0,2022,3,Friday,0.0,Low
2021-05-02,17:00,40.796738,-73.92925,FDR DRIVE                       ,0.0,0,0,0,0,0,0,0,Unsafe Lane Changing,Station Wagon/Sport Utility Vehicle,Unknown,,2021,5,Sunday,0.0,Low
2023-11-05,15:39,40.68272,-73.963234,,0.0,0,0,0,1,0,0,0,Driver Inattention/Distraction,Station Wagon/Sport Utility Vehicle,BROOKLYN,11238.0,2023,11,Sunday,0.0,Low
2026-05-02,16:44,40.749672,-73.9953,8 AVE,0.0,0,0,0,0,0,0,0,Driver Inattention/Distraction,Sedan,MANHATTAN,10001.0,2026,5,Saturday,0.0,Low
2023-10-13,07:10,40.642254,-73.92742,EAST 52 STREET,0.0,0,0,0,0,0,1,0,Unspecified,Sedan,BROOKLYN,11203.0,2023,10,Friday,0.0,Low
2023-10-20,18:24,40.841522,-73.87885,BOSTON ROAD,0.0,0,0,0,0,0,2,0,Failure to Yield Right-of-Way,Sedan,BRONX,10460.0,2023,10,Friday,0.0,Low
2021-05-03,09:33,40.69939,-73.91938,KNICKERBOCKER AVENUE            ,0.0,0,1,0,0,0,0,0,Failure to Yield Right-of-Way,Van,Unknown,,2021,5,Monday,0.0,Low
2022-06-19,12:30,40.65879,-73.9109,,0.0,0,0,0,0,0,0,0,Unspecified,Sedan,BROOKLYN,11212.0,2022,6,Sunday,0.0,Low
2023-06-18,21:58,40.608852,-74.15334,,0.0,0,0,0,0,0,1,0,Driver Inattention/Distraction,Station Wagon/Sport Utility Vehicle,Unknown,,2023,6,Sunday,0.0,Low
2021-05-18,06:30,40.83639,-73.91588,GRAND CONCOURSE,0.0,0,0,0,0,0,0,0,Unsafe Speed,Station Wagon/Sport Utility Vehicle,Unknown,,2021,5,Tuesday,0.0,Low
2024-02-13,19:30,40.89698,-73.866516,,0.0,0,0,0,0,0,0,0,Driver Inattention/Distraction,Sedan,BRONX,10470.0,2024,2,Tuesday,0.0,Low
2021-07-19,00:05,40.683758000000005,-73.8643,ATLANTIC AVENUE,0.0,0,0,0,0,0,1,0,Failure to Yield Right-of-Way,Sedan,Unknown,,2021,7,Monday,0.0,Low
2025-11-15,16:38,40.812283,-73.88446,,0.0,0,0,0,0,0,0,0,Following Too Closely,Station Wagon/Sport Utility Vehicle,BRONX,10474.0,2025,11,Saturday,0.0,Low
2021-12-09,20:30,40.734657,-73.86482,JUNCTION BOULEVARD,0.0,0,0,0,0,0,0,0,Driver Inattention/Distraction,Station Wagon/Sport Utility Vehicle,QUEENS,11373.0,2021,12,Thursday,0.0,Low
2021-11-19,08:32,40.646126,-73.95920600000001,REGENT PLACE,0.0,0,0,0,0,0,1,0,Unspecified,Pick-up Truck,BROOKLYN,11226.0,2021,11,Friday,0.0,Low
2022-05-08,10:30,40.774967,-73.9568,3 AVENUE,0.0,0,0,0,0,0,0,0,Passing or Lane Usage Improper,Box Truck,MANHATTAN,10075.0,2022,5,Sunday,0.0,Low
2021-03-12,20:30,40.7179,-73.83202,GRAND CENTRAL PKWY,0.0,0,0,0,0,0,0,0,Passing or Lane Usage Improper,Station Wagon/Sport Utility Vehicle,Unknown,,2021,3,Friday,0.0,Low
2022-08-30,16:00,40.658840000000005,-73.72961,,0.0,0,0,0,0,0,0,0,Unspecified,Station Wagon/Sport Utility Vehicle,QUEENS,11422.0,2022,8,Tuesday,0.0,Low
2024-06-20,23:10,40.725143,-73.81034,,0.0,0,0,0,0,0,0,0,Unspecified,Sedan,QUEENS,11366.0,2024,6,Thursday,0.0,Low
2022-10-06,22:40,40.762093,-73.76607,216 STREET,0.0,0,0,0,0,0,0,0,Driver Inattention/Distraction,Station Wagon/Sport Utility Vehicle,Unknown,,2022,10,Thursday,0.0,Low
2024-07-02,05:05,40.729996,-73.91187,LONG ISLAND EXPRESSWAY,0.0,0,0,0,0,0,1,0,Driver Inattention/Distraction,Tractor Truck Diesel,Unknown,,2024,7,Tuesday,0.0,Low
2025-10-06,18:43,40.76249,-73.962975,E 62 ST,0.0,0,0,0,0,0,0,0,Traffic Control Disregarded,Sedan,MANHATTAN,10065.0,2025,10,Monday,0.0,Low
2024-12-10,10:20,40.828509999999994,-73.88011999999999,WESTCHESTER AVENUE,0.0,0,1,0,0,0,0,0,Failure to Yield Right-of-Way,Sedan,BRONX,10472.0,2024,12,Tuesday,0.0,Low
2021-12-08,12:00,40.57776,-74.169685,,0.0,0,0,0,0,0,0,0,Driver Inattention/Distraction,Sedan,Unknown,,2021,12,Wednesday,0.0,Low
2023-01-03,12:20,40.698036,-73.962845,FLUSHING AVENUE,0.0,0,0,0,1,0,0,0,Passing or Lane Usage Improper,Bike,BROOKLYN,11205.0,2023,1,Tuesday,0.0,Low
2023-12-07,18:35,40.553020000000004,-74.21244,,0.0,0,0,0,0,0,0,0,Passing or Lane Usage Improper,Sedan,STATEN ISLAND,10309.0,2023,12,Thursday,0.0,Low
2026-03-20,13:40,40.720158000000005,-73.946045,GRAHAM AVE,0.0,0,0,0,0,0,0,0,Driver Inattention/Distraction,Station Wagon/Sport Utility Vehicle,BROOKLYN,11222.0,2026,3,Friday,0.0,Low
2022-09-16,17:00,40.74803,-73.83315,COLLEGE POINT BOULEVARD,0.0,0,0,0,0,0,0,0,Failure to Yield Right-of-Way,Sedan,Unknown,,2022,9,Friday,0.0,Low
2024-02-10,19:00,40.743866,-73.82568,59 AVENUE,0.0,0,0,0,0,0,0,0,Turning Improperly,Motorcycle,QUEENS,11355.0,2024,2,Saturday,0.0,Low
2024-11-13,17:20,40.69428,-73.926735,STANHOPE ST,0.0,0,0,0,0,0,0,0,Driverless/Runaway Vehicle,Sedan,BROOKLYN,11221.0,2024,11,Wednesday,0.0,Low
2021-05-21,13:15,40.69755,-73.79756,,0.0,0,0,0,0,0,0,0,Passing Too Closely,Ambulance,QUEENS,11433.0,2021,5,Friday,0.0,Low
2022-09-30,20:45,40.67672,-73.94708,DEAN STREET,0.0,0,0,0,0,0,3,0,Driver Inattention/Distraction,Station Wagon/Sport Utility Vehicle,Unknown,,2022,9,Friday,0.0,Low
2024-09-24,16:05,40.563915,-74.11636999999999,TYSENS LANE,0.0,0,0,0,0,0,0,0,Driver Inattention/Distraction,Sedan,Unknown,,2024,9,Tuesday,0.0,Low
2024-12-15,09:04,40.70327,-73.86142,81 AVE,0.0,0,1,0,0,0,0,0,Unspecified,Sedan,QUEENS,11385.0,2024,12,Sunday,0.0,Low
2021-05-03,00:01,40.680138,-73.945076,,0.0,0,0,0,0,0,0,0,Driver Inattention/Distraction,Station Wagon/Sport Utility Vehicle,BROOKLYN,11216.0,2021,5,Monday,0.0,Low
2024-04-02,21:35,40.639137,-74.0202,63 STREET,0.0,0,0,0,0,0,6,0,Unspecified,Station Wagon/Sport Utility Vehicle,BROOKLYN,11220.0,2024,4,Tuesday,0.0,Low
2025-07-24,23:55,40.6022,-74.06312,VERRAZANO BRIDGE,0.0,0,0,0,0,0,0,0,Following Too Closely,Station Wagon/Sport Utility Vehicle,Unknown,,2025,7,Thursday,0.0,Low
2023-09-14,08:37,40.621544,-74.0797,,0.0,0,0,0,0,0,0,0,Driver Inattention/Distraction,Sedan,STATEN ISLAND,10304.0,2023,9,Thursday,0.0,Low
2024-02-17,17:00,40.6481,-73.91474000000001,REMSEN AVENUE,0.0,0,0,0,0,0,2,0,Following Too Closely,Sedan,BROOKLYN,11236.0,2024,2,Saturday,0.0,Low
2025-06-18,17:47,40.7079,-73.8511,71 AVE,0.0,0,0,0,0,0,0,0,Other Vehicular,Sedan,QUEENS,11375.0,2025,6,Wednesday,0.0,Low
2023-07-26,00:37,40.772420000000004,-73.97873,CENTRAL PARK WEST,0.0,0,0,0,0,0,0,0,Driver Inattention/Distraction,Station Wagon/Sport Utility Vehicle,MANHATTAN,10023.0,2023,7,Wednesday,0.0,Low
2022-11-06,17:09,40.536457,-74.189644,NORTH RAILROAD STREET,0.0,0,0,0,0,0,1,0,Driver Inattention/Distraction,Sedan,STATEN ISLAND,10312.0,2022,11,Sunday,0.0,Low
2022-07-20,10:07,40.667667,-73.80715,132 STREET,0.0,0,0,0,0,0,1,0,Driver Inattention/Distraction,Sedan,QUEENS,11420.0,2022,7,Wednesday,0.0,Low
2023-02-04,03:00,40.656616,-73.89027,SHEFFIELD AVENUE,0.0,0,0,0,0,0,1,0,Driver Inattention/Distraction,Sedan,BROOKLYN,11207.0,2023,2,Saturday,0.0,Low
2025-09-02,14:30,40.711209999999994,-73.85813,,0.0,0,0,0,0,0,0,0,Passing Too Closely,Sedan,QUEENS,11374.0,2025,9,Tuesday,0.0,Low
2023-05-27,23:50,40.607864,-74.12618,,0.0,0,0,0,0,0,0,0,Unsafe Speed,Sedan,Unknown,,2023,5,Saturday,0.0,Low
2024-12-15,20:05,40.60975,-73.95571,,0.0,0,0,0,0,0,0,0,Animals Action,Sedan,BROOKLYN,11229.0,2024,12,Sunday,0.0,Low
2022-01-30,10:46,40.54823,-74.220665,WEST SHORE EXPRESSWAY,0.0,0,0,0,0,0,0,0,Reaction to Uninvolved Vehicle,Sedan,Unknown,,2022,1,Sunday,0.0,Low
2023-02-12,14:22,40.763428000000005,-73.96522,3 AVENUE,0.0,0,0,0,0,0,0,0,Failure to Yield Right-of-Way,Station Wagon/Sport Utility Vehicle,MANHATTAN,10065.0,2023,2,Sunday,0.0,Low
2023-07-06,19:30,40.607807,-74.13091999999999,SOUTH GANNON AVENUE,0.0,0,0,0,0,0,0,0,Unspecified,Station Wagon/Sport Utility Vehicle,Unknown,,2023,7,Thursday,0.0,Low
2023-10-26,17:34,40.807159999999996,-73.936134,,0.0,0,0,0,0,0,0,0,Following Too Closely,Sedan,MANHATTAN,10035.0,2023,10,Thursday,0.0,Low
2021-08-19,01:00,40.66155,-73.91058000000001,,0.0,0,0,0,0,0,0,0,Unspecified,Sedan,BROOKLYN,11212.0,2021,8,Thursday,0.0,Low
2025-07-22,14:08,40.670403,-73.85629,LINDEN BLVD,0.0,0,1,0,0,0,0,0,Failure to Yield Right-of-Way,Sedan,QUEENS,11414.0,2025,7,Tuesday,0.0,Low
2023-08-14,09:38,40.855583,-73.882805,,0.0,0,0,0,0,0,0,0,Driver Inattention/Distraction,Station Wagon/Sport Utility Vehicle,BRONX,10458.0,2023,8,Monday,0.0,Low
2021-03-25,09:55,0.0,0.0,,0.0,0,0,0,0,0,0,0,Driver Inattention/Distraction,Sedan,BROOKLYN,11236.0,2021,3,Thursday,0.0,Low
2021-12-13,21:15,40.820568,-73.959305,HENRY HUDSON PARKWAY,0.0,0,0,0,0,0,1,0,Unsafe Speed,Sedan,Unknown,,2021,12,Monday,0.0,Low
2021-02-18,11:00,40.697334000000005,-73.847084,,0.0,0,0,0,0,0,0,0,Driver Inattention/Distraction,Sedan,QUEENS,11418.0,2021,2,Thursday,0.0,Low
2021-03-06,15:15,40.847145000000005,-73.854454,VANNEST AVENUE,0.0,0,0,0,0,0,1,0,Other Vehicular,Station Wagon/Sport Utility Vehicle,BRONX,10462.0,2021,3,Saturday,0.0,Low
2024-10-15,23:36,40.749725,-73.98362,E 36 ST,0.0,0,1,0,0,0,0,0,Driver Inattention/Distraction,Taxi,MANHATTAN,10016.0,2024,10,Tuesday,0.0,Low
2023-09-28,17:14,40.749794,-73.75379000000001,HORACE HARDING EXPRESSWAY,0.0,0,0,0,0,0,2,0,Unspecified,Sedan,QUEENS,11364.0,2023,9,Thursday,0.0,Low
2022-02-14,16:05,40.62095,-73.9555,OCEAN AVENUE,0.0,0,1,0,0,0,0,0,Unknown,Sedan,Unknown,,2022,2,Monday,0.0,Low
2025-06-10,09:00,40.689583,-73.97214,DEKALB AVE,0.0,0,0,0,1,0,0,0,Pedestrian/Bicyclist/Other Pedestrian Error/Confusion,Bike,BROOKLYN,11205.0,2025,6,Tuesday,0.0,Low
2024-12-03,16:10,40.829696999999996,-73.91313000000001,TELLER AVENUE,0.0,0,0,0,0,0,1,0,Driver Inattention/Distraction,Taxi,BRONX,10456.0,2024,12,Tuesday,0.0,Low
2023-08-15,08:46,40.878304,-73.83495,,0.0,0,0,0,0,0,1,0,View Obstructed/Limited,Sedan,BRONX,10475.0,2023,8,Tuesday,0.0,Low
2025-11-04,04:16,40.813095000000004,-73.89826,LEGGETT AVE,0.0,0,1,0,0,0,0,0,Unspecified,Unknown,BRONX,10455.0,2025,11,Tuesday,0.0,Low
2023-10-19,12:55,40.648705,-74.010254,4 AVENUE,0.0,0,0,0,0,0,0,0,Failure to Yield Right-of-Way,Station Wagon/Sport Utility Vehicle,BROOKLYN,11220.0,2023,10,Thursday,0.0,Low
2023-02-25,01:20,40.51443,-74.24131,,0.0,0,0,0,0,0,1,0,Unspecified,Sedan,STATEN ISLAND,10307.0,2023,2,Saturday,0.0,Low
2023-11-21,08:36,40.74508,-73.86438000000001,CORONA AVENUE,0.0,0,0,0,0,0,0,0,Driver Inattention/Distraction,Sedan,QUEENS,11368.0,2023,11,Tuesday,0.0,Low
2022-08-06,09:45,40.821529999999996,-73.87863,,0.0,0,0,0,0,0,0,0,Unspecified,Sedan,BRONX,10473.0,2022,8,Saturday,0.0,Low
2023-03-03,02:30,40.72129,-73.89265,,0.0,0,0,0,0,0,0,0,Turning Improperly,Station Wagon/Sport Utility Vehicle,QUEENS,11378.0,2023,3,Friday,0.0,Low
2022-09-19,17:30,40.671825,-73.774506,BREWER BOULEVARD,0.0,0,0,0,0,0,2,0,Failure to Yield Right-of-Way,Sedan,Unknown,,2022,9,Monday,0.0,Low
2021-11-27,10:30,40.737858,-73.86635600000001,,0.0,0,0,0,0,0,0,0,Driver Inattention/Distraction,Sedan,QUEENS,11373.0,2021,11,Saturday,0.0,Low
2021-02-28,08:40,40.717341999999995,-73.99118,GRAND STREET                    ,0.0,0,0,0,0,0,0,0,Following Too Closely,Station Wagon/Sport Utility Vehicle,MANHATTAN,10002.0,2021,2,Sunday,0.0,Low
2021-05-13,00:00,40.865303000000004,-73.89005999999999,MARION AVENUE,0.0,0,0,0,0,0,0,0,Driver Inattention/Distraction,Sedan,BRONX,10458.0,2021,5,Thursday,0.0,Low
2024-08-02,19:33,40.787224,-73.95416999999999,EAST 96 STREET,0.0,0,0,0,0,0,0,0,Following Too Closely,Sedan,MANHATTAN,10128.0,2024,8,Friday,0.0,Low
2026-01-23,19:39,40.637325,-73.9335,,0.0,0,0,0,0,0,0,0,Unspecified,Sedan,BROOKLYN,11203.0,2026,1,Friday,0.0,Low
2025-07-29,15:45,40.644352000000005,-73.93853,,0.0,0,0,0,0,0,0,0,Backing Unsafely,Sedan,BROOKLYN,11203.0,2025,7,Tuesday,0.0,Low
2022-05-27,01:40,40.587734000000005,-74.165504,,0.0,0,0,0,0,0,0,0,Brakes Defective,Pick-up Truck,Unknown,,2022,5,Friday,0.0,Low
2025-06-13,04:50,40.730602000000005,-73.72627,,0.0,0,0,0,0,0,0,0,Unspecified,Sedan,QUEENS,11426.0,2025,6,Friday,0.0,Low
2021-06-23,13:10,40.784103,-73.84854,15 AVENUE,0.0,0,0,0,0,0,0,0,Passing Too Closely,Sedan,QUEENS,11356.0,2021,6,Wednesday,0.0,Low
2024-09-17,20:17,40.843296,-73.88685,EAST TREMONT AVENUE,0.0,0,1,0,0,0,1,0,Driver Inattention/Distraction,Sedan,BRONX,10460.0,2024,9,Tuesday,0.0,Low
2021-11-22,14:19,40.837875,-73.91971,EAST 169 STREET,0.0,0,0,0,0,0,0,0,Passing or Lane Usage Improper,Sedan,BRONX,10452.0,2021,11,Monday,0.0,Low
2021-05-25,21:40,40.6229,-74.14943000000001,,0.0,0,0,0,0,0,0,0,Backing Unsafely,Sedan,Unknown,,2021,5,Tuesday,0.0,Low
2021-08-23,15:30,40.755516,-73.961105,FDR DRIVE,0.0,0,0,0,0,0,1,0,Driver Inattention/Distraction,Pick-up Truck,Unknown,,2021,8,Monday,0.0,Low
2021-01-22,16:45,40.808292,-73.94883,7 AVENUE                        ,0.0,0,0,0,0,0,1,0,Driver Inattention/Distraction,Sedan,Unknown,,2021,1,Friday,0.0,Low
2022-06-10,10:00,40.669235,-73.845314,SOUTH CONDUIT AVENUE,0.0,0,0,0,0,0,2,0,Following Too Closely,Station Wagon/Sport Utility Vehicle,QUEENS,11414.0,2022,6,Friday,0.0,Low
2026-05-02,11:48,40.7025,-73.81496,JAMAICA AVE,0.0,0,0,0,0,0,0,0,Driver Inattention/Distraction,Station Wagon/Sport Utility Vehicle,Unknown,,2026,5,Saturday,0.0,Low
2021-07-17,13:35,40.716778000000005,-73.93635,MASPETH AVENUE,0.0,0,0,0,0,0,1,0,Driver Inattention/Distraction,Bus,BROOKLYN,11211.0,2021,7,Saturday,0.0,Low
2024-03-11,13:31,40.74306,-73.877686,WHITNEY AVE,0.0,0,1,0,0,0,0,0,Backing Unsafely,Sedan,QUEENS,11373.0,2024,3,Monday,0.0,Low
2024-12-24,19:40,40.888459999999995,-73.841965,E 233 ST,0.0,0,0,0,0,0,0,0,Driver Inattention/Distraction,Sedan,BRONX,10466.0,2024,12,Tuesday,0.0,Low
2025-12-19,20:05,40.60368,-73.97967,,0.0,0,0,0,0,0,0,0,Other Vehicular,Station Wagon/Sport Utility Vehicle,BROOKLYN,11223.0,2025,12,Friday,0.0,Low
2021-01-07,09:45,40.69815,-73.79241,BREWER BOULEVARD,0.0,0,0,0,0,0,0,0,Other Vehicular,Sedan,QUEENS,11433.0,2021,1,Thursday,0.0,Low
2021-10-17,00:00,40.6687852,-73.8349738,HAWTREE STREET,0.0,0,0,0,0,0,0,0,Backing Unsafely,Station Wagon/Sport Utility Vehicle,QUEENS,11417.0,2021,10,Sunday,0.0,Low
2024-08-03,11:50,40.625744,-73.96339,,0.0,0,0,0,0,0,0,0,Oversized Vehicle,Sedan,BROOKLYN,11230.0,2024,8,Saturday,0.0,Low
2024-04-09,22:20,40.689873,-73.84281999999999,ATLANTIC AVENUE,0.0,0,0,0,0,0,0,0,Passing Too Closely,Sedan,QUEENS,11418.0,2024,4,Tuesday,0.0,Low
2025-09-22,07:10,40.68632,-73.86909,RIDGEWOOD AVE,0.0,0,0,0,0,0,0,0,Unspecified,Sedan,BROOKLYN,11208.0,2025,9,Monday,0.0,Low
2022-04-28,09:27,0.0,0.0,,0.0,0,0,0,0,0,0,0,Unspecified,Sedan,BROOKLYN,11210.0,2022,4,Thursday,0.0,Low
2023-11-01,01:10,40.6217,-74.12403,MANOR ROAD,0.0,0,0,0,0,0,1,0,Alcohol Involvement,Sedan,Unknown,,2023,11,Wednesday,0.0,Low
2022-03-13,15:50,40.72625,-74.00374000000001,AVENUE OF THE AMERICAS,0.0,0,0,0,0,0,0,0,Passing or Lane Usage Improper,Sedan,MANHATTAN,10013.0,2022,3,Sunday,0.0,Low
2021-10-30,08:29,40.655212,-73.93271999999999,LENOX ROAD,0.0,0,0,0,0,0,0,0,Unspecified,Station Wagon/Sport Utility Vehicle,BROOKLYN,11203.0,2021,10,Saturday,0.0,Low
2023-08-29,21:30,40.741209999999995,-73.84277,LONG ISLAND EXPRESSWAY,0.0,0,0,0,0,0,0,0,Driver Inattention/Distraction,Station Wagon/Sport Utility Vehicle,Unknown,,2023,8,Tuesday,0.0,Low
2021-09-05,15:35,40.738514,-73.86846,54 AVENUE,0.0,0,0,0,0,0,2,0,Failure to Yield Right-of-Way,Station Wagon/Sport Utility Vehicle,QUEENS,11373.0,2021,9,Sunday,0.0,Low
2022-04-26,19:00,40.863327000000005,-73.89921,EAST 190 STREET,0.0,0,0,0,0,0,0,0,Unspecified,Sedan,BRONX,10468.0,2022,4,Tuesday,0.0,Low
2022-08-17,13:52,40.78907,-73.95452,,0.0,0,0,0,0,0,0,0,Backing Unsafely,Taxi,MANHATTAN,10029.0,2022,8,Wednesday,0.0,Low
2025-03-16,11:29,40.75421,-73.9772,,0.0,0,0,0,0,0,2,0,Pedestrian/Bicyclist/Other Pedestrian Error/Confusion,Station Wagon/Sport Utility Vehicle,MANHATTAN,10017.0,2025,3,Sunday,0.0,Low
2023-03-11,20:17,40.680415999999994,-73.77155,172 STREET,0.0,0,0,0,0,0,0,0,Unspecified,Sedan,QUEENS,11434.0,2023,3,Saturday,0.0,Low
2023-02-28,17:05,40.61674,-74.143265,WATCHOGUE ROAD,0.0,0,0,0,0,0,1,0,Driver Inattention/Distraction,Station Wagon/Sport Utility Vehicle,Unknown,,2023,2,Tuesday,0.0,Low
2025-01-26,15:30,40.71792,-73.804085,,0.0,0,0,0,0,0,0,0,Passing or Lane Usage Improper,Station Wagon/Sport Utility Vehicle,QUEENS,11432.0,2025,1,Sunday,0.0,Low
2023-06-14,11:47,40.639984000000005,-73.94842,NOSTRAND AVENUE,0.0,0,1,0,0,0,0,0,Unspecified,Unknown,BROOKLYN,11226.0,2023,6,Wednesday,0.0,Low
2023-07-14,14:30,40.698190000000004,-73.96191,FLUSHING AVENUE,0.0,0,0,0,0,0,0,0,Oversized Vehicle,Sedan,BROOKLYN,11249.0,2023,7,Friday,0.0,Low
2024-10-07,15:30,40.659335999999996,-73.92726,REMSEN AVENUE,0.0,0,0,0,0,0,2,0,Traffic Control Disregarded,Station Wagon/Sport Utility Vehicle,Unknown,,2024,10,Monday,0.0,Low
2022-04-10,16:44,40.645171999999995,-74.02101,2 AVENUE,0.0,0,1,0,0,0,0,0,Unspecified,Pick-up Truck,BROOKLYN,11220.0,2022,4,Sunday,0.0,Low
2021-08-25,10:05,40.651733,-73.93039,CHURCH AVENUE,0.0,0,0,0,0,0,0,0,Unspecified,E-Bike,BROOKLYN,11203.0,2021,8,Wednesday,0.0,Low
2021-01-31,22:25,40.85814,-73.895744,EAST 184 STREET                 ,0.0,0,0,0,0,0,2,0,Other Vehicular,Station Wagon/Sport Utility Vehicle,BRONX,10458.0,2021,1,Sunday,0.0,Low
2022-12-11,23:14,40.734768,-73.861595,LONG ISLAND EXPRESSWAY,0.0,0,0,0,0,0,0,0,Unspecified,Station Wagon/Sport Utility Vehicle,Unknown,,2022,12,Sunday,0.0,Low
2024-10-27,02:00,40.698029999999996,-73.82088,,0.0,0,0,0,0,0,0,0,Unspecified,Station Wagon/Sport Utility Vehicle,QUEENS,11418.0,2024,10,Sunday,0.0,Low
2024-05-25,16:09,40.879055,-73.87439,EAST GUN HILL ROAD,0.0,0,0,0,0,0,1,0,Passenger Distraction,Sedan,BRONX,10467.0,2024,5,Saturday,0.0,Low
2026-08-02,18:13,40.631927000000005,-73.88898499999999,SKIDMORE AVE,0.0,0,1,0,0,0,0,0,Driver Inattention/Distraction,Station Wagon/Sport Utility Vehicle,BROOKLYN,11236.0,2026,8,Sunday,0.0,Low
2023-03-23,18:20,40.632884999999995,-73.94771,NOSTRAND AVENUE,0.0,0,0,0,0,0,0,0,Alcohol Involvement,Station Wagon/Sport Utility Vehicle,BROOKLYN,11210.0,2023,3,Thursday,0.0,Low
2023-09-22,15:54,40.745293,-73.9985,WEST 23 STREET,0.0,0,0,0,0,0,0,0,Passing or Lane Usage Improper,Sedan,MANHATTAN,10011.0,2023,9,Friday,0.0,Low
2025-01-26,01:10,40.61074,-74.09583,STATEN ISLAND EXPRESSWAY,0.0,0,0,0,0,0,0,0,Driver Inattention/Distraction,Tractor Truck Diesel,Unknown,,2025,1,Sunday,0.0,Low
2025-03-15,13:02,40.6745,-73.74141,135 AVE,0.0,0,0,0,0,0,1,0,Unspecified,Sedan,Unknown,,2025,3,Saturday,0.0,Low
2024-08-02,07:00,40.759308000000004,-73.9653,2 AVENUE,0.0,0,0,0,0,0,0,0,Driver Inattention/Distraction,Station Wagon/Sport Utility Vehicle,MANHATTAN,10022.0,2024,8,Friday,0.0,Low
2022-07-30,13:07,0.0,0.0,ESSEX STREET,0.0,0,1,0,0,0,0,0,Unspecified,Station Wagon/Sport Utility Vehicle,MANHATTAN,10002.0,2022,7,Saturday,0.0,Low
2022-05-16,17:00,40.813342999999996,-73.88618000000001,,0.0,0,0,0,0,0,0,0,Unspecified,Station Wagon/Sport Utility Vehicle,BRONX,10474.0,2022,5,Monday,0.0,Low
2023-01-28,15:20,40.83228,-73.871315,CROES AVENUE,0.0,0,0,0,0,0,1,0,Failure to Yield Right-of-Way,Station Wagon/Sport Utility Vehicle,BRONX,10472.0,2023,1,Saturday,0.0,Low
2021-09-22,09:00,40.844162,-73.93958,,0.0,0,0,0,0,0,0,0,Passing Too Closely,Ambulance,MANHATTAN,10032.0,2021,9,Wednesday,0.0,Low
2026-01-15,07:19,40.718143,-73.99383,GRAND ST,0.0,0,0,0,0,0,0,0,Driver Inattention/Distraction,Garbage or Refuse,MANHATTAN,10002.0,2026,1,Thursday,0.0,Low
2023-11-17,08:05,40.6119,-74.09402,LONGVIEW ROAD,0.0,0,0,0,0,0,0,0,Driver Inattention/Distraction,Station Wagon/Sport Utility Vehicle,STATEN ISLAND,10301.0,2023,11,Friday,0.0,Low
2023-04-10,08:55,40.720432,-73.99987,GRAND STREET,0.0,0,1,0,0,0,0,0,Failure to Yield Right-of-Way,Station Wagon/Sport Utility Vehicle,MANHATTAN,10013.0,2023,4,Monday,0.0,Low
2023-01-17,17:06,40.63196,-74.1228,CARY AVENUE,0.0,0,0,0,0,0,0,0,Unspecified,Sedan,STATEN ISLAND,10310.0,2023,1,Tuesday,0.0,Low
2024-09-06,16:33,40.62621,-73.927666,FLATLANDS AVENUE,0.0,0,0,0,1,0,0,0,Unsafe Lane Changing,Tractor Truck Gasoline,BROOKLYN,11234.0,2024,9,Friday,0.0,Low
2026-12-02,13:00,40.760994000000004,-73.99076,W 46 ST,0.0,0,0,0,0,0,0,0,Unspecified,Sedan,MANHATTAN,10036.0,2026,12,Wednesday,0.0,Low
2021-10-14,06:00,40.8268806,-73.908546,,0.0,0,0,0,0,0,0,0,Failure to Keep Right,Station Wagon/Sport Utility Vehicle,BRONX,10456.0,2021,10,Thursday,0.0,Low
2024-12-03,09:30,40.849674,-73.83581,HUTCHINSON RIVER PARKWAY,0.0,0,0,0,0,0,0,0,Glare,Flat Bed,BRONX,10461.0,2024,12,Tuesday,0.0,Low
2021-07-03,14:00,40.849403,-73.871445,BRONX RIVER PARKWAY             ,0.0,0,0,0,0,0,0,0,Following Too Closely,Sedan,Unknown,,2021,7,Saturday,0.0,Low
2024-05-07,00:48,40.791523,-73.94891,,0.0,0,0,0,0,0,3,0,Alcohol Involvement,Station Wagon/Sport Utility Vehicle,MANHATTAN,10029.0,2024,5,Tuesday,0.0,Low
2024-03-25,12:08,40.643894,-73.93826,ALBANY AVENUE,0.0,0,0,0,0,0,1,0,Unspecified,Sedan,BROOKLYN,11203.0,2024,3,Monday,0.0,Low
2025-12-11,19:15,40.801865,-73.94135,E 120 ST,0.0,0,0,0,0,0,1,0,Reaction to Uninvolved Vehicle,Van,MANHATTAN,10035.0,2025,12,Thursday,0.0,Low
2025-05-06,14:15,40.616122999999995,-73.97906,BAY PKWY,0.0,0,0,0,0,0,0,0,Driver Inexperience,Sedan,BROOKLYN,11204.0,2025,5,Tuesday,0.0,Low
2025-11-08,08:03,40.88541,-73.83766999999999,CRAWFORD AVE,0.0,0,0,0,1,0,0,0,Failure to Yield Right-of-Way,Pick-up Truck,BRONX,10466.0,2025,11,Saturday,0.0,Low
2022-06-29,01:30,40.828594,-73.92173000000001,GRAND CONCOURSE,0.0,0,0,0,0,0,0,0,Fatigued/Drowsy,Sedan,BRONX,10451.0,2022,6,Wednesday,0.0,Low
2024-03-18,20:25,40.690544,-73.95859,DE KALB AVENUE,0.0,0,0,0,0,0,0,0,Backing Unsafely,Sedan,BROOKLYN,11205.0,2024,3,Monday,0.0,Low
2024-12-03,15:52,40.64305,-73.9764,BEVERLEY ROAD,0.0,0,0,0,0,0,2,0,Unspecified,Sedan,BROOKLYN,11218.0,2024,12,Tuesday,0.0,Low
2022-10-31,03:03,40.715492,-73.78641999999999,,0.0,0,0,0,0,0,0,0,Unsafe Speed,Sedan,QUEENS,11432.0,2022,10,Monday,0.0,Low
2023-02-02,19:00,40.642821999999995,-73.96086,CORTELYOU ROAD,0.0,0,0,0,1,0,0,0,Unsafe Speed,Station Wagon/Sport Utility Vehicle,BROOKLYN,11226.0,2023,2,Thursday,0.0,Low
2025-11-17,18:01,40.745956,-73.933685,,0.0,0,0,0,0,0,0,0,Driver Inexperience,Station Wagon/Sport Utility Vehicle,QUEENS,11101.0,2025,11,Monday,0.0,Low
2022-03-07,17:45,40.75578,-74.00199,WEST 34 STREET,0.0,0,0,0,0,0,0,0,View Obstructed/Limited,Bus,MANHATTAN,10001.0,2022,3,Monday,0.0,Low
2024-10-26,09:24,40.846405,-73.84289,WATERS PL,0.0,0,0,0,0,0,1,0,Unspecified,Sedan,BRONX,10461.0,2024,10,Saturday,0.0,Low
2022-10-05,20:16,40.7605,-73.95699,FDR DRIVE,0.0,0,0,0,0,0,0,0,Driver Inattention/Distraction,Station Wagon/Sport Utility Vehicle,Unknown,,2022,10,Wednesday,0.0,Low
2023-12-17,19:23,40.815933,-73.90992,WESTCHESTER AVENUE,0.0,0,1,0,0,0,0,0,Unspecified,Station Wagon/Sport Utility Vehicle,Unknown,,2023,12,Sunday,0.0,Low
2021-04-24,23:30,40.81977,-73.93673000000001,WEST 144 STREET,0.0,0,0,0,0,0,0,0,Driver Inattention/Distraction,Sedan,Unknown,,2021,4,Saturday,0.0,Low
2023-09-04,02:34,40.730366,-73.91388,LONG ISLAND EXPRESSWAY,0.0,0,0,0,0,0,0,0,Steering Failure,Station Wagon/Sport Utility Vehicle,Unknown,,2023,9,Monday,0.0,Low
2021-01-05,16:40,40.7493,-73.89758,BROADWAY,0.0,0,0,0,0,0,1,0,Driver Inattention/Distraction,Station Wagon/Sport Utility Vehicle,QUEENS,11377.0,2021,1,Tuesday,0.0,Low
2023-11-26,08:00,40.612120000000004,-74.09913,,0.0,0,0,0,0,0,0,0,Unspecified,Station Wagon/Sport Utility Vehicle,STATEN ISLAND,10301.0,2023,11,Sunday,0.0,Low
2025-02-21,19:01,40.88501,-73.82972,,0.0,0,0,0,0,0,1,0,Following Too Closely,Sedan,BRONX,10475.0,2025,2,Friday,0.0,Low
2022-08-02,00:18,40.727695000000004,-73.85178,67 AVENUE,0.0,0,1,0,0,0,0,0,Failure to Yield Right-of-Way,Sedan,QUEENS,11374.0,2022,8,Tuesday,0.0,Low
2021-07-23,00:00,40.640285,-74.13449,RICHMOND TERRACE,0.0,0,0,0,0,0,0,0,Backing Unsafely,Station Wagon/Sport Utility Vehicle,Unknown,,2021,7,Friday,0.0,Low
2021-03-02,02:40,40.748596,-73.89532,69 STREET                       ,0.0,0,0,0,0,0,0,0,Unspecified,Taxi,Unknown,,2021,3,Tuesday,0.0,Low
2024-05-07,17:20,40.649128000000005,-73.976616,PROSPECT EXPRESSWAY EAST,0.0,0,0,0,0,0,0,0,Other Vehicular,Station Wagon/Sport Utility Vehicle,Unknown,,2024,5,Tuesday,0.0,Low
2022-09-23,16:50,40.698890000000006,-73.91753,MYRTLE AVENUE,0.0,0,0,0,0,0,0,0,Passing Too Closely,Sedan,BROOKLYN,11237.0,2022,9,Friday,0.0,Low
2023-09-19,09:34,40.821217,-73.898926,,0.0,0,0,0,0,0,0,0,Unspecified,Sedan,BRONX,10459.0,2023,9,Tuesday,0.0,Low
2021-09-22,12:38,40.861294,-73.8646,WARING AVENUE,0.0,0,0,0,0,0,0,0,Driver Inattention/Distraction,Box Truck,BRONX,10467.0,2021,9,Wednesday,0.0,Low
2025-05-12,08:45,40.711872,-73.81045,148 ST,0.0,0,0,0,0,0,0,0,Unspecified,Sedan,QUEENS,11435.0,2025,5,Monday,0.0,Low
2023-01-26,23:23,40.823883,-73.91757,EAST 159 STREET,0.0,0,0,0,0,0,0,0,Unspecified,Ambulance,BRONX,10451.0,2023,1,Thursday,0.0,Low
2024-07-21,13:20,40.650227,-73.92827,SNYDER AVENUE,0.0,0,0,0,0,0,0,0,Driver Inattention/Distraction,Sedan,BROOKLYN,11203.0,2024,7,Sunday,0.0,Low
2022-09-20,07:50,40.60046,-73.96254,EAST 9 STREET,0.0,0,1,0,0,0,0,0,Driver Inattention/Distraction,Station Wagon/Sport Utility Vehicle,Unknown,,2022,9,Tuesday,0.0,Low
2025-05-18,02:00,40.849995,-73.93865,W 180 ST,0.0,0,0,0,0,0,0,0,Driver Inattention/Distraction,Sedan,MANHATTAN,10033.0,2025,5,Sunday,0.0,Low
2025-04-14,21:30,40.625713,-73.93729,E 40 ST,0.0,0,0,0,0,0,0,0,Unspecified,Station Wagon/Sport Utility Vehicle,BROOKLYN,11210.0,2025,4,Monday,0.0,Low
2024-03-17,11:00,40.737064000000004,-73.70724,,0.0,0,0,0,0,0,0,0,Passing Too Closely,Sedan,QUEENS,11001.0,2024,3,Sunday,0.0,Low
2022-07-28,11:45,40.884240000000005,-73.84928000000001,EAST 225 STREET,0.0,0,0,0,0,0,0,0,Fell Asleep,Box Truck,BRONX,10466.0,2022,7,Thursday,0.0,Low
2022-06-12,12:05,40.69165,-73.779205,LINDEN BOULEVARD,0.0,0,0,0,0,0,1,0,Driver Inattention/Distraction,Station Wagon/Sport Utility Vehicle,Unknown,,2022,6,Sunday,0.0,Low
2022-09-09,15:25,40.818515999999995,-73.89442,,0.0,0,0,0,0,0,0,0,Oversized Vehicle,Station Wagon/Sport Utility Vehicle,BRONX,10459.0,2022,9,Friday,0.0,Low
2021-09-16,23:43,40.838947,-73.91643499999999,ELLIOT PLACE,0.0,0,0,0,0,0,0,0,Unspecified,Sedan,Unknown,,2021,9,Thursday,0.0,Low
2021-07-21,17:19,40.660225,-73.99459,23 STREET,0.0,0,1,0,0,0,0,0,Unspecified,Station Wagon/Sport Utility Vehicle,BROOKLYN,11215.0,2021,7,Wednesday,0.0,Low
2021-10-04,23:55,40.695335,-73.80121,SOUTH ROAD                      ,0.0,0,0,0,0,0,0,0,Failure to Yield Right-of-Way,Sedan,QUEENS,11435.0,2021,10,Monday,0.0,Low
2024-03-16,15:52,40.705345,-73.87465999999999,,0.0,0,0,0,0,0,0,0,Unspecified,Station Wagon/Sport Utility Vehicle,QUEENS,11385.0,2024,3,Saturday,0.0,Low
2024-03-21,20:00,40.735115,-73.87524,,0.0,0,0,0,0,0,0,0,Unspecified,Station Wagon/Sport Utility Vehicle,QUEENS,11373.0,2024,3,Thursday,0.0,Low
2023-07-17,10:40,40.662613,-73.90895,,0.0,0,0,0,0,0,0,0,Backing Unsafely,Sedan,BROOKLYN,11212.0,2023,7,Monday,0.0,Low
2024-04-08,05:04,40.683890000000005,-73.93823,MARCUS GARVEY BOULEVARD,0.0,0,0,0,0,0,1,0,Driver Inattention/Distraction,Motorscooter,BROOKLYN,11216.0,2024,4,Monday,0.0,Low
2021-01-10,20:48,40.842915000000005,-73.9366,WEST 172 STREET,0.0,0,0,0,0,0,0,0,Unspecified,Station Wagon/Sport Utility Vehicle,MANHATTAN,10032.0,2021,1,Sunday,0.0,Low
2023-02-18,12:00,40.804885999999996,-73.96248,AMSTERDAM AVENUE,0.0,0,0,0,0,0,0,0,Glare,Ambulance,MANHATTAN,10025.0,2023,2,Saturday,0.0,Low
2022-01-02,18:16,40.841087,-73.86449,EAST TREMONT AVENUE,0.0,0,0,0,0,0,1,0,Driver Inattention/Distraction,Sedan,BRONX,10460.0,2022,1,Sunday,0.0,Low
2025-10-01,18:46,40.634353999999995,-73.90198000000001,AVENUE L,0.0,1,0,1,0,0,0,0,Failure to Yield Right-of-Way,Station Wagon/Sport Utility Vehicle,BROOKLYN,11236.0,2025,10,Wednesday,1.0,Low
2022-12-03,13:00,40.71206,-73.94736999999999,POWERS STREET,0.0,0,0,0,0,0,0,0,Traffic Control Disregarded,Sedan,BROOKLYN,11211.0,2022,12,Saturday,0.0,Low
2026-02-18,13:11,40.755375,-73.98745,7 AVE,0.0,0,0,0,0,0,1,0,Pavement Slippery,Sedan,Unknown,,2026,2,Wednesday,0.0,Low
2025-11-09,21:19,40.672333,-73.99893,SMITH ST,0.0,0,0,0,0,0,5,0,Driver Inexperience,Station Wagon/Sport Utility Vehicle,Unknown,,2025,11,Sunday,0.0,Low
2024-11-27,17:53,40.769707000000004,-73.78931,200 ST,0.0,0,0,0,2,0,0,0,Driver Inattention/Distraction,Bus,QUEENS,11361.0,2024,11,Wednesday,0.0,Low
2022-10-16,00:00,40.812073,-73.93604,EAST 135 STREET,0.0,0,0,0,0,0,0,0,Pedestrian/Bicyclist/Other Pedestrian Error/Confusion,Sedan,Unknown,,2022,10,Sunday,0.0,Low
2025-01-04,08:21,40.733376,-73.86665,LONG ISLAND EXPRESSWAY,0.0,0,0,0,0,0,0,0,Driver Inattention/Distraction,Station Wagon/Sport Utility Vehicle,Unknown,,2025,1,Saturday,0.0,Low
2024-02-14,15:30,40.775321999999996,-73.935295,27 AVENUE,0.0,0,1,0,0,0,0,0,Traffic Control Disregarded,Station Wagon/Sport Utility Vehicle,QUEENS,11102.0,2024,2,Wednesday,0.0,Low
2025-04-06,19:37,40.675734999999996,-73.89685,ATLANTIC AVE,0.0,0,0,0,0,0,0,0,Other Vehicular,Sedan,BROOKLYN,11207.0,2025,4,Sunday,0.0,Low
2021-11-14,08:10,40.63495,-74.081055,,0.0,0,0,0,0,0,0,0,Unspecified,Station Wagon/Sport Utility Vehicle,STATEN ISLAND,10304.0,2021,11,Sunday,0.0,Low
2024-10-11,03:00,40.750603000000005,-73.88364399999999,,0.0,0,0,0,0,0,0,0,Driver Inattention/Distraction,Station Wagon/Sport Utility Vehicle,QUEENS,11372.0,2024,10,Friday,0.0,Low
2025-06-24,22:00,40.72634,-73.76508000000001,GRAND CENTRAL PKWY,0.0,0,0,0,0,0,1,0,Unspecified,Sedan,Unknown,,2025,6,Tuesday,0.0,Low
2024-03-22,13:30,40.79465,-73.97179,BROADWAY,0.0,0,0,0,0,0,0,0,Following Too Closely,Taxi,MANHATTAN,10025.0,2024,3,Friday,0.0,Low
2022-07-05,23:53,40.614246,-74.15379,MARTIN LUTHER KING JR,0.0,0,0,0,0,0,1,0,Unsafe Speed,Sedan,Unknown,,2022,7,Tuesday,0.0,Low
2022-04-12,02:15,40.83012,-73.89031,,0.0,0,0,0,0,0,0,0,Animals Action,Sedan,BRONX,10459.0,2022,4,Tuesday,0.0,Low
2022-08-12,18:00,40.716743,-73.9976,,0.0,0,0,0,0,0,0,0,Driver Inattention/Distraction,Sedan,MANHATTAN,10013.0,2022,8,Friday,0.0,Low
2025-07-20,07:15,40.759,-73.99593,W 41 ST,0.0,0,0,0,0,0,0,0,Driver Inattention/Distraction,Bus,MANHATTAN,10036.0,2025,7,Sunday,0.0,Low
2024-02-14,10:43,40.641117,-74.07685,,0.0,0,0,0,0,0,1,0,Backing Unsafely,Station Wagon/Sport Utility Vehicle,STATEN ISLAND,10301.0,2024,2,Wednesday,0.0,Low
2021-01-19,20:41,40.710316,-73.75247,FRANCIS LEWIS BOULEVARD         ,0.0,0,0,0,0,0,1,0,Driver Inattention/Distraction,Sedan,QUEENS,11412.0,2021,1,Tuesday,0.0,Low
2025-02-10,12:43,40.6911,-73.92295,GROVE ST,0.0,0,0,0,0,0,0,0,Driver Inattention/Distraction,Sedan,BROOKLYN,11221.0,2025,2,Monday,0.0,Low
2024-10-01,17:00,40.759064,-73.77107,,0.0,0,0,0,0,0,0,0,Unspecified,Station Wagon/Sport Utility Vehicle,QUEENS,11361.0,2024,10,Tuesday,0.0,Low
2023-01-26,06:20,40.62039,-74.02935,,0.0,0,0,0,0,0,0,0,Driver Inattention/Distraction,Sedan,BROOKLYN,11209.0,2023,1,Thursday,0.0,Low
2025-11-01,09:15,40.795326,-73.97129,W 97 ST,0.0,0,0,0,0,0,1,0,Unspecified,Bus,MANHATTAN,10025.0,2025,11,Saturday,0.0,Low
2025-06-28,05:27,40.76615,-73.91978,33 ST,0.0,0,0,0,0,0,0,0,Driver Inattention/Distraction,Sedan,QUEENS,11102.0,2025,6,Saturday,0.0,Low
2022-08-01,10:30,40.73285,-73.956726,,0.0,0,0,0,0,0,0,0,Unspecified,Sedan,BROOKLYN,11222.0,2022,8,Monday,0.0,Low
2024-12-26,18:20,40.753483,-73.98089,W 42 ST,0.0,0,0,0,0,0,1,0,Driver Inattention/Distraction,Sedan,MANHATTAN,10017.0,2024,12,Thursday,0.0,Low
2021-04-23,22:08,40.714878000000006,-73.75046,210 STREET,0.0,0,0,0,0,0,1,0,Unspecified,Station Wagon/Sport Utility Vehicle,QUEENS,11428.0,2021,4,Friday,0.0,Low
2025-02-12,10:00,40.708595,-73.77968,JAMAICA AVE,0.0,0,0,0,0,0,0,0,Passing or Lane Usage Improper,Station Wagon/Sport Utility Vehicle,QUEENS,11423.0,2025,2,Wednesday,0.0,Low
2026-01-29,01:40,40.689953,-73.82600000000001,LEFFERTS BLVD,0.0,0,0,0,0,0,6,0,Traffic Control Disregarded,Sedan,QUEENS,11419.0,2026,1,Thursday,0.0,Low
2021-10-06,04:45,40.85241,-73.867775,BRADY AVENUE,0.0,0,0,0,1,0,0,0,Passing Too Closely,Bike,BRONX,10462.0,2021,10,Wednesday,0.0,Low
2023-02-18,18:14,40.630320000000005,-73.9213,FLATLANDS AVENUE,0.0,0,0,0,0,0,0,0,Other Vehicular,Sedan,BROOKLYN,11234.0,2023,2,Saturday,0.0,Low
2022-08-23,23:37,40.864166,-73.889496,,0.0,0,0,0,0,0,0,0,Passing or Lane Usage Improper,Station Wagon/Sport Utility Vehicle,BRONX,10458.0,2022,8,Tuesday,0.0,Low
2021-10-28,14:30,40.739082,-73.79345,LONG ISLAND EXPRESSWAY,0.0,0,0,0,0,0,0,0,Driver Inattention/Distraction,Station Wagon/Sport Utility Vehicle,Unknown,,2021,10,Thursday,0.0,Low
2024-09-03,19:16,40.711563,-73.9448,,0.0,0,0,0,0,0,0,0,Other Vehicular,Ambulance,BROOKLYN,11211.0,2024,9,Tuesday,0.0,Low
2025-03-11,10:30,40.687317,-74.00005,KANE ST,0.0,0,0,0,0,0,0,0,Unspecified,Sedan,Unknown,,2025,3,Tuesday,0.0,Low
2025-09-21,06:50,40.621346,-74.08292,,0.0,0,0,0,0,0,0,0,Unspecified,Station Wagon/Sport Utility Vehicle,STATEN ISLAND,10304.0,2025,9,Sunday,0.0,Low
2025-05-09,13:30,40.720882,-73.73146,,0.0,0,1,0,0,0,0,0,Unknown,Unknown,QUEENS,11428.0,2025,5,Friday,0.0,Low
2021-08-16,10:55,40.76234,-73.98236,WEST 52 STREET,0.0,0,2,0,0,0,0,0,Driver Inattention/Distraction,Sedan,Unknown,,2021,8,Monday,0.0,Low
2021-10-12,14:20,40.749348,-73.82585,MAIN STREET,0.0,0,1,0,0,0,0,0,Failure to Yield Right-of-Way,Station Wagon/Sport Utility Vehicle,Unknown,,2021,10,Tuesday,0.0,Low
2021-04-21,01:21,40.821636,-73.93909000000001,,0.0,0,0,0,0,0,2,0,Unspecified,Taxi,Unknown,,2021,4,Wednesday,0.0,Low
2022-07-13,10:55,40.626509999999996,-74.02386,5 AVENUE,0.0,0,0,0,0,0,0,0,View Obstructed/Limited,Box Truck,BROOKLYN,11209.0,2022,7,Wednesday,0.0,Low
2021-01-02,13:45,40.64216,-73.95058,,0.0,0,0,0,0,0,0,0,Unspecified,Convertible,BROOKLYN,11226.0,2021,1,Saturday,0.0,Low
2025-05-25,20:24,40.67828,-73.91075,ROCKAWAY AVE,0.0,0,0,0,0,0,0,0,Failure to Yield Right-of-Way,Sedan,BROOKLYN,11233.0,2025,5,Sunday,0.0,Low
2022-07-01,07:30,40.63456,-73.96909000000001,,0.0,0,0,0,0,0,1,0,Unspecified,Taxi,BROOKLYN,11218.0,2022,7,Friday,0.0,Low
2025-06-11,01:50,40.829163,-73.93726,W 155 ST,0.0,0,0,0,0,0,0,0,Driver Inattention/Distraction,Station Wagon/Sport Utility Vehicle,MANHATTAN,10039.0,2025,6,Wednesday,0.0,Low
2025-06-23,21:37,40.76144,-73.76994,BELL BLVD,0.0,0,0,0,0,0,0,0,Other Vehicular,Sedan,QUEENS,11361.0,2025,6,Monday,0.0,Low
2025-08-14,18:25,40.717155,-73.94924,BROOKLYN QUEENS EXPRESSWAY,0.0,0,0,0,0,0,1,0,Unsafe Lane Changing,Station Wagon/Sport Utility Vehicle,Unknown,,2025,8,Thursday,0.0,Low
2026-11-02,07:45,40.665257000000004,-73.73955,BROOKVILLE BLVD,0.0,0,0,0,0,0,1,0,Driver Inattention/Distraction,Station Wagon/Sport Utility Vehicle,Unknown,,2026,11,Monday,0.0,Low
2021-05-18,08:15,40.675957000000004,-73.95273,,0.0,0,0,0,0,0,0,0,Driver Inattention/Distraction,Sedan,BROOKLYN,11216.0,2021,5,Tuesday,0.0,Low
2022-03-13,04:00,40.638542,-73.875694,,0.0,0,0,0,0,0,0,0,Unspecified,Sedan,BROOKLYN,11239.0,2022,3,Sunday,0.0,Low
2024-02-07,12:52,40.611816,-73.94117,QUENTIN ROAD,0.0,0,0,0,0,0,1,0,Driver Inattention/Distraction,Station Wagon/Sport Utility Vehicle,BROOKLYN,11234.0,2024,2,Wednesday,0.0,Low
2023-07-01,15:55,40.6972,-73.952934,PARK AVENUE,0.0,0,0,0,0,0,0,0,Failure to Yield Right-of-Way,Sedan,Unknown,,2023,7,Saturday,0.0,Low
2021-05-15,04:40,40.749905,-73.86247,,0.0,0,0,0,0,0,1,0,Alcohol Involvement,Sedan,QUEENS,11368.0,2021,5,Saturday,0.0,Low
2025-11-22,10:50,0.0,0.0,,0.0,0,0,0,1,0,0,0,Following Too Closely,Station Wagon/Sport Utility Vehicle,MANHATTAN,10001.0,2025,11,Saturday,0.0,Low
2022-09-23,00:00,40.903335999999996,-73.89742,,0.0,0,0,0,0,0,0,0,Unspecified,Station Wagon/Sport Utility Vehicle,BRONX,10471.0,2022,9,Friday,0.0,Low
2022-05-21,02:23,40.711033,-73.7281,CROSS ISLAND PARKWAY,0.0,1,0,0,0,0,2,1,Alcohol Involvement,Sedan,Unknown,,2022,5,Saturday,1.0,Low
2025-10-27,08:12,40.781690000000005,-73.94896,2 AVE,0.0,0,0,0,0,0,2,0,Passing Too Closely,Sedan,MANHATTAN,10128.0,2025,10,Monday,0.0,Low
2026-03-02,14:04,40.662014,-73.961426,,0.0,0,0,0,0,0,0,0,Driver Inexperience,Station Wagon/Sport Utility Vehicle,BROOKLYN,11225.0,2026,3,Monday,0.0,Low
2023-05-24,18:30,40.58205,-73.821884,BEACH 102 STREET,0.0,0,0,0,0,0,0,0,Following Too Closely,Station Wagon/Sport Utility Vehicle,QUEENS,11694.0,2023,5,Wednesday,0.0,Low
2022-03-11,19:57,40.72488,-74.002625,THOMPSON STREET,0.0,0,0,0,1,0,0,0,Passing or Lane Usage Improper,Taxi,Unknown,,2022,3,Friday,0.0,Low
2024-07-20,19:00,40.62143,-74.02299000000001,84 STREET,0.0,0,0,0,1,0,0,0,Driver Inattention/Distraction,Sedan,BROOKLYN,11209.0,2024,7,Saturday,0.0,Low
2024-06-23,23:43,40.73749,-73.73861,UNION TURNPIKE,0.0,0,0,0,0,0,1,0,Unsafe Speed,Moped,QUEENS,11427.0,2024,6,Sunday,0.0,Low
2021-10-20,15:07,40.736073100000006,-73.7735507,199 STREET,0.0,0,0,0,0,0,1,0,Unspecified,Station Wagon/Sport Utility Vehicle,QUEENS,11366.0,2021,10,Wednesday,0.0,Low
2021-11-24,01:18,40.839123,-73.86379000000001,,0.0,0,0,0,0,0,0,0,Unspecified,Sedan,BRONX,10462.0,2021,11,Wednesday,0.0,Low
2021-12-08,03:10,40.788387,-73.93925,,0.0,0,0,0,0,0,0,0,Passing Too Closely,Sedan,MANHATTAN,10029.0,2021,12,Wednesday,0.0,Low
2024-12-15,01:20,40.750904,-73.980675,MADISON AVE,0.0,0,0,0,0,0,1,0,Driver Inattention/Distraction,Sedan,MANHATTAN,10016.0,2024,12,Sunday,0.0,Low
2024-02-23,16:24,40.808025,-73.91668,,0.0,0,0,0,0,0,1,0,Unspecified,Station Wagon/Sport Utility Vehicle,BRONX,10454.0,2024,2,Friday,0.0,Low
2024-09-10,11:04,40.736378,-73.98494000000001,EAST 19 STREET,0.0,0,1,0,0,0,0,0,Driver Inexperience,Pick-up Truck,MANHATTAN,10003.0,2024,9,Tuesday,0.0,Low
2025-06-19,14:30,40.674534,-73.92366,,0.0,0,0,0,0,0,0,0,Aggressive Driving/Road Rage,Station Wagon/Sport Utility Vehicle,BROOKLYN,11233.0,2025,6,Thursday,0.0,Low
2025-03-27,11:28,40.71175,-73.92356,MESEROLE ST,0.0,0,0,0,0,0,0,0,Driver Inattention/Distraction,Box Truck,BROOKLYN,11237.0,2025,3,Thursday,0.0,Low
2025-09-03,16:55,40.708946000000005,-73.874504,69 RD,0.0,0,0,0,0,0,0,0,Failure to Yield Right-of-Way,Station Wagon/Sport Utility Vehicle,QUEENS,11379.0,2025,9,Wednesday,0.0,Low
2022-11-04,02:00,0.0,0.0,,0.0,0,0,0,0,0,0,0,Driver Inattention/Distraction,Sedan,QUEENS,11432.0,2022,11,Friday,0.0,Low
2026-04-01,11:44,40.665237,-73.730316,,0.0,0,0,0,0,0,0,0,Unsafe Speed,Station Wagon/Sport Utility Vehicle,Unknown,,2026,4,Wednesday,0.0,Low
2022-08-30,03:30,40.808840000000004,-73.96582,WEST 116 STREET,0.0,0,0,0,0,0,0,0,View Obstructed/Limited,Station Wagon/Sport Utility Vehicle,MANHATTAN,10027.0,2022,8,Tuesday,0.0,Low
2023-10-08,15:30,40.866287,-73.85864000000001,,0.0,0,0,0,0,0,0,0,Unspecified,Sedan,BRONX,10469.0,2023,10,Sunday,0.0,Low
2023-10-08,19:04,40.684544,-73.96509,GATES AVENUE,0.0,0,0,0,0,0,2,0,Following Too Closely,Station Wagon/Sport Utility Vehicle,Unknown,,2023,10,Sunday,0.0,Low
2023-10-17,17:10,40.719204,-73.99037,ALLEN STREET,0.0,0,1,0,0,0,0,0,Failure to Yield Right-of-Way,Station Wagon/Sport Utility Vehicle,MANHATTAN,10002.0,2023,10,Tuesday,0.0,Low
2021-05-05,12:19,40.781420000000004,-73.96019,,0.0,0,0,0,0,0,0,0,Driver Inattention/Distraction,Sedan,MANHATTAN,10028.0,2021,5,Wednesday,0.0,Low
2024-04-19,16:50,40.750782,-73.90106999999999,BROADWAY,0.0,0,0,0,1,0,0,0,Driver Inattention/Distraction,E-Bike,QUEENS,11377.0,2024,4,Friday,0.0,Low
2021-08-05,08:25,40.611008,-73.98439,BAY PARKWAY,0.0,0,0,0,0,0,1,0,Fatigued/Drowsy,Station Wagon/Sport Utility Vehicle,Unknown,,2021,8,Thursday,0.0,Low
2024-10-25,09:57,40.719788,-73.99853,CENTRE ST,0.0,0,1,0,0,0,0,0,Driver Inattention/Distraction,Station Wagon/Sport Utility Vehicle,MANHATTAN,10013.0,2024,10,Friday,0.0,Low
2025-01-27,15:30,40.767326000000004,-73.929855,31 AVE,0.0,0,0,0,0,0,0,0,Driver Inattention/Distraction,Sedan,QUEENS,11106.0,2025,1,Monday,0.0,Low
2024-08-12,07:50,40.8464,-73.89336999999999,E TREMONT AVE,0.0,0,1,0,0,0,0,0,Driver Inattention/Distraction,Unknown,Unknown,,2024,8,Monday,0.0,Low
2022-10-22,22:30,40.657814,-73.89613,LINDEN BOULEVARD,0.0,0,0,0,0,0,1,0,Unspecified,Sedan,BROOKLYN,11207.0,2022,10,Saturday,0.0,Low
2025-04-25,02:05,40.61651,-74.02665,92 ST,0.0,0,0,0,0,0,0,0,Failure to Yield Right-of-Way,Station Wagon/Sport Utility Vehicle,BROOKLYN,11209.0,2025,4,Friday,0.0,Low
2025-08-25,19:55,40.84751,-73.900764,,0.0,0,0,0,0,0,0,0,Traffic Control Disregarded,Sedan,BRONX,10457.0,2025,8,Monday,0.0,Low
2024-09-13,21:30,40.686428,-73.935745,LEWIS AVENUE,0.0,0,0,0,0,0,2,0,Unspecified,Sedan,BROOKLYN,11221.0,2024,9,Friday,0.0,Low
2025-07-05,11:20,40.877945000000004,-73.87201999999999,,0.0,0,0,0,0,0,3,0,Driver Inattention/Distraction,Sedan,BRONX,10467.0,2025,7,Saturday,0.0,Low
2026-08-03,17:02,40.70904,-73.84146,JACKIE ROBINSON PKWY,0.0,0,0,0,0,0,1,0,Unsafe Lane Changing,Sedan,Unknown,,2026,8,Monday,0.0,Low
2024-01-31,09:25,40.828938,-73.86572,,0.0,0,0,0,0,0,1,0,Unspecified,Sedan,BRONX,10472.0,2024,1,Wednesday,0.0,Low
2023-05-17,23:55,40.717464,-74.00709,,0.0,0,0,0,0,0,0,0,Alcohol Involvement,Station Wagon/Sport Utility Vehicle,MANHATTAN,10013.0,2023,5,Wednesday,0.0,Low
2025-05-10,03:30,40.723335,-73.93888000000001,BROOKLYN QUEENS EXPRESSWAY,0.0,0,0,0,0,0,0,0,Other Vehicular,Sedan,Unknown,,2025,5,Saturday,0.0,Low
2021-11-03,11:50,40.888184,-73.82836999999999,,0.0,0,0,0,0,0,0,0,Passing Too Closely,Station Wagon/Sport Utility Vehicle,BRONX,10466.0,2021,11,Wednesday,0.0,Low
2022-08-21,14:39,40.62417,-73.97048000000001,AVENUE J,0.0,0,0,0,0,0,0,0,Unsafe Lane Changing,Bus,BROOKLYN,11230.0,2022,8,Sunday,0.0,Low
2021-04-06,19:06,40.65218,-74.00995999999999,42 STREET,0.0,0,0,0,0,0,0,0,Unspecified,Sedan,BROOKLYN,11232.0,2021,4,Tuesday,0.0,Low
2022-04-27,04:10,0.0,0.0,,0.0,0,0,0,0,0,0,0,Unspecified,Pick-up Truck,BROOKLYN,11203.0,2022,4,Wednesday,0.0,Low
2023-09-27,04:00,40.75241,-73.97835500000001,EAST 42 STREET,0.0,0,0,0,0,0,0,0,Backing Unsafely,Sedan,MANHATTAN,10165.0,2023,9,Wednesday,0.0,Low
2023-10-28,17:50,40.71423,-73.81645999999999,HOOVER AVENUE,0.0,0,0,0,0,0,1,0,Failure to Yield Right-of-Way,Sedan,QUEENS,11435.0,2023,10,Saturday,0.0,Low
2024-09-03,21:00,40.881073,-73.87849399999999,BAINBRIDGE AVENUE,0.0,0,1,0,0,0,0,0,Driver Inattention/Distraction,Station Wagon/Sport Utility Vehicle,Unknown,,2024,9,Tuesday,0.0,Low
2023-02-25,19:43,40.8499,-73.90919,EAST 177 STREET,0.0,0,0,0,1,0,0,0,Other Vehicular,Bike,BRONX,10453.0,2023,2,Saturday,0.0,Low
2024-12-08,21:00,40.67988,-73.87794,,0.0,0,0,0,0,0,0,0,Unspecified,Station Wagon/Sport Utility Vehicle,BROOKLYN,11208.0,2024,12,Sunday,0.0,Low
2022-02-22,18:08,40.67774,-73.936,,0.0,0,0,0,0,0,0,0,Driver Inexperience,Unknown,BROOKLYN,11213.0,2022,2,Tuesday,0.0,Low
2022-12-23,08:30,40.63965,-73.95404,,0.0,0,0,0,0,0,0,0,Failure to Yield Right-of-Way,Sedan,BROOKLYN,11226.0,2022,12,Friday,0.0,Low
2025-07-19,23:50,40.741524,-73.78456,LONG ISLAND EXPRESSWAY,0.0,0,0,0,0,0,1,0,Unsafe Speed,Sedan,Unknown,,2025,7,Saturday,0.0,Low
2025-03-16,19:55,40.6993,-73.913605,LINDEN ST,0.0,0,2,0,0,0,0,0,Driver Inattention/Distraction,Sedan,BROOKLYN,11237.0,2025,3,Sunday,0.0,Low
2025-07-23,06:33,40.71976,-73.94476,BROOKLYN QUEENS EXPRESSWAY,0.0,0,0,0,0,0,0,0,Passing or Lane Usage Improper,Sedan,Unknown,,2025,7,Wednesday,0.0,Low
2024-05-13,21:50,40.829533000000005,-73.84733,CROSS BRONX EXPRESSWAY,0.0,0,0,0,0,0,1,0,Unspecified,Sedan,Unknown,,2024,5,Monday,0.0,Low
2023-06-24,04:30,40.744644,-73.731186,GRAND CENTRAL PKWY,0.0,0,0,0,0,0,1,0,Pavement Slippery,Sedan,Unknown,,2023,6,Saturday,0.0,Low
2023-01-19,17:54,40.879883,-73.880486,,0.0,0,0,0,0,0,0,0,Passing Too Closely,Ambulance,BRONX,10467.0,2023,1,Thursday,0.0,Low
2025-11-13,05:33,40.69063,-73.988815,,0.0,0,0,0,0,0,0,0,Other Vehicular,Sedan,BROOKLYN,11201.0,2025,11,Thursday,0.0,Low
2023-03-15,07:15,40.677,-73.81965,115 AVENUE,0.0,0,0,0,0,0,1,0,Driver Inattention/Distraction,Sedan,QUEENS,11420.0,2023,3,Wednesday,0.0,Low
2024-06-30,04:28,40.666225,-73.80086,BELT PARKWAY,0.0,0,0,0,0,0,1,0,Unspecified,Sedan,Unknown,,2024,6,Sunday,0.0,Low
2021-09-08,20:17,40.660796999999995,-73.87183,ATKINS AVENUE,0.0,0,0,0,0,0,0,0,Unspecified,Box Truck,BROOKLYN,11208.0,2021,9,Wednesday,0.0,Low
2021-12-13,18:15,40.657036,-73.89383000000001,MALTA STREET,0.0,0,0,0,0,0,0,0,Unspecified,Sedan,BROOKLYN,11207.0,2021,12,Monday,0.0,Low
2022-10-04,04:10,40.760253999999996,-73.83493,COLLEGE POINT BOULEVARD,0.0,0,0,0,0,0,2,0,Traffic Control Disregarded,Station Wagon/Sport Utility Vehicle,Unknown,,2022,10,Tuesday,0.0,Low
2021-11-16,10:20,40.680706,-73.93978,,0.0,0,0,0,0,0,0,0,Driver Inattention/Distraction,Station Wagon/Sport Utility Vehicle,BROOKLYN,11216.0,2021,11,Tuesday,0.0,Low
2022-09-25,21:45,40.82077,-73.95459,BROADWAY,0.0,0,0,0,0,0,0,0,Traffic Control Disregarded,E-Scooter,Unknown,,2022,9,Sunday,0.0,Low
2022-08-26,12:24,40.833206,-73.82797,BRUCKNER EXPRESSWAY,0.0,0,0,0,0,0,1,0,Unspecified,Station Wagon/Sport Utility Vehicle,Unknown,,2022,8,Friday,0.0,Low
2025-05-03,00:00,40.83259,-73.85262,,0.0,0,0,0,0,0,0,0,Driver Inattention/Distraction,Sedan,BRONX,10462.0,2025,5,Saturday,0.0,Low
2023-07-13,19:31,40.84196,-73.915306,EAST 172 STREET,0.0,0,0,0,0,0,0,0,Driver Inattention/Distraction,Sedan,BRONX,10452.0,2023,7,Thursday,0.0,Low
2021-03-31,13:00,40.667095,-73.92276,EAST NEW YORK AVENUE            ,0.0,0,0,0,0,0,1,0,Driver Inattention/Distraction,Sedan,Unknown,,2021,3,Wednesday,0.0,Low
2024-01-23,10:25,40.816883000000004,-73.96265,HENRY HUDSON PARKWAY,0.0,0,0,0,0,0,0,0,Unsafe Speed,Taxi,Unknown,,2024,1,Tuesday,0.0,Low
2021-12-08,19:44,40.598553,-73.997345,BAY PARKWAY,0.0,0,0,0,0,0,0,0,Driver Inattention/Distraction,Bike,Unknown,,2021,12,Wednesday,0.0,Low
2025-02-06,10:00,40.80275,-73.93358,E 125 ST,0.0,0,0,0,0,0,0,0,Unsafe Lane Changing,Sedan,MANHATTAN,10035.0,2025,2,Thursday,0.0,Low
2025-04-24,22:45,40.724340000000005,-73.72463,CROSS ISLAND PKWY,0.0,0,0,0,0,0,0,0,Unspecified,Sedan,QUEENS,11426.0,2025,4,Thursday,0.0,Low
2022-12-08,15:00,40.641556,-73.896835,,0.0,0,0,0,0,0,0,0,Unspecified,Sedan,BROOKLYN,11236.0,2022,12,Thursday,0.0,Low
2025-08-25,11:45,40.638607,-73.948265,FOSTER AVE,0.0,0,0,0,0,0,0,0,Unspecified,Sedan,BROOKLYN,11210.0,2025,8,Monday,0.0,Low
2021-02-28,12:00,40.720074,-73.95985,WYTHE AVENUE                    ,0.0,0,0,0,0,0,0,0,Unspecified,Sedan,BROOKLYN,11249.0,2021,2,Sunday,0.0,Low
2025-09-12,21:49,40.636368,-73.90196,,0.0,0,0,0,0,0,0,0,Driver Inattention/Distraction,Station Wagon/Sport Utility Vehicle,BROOKLYN,11236.0,2025,9,Friday,0.0,Low
2022-11-15,08:30,40.649628,-73.97672,,0.0,0,0,0,0,0,0,0,Driver Inattention/Distraction,Sedan,BROOKLYN,11218.0,2022,11,Tuesday,0.0,Low
2023-05-21,13:26,40.714484999999996,-74.01359599999999,BARCLAY STREET,0.0,0,0,0,0,0,0,0,Driver Inattention/Distraction,Station Wagon/Sport Utility Vehicle,MANHATTAN,10007.0,2023,5,Sunday,0.0,Low
2021-07-19,18:27,40.547577000000004,-74.15628000000001,,0.0,0,0,0,0,0,0,0,Driver Inattention/Distraction,Station Wagon/Sport Utility Vehicle,STATEN ISLAND,10308.0,2021,7,Monday,0.0,Low
2021-06-11,20:20,40.633790000000005,-74.14278399999999,INNIS STREET,0.0,0,0,0,0,0,0,0,Following Too Closely,Station Wagon/Sport Utility Vehicle,Unknown,,2021,6,Friday,0.0,Low
2021-08-31,10:45,40.74355,-73.958405,2 STREET,0.0,0,0,0,0,0,0,0,Passing or Lane Usage Improper,Sedan,QUEENS,11101.0,2021,8,Tuesday,0.0,Low
2025-09-18,17:54,40.68676,-73.784485,116 AVE,0.0,0,0,0,0,0,0,0,Driver Inexperience,Station Wagon/Sport Utility Vehicle,QUEENS,11434.0,2025,9,Thursday,0.0,Low
2025-06-09,17:45,40.8236,-73.87004,,0.0,0,0,0,0,0,0,0,Backing Unsafely,Sedan,BRONX,10473.0,2025,6,Monday,0.0,Low
2023-08-25,20:20,40.748740000000005,-73.77832,FRANCIS LEWIS BOULEVARD,0.0,0,0,0,0,0,0,0,Unspecified,Sedan,QUEENS,11364.0,2023,8,Friday,0.0,Low
2021-07-31,07:00,40.61258,-74.129166,VICTORY BOULEVARD,0.0,0,0,0,0,0,1,0,Turning Improperly,Sedan,STATEN ISLAND,10314.0,2021,7,Saturday,0.0,Low
2025-03-10,13:08,40.68717,-73.89231,JACKIE ROBINSON PKWY,0.0,0,0,0,0,0,2,0,Driver Inattention/Distraction,Sedan,Unknown,,2025,3,Monday,0.0,Low
2022-10-09,19:38,40.764736,-73.98804,9 AVENUE,0.0,0,0,0,0,0,0,0,Unsafe Speed,Taxi,MANHATTAN,10019.0,2022,10,Sunday,0.0,Low
2022-08-08,16:20,40.606922,-73.9589,,0.0,0,0,0,0,0,0,0,Passing Too Closely,Station Wagon/Sport Utility Vehicle,BROOKLYN,11229.0,2022,8,Monday,0.0,Low
2022-09-27,20:10,40.595104,-74.00091,,0.0,0,0,0,0,0,0,0,Failure to Yield Right-of-Way,Sedan,BROOKLYN,11214.0,2022,9,Tuesday,0.0,Low
2025-09-20,00:30,40.595318,-73.97038,,0.0,0,0,0,0,0,1,0,Driver Inattention/Distraction,Motorcycle,BROOKLYN,11223.0,2025,9,Saturday,0.0,Low
2023-11-30,21:00,40.63777,-74.07602,BAY STREET,0.0,0,0,0,0,0,0,0,Outside Car Distraction,Station Wagon/Sport Utility Vehicle,Unknown,,2023,11,Thursday,0.0,Low
2025-01-17,08:15,40.613316,-74.07186999999999,TOMPKINS AVE,0.0,0,1,0,0,0,0,0,Driver Inattention/Distraction,Station Wagon/Sport Utility Vehicle,STATEN ISLAND,10305.0,2025,1,Friday,0.0,Low
2021-03-19,13:30,40.68978,-73.965195,DE KALB AVENUE                  ,0.0,0,0,0,0,0,0,0,Passing or Lane Usage Improper,4 dr sedan,BROOKLYN,11205.0,2021,3,Friday,0.0,Low
2023-12-02,03:40,40.755863,-73.882385,,0.0,0,0,0,0,0,0,0,Backing Unsafely,Station Wagon/Sport Utility Vehicle,QUEENS,11372.0,2023,12,Saturday,0.0,Low
2023-05-15,01:23,40.737583,-73.98115,,0.0,0,0,0,0,0,1,0,Driver Inattention/Distraction,Motorcycle,MANHATTAN,10010.0,2023,5,Monday,0.0,Low
2021-08-23,03:00,40.825783,-73.82016999999999,,0.0,0,0,0,0,0,0,0,Unspecified,Station Wagon/Sport Utility Vehicle,BRONX,10465.0,2021,8,Monday,0.0,Low
2024-05-18,13:06,40.819373999999996,-73.95933000000001,WEST 132 STREET,0.0,0,0,0,0,0,0,0,Following Too Closely,Station Wagon/Sport Utility Vehicle,Unknown,,2024,5,Saturday,0.0,Low
2025-01-18,19:20,40.808372,-73.94646999999999,,0.0,0,0,0,0,0,0,0,Driver Inattention/Distraction,Sedan,MANHATTAN,10027.0,2025,1,Saturday,0.0,Low
2021-05-11,14:50,0.0,0.0,CONEY ISLAND AVENUE,0.0,0,0,0,1,0,0,0,Failure to Keep Right,Station Wagon/Sport Utility Vehicle,Unknown,,2021,5,Tuesday,0.0,Low
2025-02-09,01:30,40.640240000000006,-73.919464,RALPH AVE,0.0,0,1,0,0,0,0,0,Failure to Yield Right-of-Way,Unknown,BROOKLYN,11236.0,2025,2,Sunday,0.0,Low
2022-05-31,16:00,40.702362,-73.82503,,0.0,0,0,0,0,0,0,0,Driver Inattention/Distraction,Station Wagon/Sport Utility Vehicle,QUEENS,11418.0,2022,5,Tuesday,0.0,Low
2021-03-23,18:54,40.58896,-73.9904,,0.0,0,0,0,0,0,1,0,Backing Unsafely,Station Wagon/Sport Utility Vehicle,BROOKLYN,11214.0,2021,3,Tuesday,0.0,Low
2025-01-29,19:05,40.725986,-74.00909399999999,SPRING ST,0.0,0,1,0,0,0,0,0,Failure to Yield Right-of-Way,Sedan,MANHATTAN,10013.0,2025,1,Wednesday,0.0,Low
2026-03-17,09:10,40.67677,-73.88948,ATLANTIC AVE,0.0,0,0,0,0,0,0,0,Other Vehicular,Sedan,BROOKLYN,11207.0,2026,3,Tuesday,0.0,Low
2022-01-26,08:04,40.89205,-73.86081,,0.0,0,0,0,0,0,1,0,Outside Car Distraction,Pick-up Truck,BRONX,10466.0,2022,1,Wednesday,0.0,Low
2022-07-11,17:50,40.759678,-73.97216,EAST 54 STREET,0.0,0,0,0,1,0,0,0,Driver Inattention/Distraction,Bike,MANHATTAN,10022.0,2022,7,Monday,0.0,Low
2022-10-17,15:40,40.843765000000005,-73.8656,VANNEST AVENUE,0.0,0,0,0,0,0,0,0,Failure to Yield Right-of-Way,Sedan,BRONX,10462.0,2022,10,Monday,0.0,Low
2025-05-21,19:45,40.85707,-73.89371,PARK AVE,0.0,0,0,0,0,0,4,0,Unsafe Speed,Station Wagon/Sport Utility Vehicle,BRONX,10458.0,2025,5,Wednesday,0.0,Low
2024-12-02,05:00,40.808437,-73.904724,BRUCKNER BOULEVARD,0.0,0,0,0,0,0,0,0,Unspecified,Unknown,BRONX,10455.0,2024,12,Monday,0.0,Low
2021-11-04,13:00,40.66077,-73.91975,ROCKAWAY PARKWAY                ,0.0,0,0,0,0,0,0,0,Unspecified,Station Wagon/Sport Utility Vehicle,BROOKLYN,11212.0,2021,11,Thursday,0.0,Low
2022-02-02,04:00,40.80907,-73.94455,LENOX AVENUE,0.0,0,0,0,0,0,0,0,Backing Unsafely,Dump,MANHATTAN,10027.0,2022,2,Wednesday,0.0,Low
2021-07-11,14:36,40.634890000000006,-74.02044000000001,,0.0,0,0,0,0,0,1,0,Driver Inattention/Distraction,Station Wagon/Sport Utility Vehicle,BROOKLYN,11220.0,2021,7,Sunday,0.0,Low
2021-07-02,12:45,40.683037,-73.96478,FULTON STREET                   ,0.0,0,0,0,0,0,1,0,Unspecified,Station Wagon/Sport Utility Vehicle,BROOKLYN,11238.0,2021,7,Friday,0.0,Low
2021-07-16,06:35,40.73673,-73.85625,OTIS AVENUE,0.0,0,0,0,0,0,0,0,Unsafe Lane Changing,Station Wagon/Sport Utility Vehicle,QUEENS,11368.0,2021,7,Friday,0.0,Low
2023-03-02,15:53,40.70128,-73.93952,FLUSHING AVENUE,0.0,0,1,0,0,0,0,0,Driver Inattention/Distraction,Chassis Cab,Unknown,,2023,3,Thursday,0.0,Low
2023-12-23,14:04,40.84468,-73.86119000000001,VANNEST AVENUE,0.0,0,0,0,0,0,0,0,Unsafe Speed,Sedan,BRONX,10462.0,2023,12,Saturday,0.0,Low
2021-02-15,00:34,40.830048,-73.90632,,0.0,0,0,0,0,0,0,0,Passing Too Closely,Sedan,BRONX,10456.0,2021,2,Monday,0.0,Low
2024-07-08,10:20,40.654759999999996,-74.00724,,0.0,0,0,0,0,0,0,0,Backing Unsafely,Station Wagon/Sport Utility Vehicle,BROOKLYN,11232.0,2024,7,Monday,0.0,Low
2024-04-15,22:36,40.81472,-73.89358,,0.0,0,0,0,0,0,3,0,Unspecified,Dump,BRONX,10474.0,2024,4,Monday,0.0,Low
2024-09-03,14:09,40.655186,-73.99985,5 AVENUE,0.0,0,0,0,0,0,0,0,Unspecified,Station Wagon/Sport Utility Vehicle,BROOKLYN,11232.0,2024,9,Tuesday,0.0,Low
2025-05-03,18:00,40.695644,-73.92924000000001,BUSHWICK AVE,0.0,0,1,0,0,0,0,0,Failure to Yield Right-of-Way,Bus,BROOKLYN,11221.0,2025,5,Saturday,0.0,Low
2022-05-18,11:50,40.846764,-73.933784,AUDUBON AVENUE,0.0,0,1,0,0,0,0,0,Unspecified,Station Wagon/Sport Utility Vehicle,MANHATTAN,10033.0,2022,5,Wednesday,0.0,Low
2023-06-06,09:50,40.737015,-73.8113,,0.0,0,0,0,0,0,0,0,Unspecified,Station Wagon/Sport Utility Vehicle,QUEENS,11367.0,2023,6,Tuesday,0.0,Low
2023-07-03,00:00,40.770990000000005,-73.99091999999999,WEST 58 STREET,0.0,0,0,0,0,0,0,0,Other Vehicular,Station Wagon/Sport Utility Vehicle,MANHATTAN,10019.0,2023,7,Monday,0.0,Low
2023-06-25,22:24,40.71997,-73.99290500000001,CHRYSTIE STREET,0.0,0,0,0,0,0,0,0,Following Too Closely,Sedan,MANHATTAN,10002.0,2023,6,Sunday,0.0,Low
2023-06-02,04:36,40.688904,-73.82836999999999,,0.0,0,0,0,0,0,0,0,Following Too Closely,Sedan,QUEENS,11419.0,2023,6,Friday,0.0,Low
2026-03-20,21:23,40.662746000000006,-73.92193,WINTHROP ST,0.0,0,1,0,0,0,0,0,Failure to Yield Right-of-Way,Pick-up Truck,BROOKLYN,11212.0,2026,3,Friday,0.0,Low
2022-11-15,07:49,40.684044,-73.84679399999999,94 STREET,0.0,0,0,0,0,0,0,0,Backing Unsafely,Sedan,QUEENS,11416.0,2022,11,Tuesday,0.0,Low
2023-11-16,08:30,40.69928,-73.90479,HANCOCK STREET,0.0,0,0,0,0,0,0,0,Passing Too Closely,Station Wagon/Sport Utility Vehicle,QUEENS,11385.0,2023,11,Thursday,0.0,Low
2022-02-23,19:00,40.608383,-73.95917,KINGS HIGHWAY,0.0,0,1,0,0,0,0,0,Driver Inattention/Distraction,Bike,BROOKLYN,11229.0,2022,2,Wednesday,0.0,Low
2021-08-31,23:30,40.75855,-73.82964,41 AVENUE,0.0,0,0,0,0,0,0,0,Backing Unsafely,Station Wagon/Sport Utility Vehicle,QUEENS,11355.0,2021,8,Tuesday,0.0,Low
2024-10-06,22:00,40.876647999999996,-73.82986,,0.0,0,1,0,0,0,0,0,Failure to Yield Right-of-Way,Sedan,BRONX,10475.0,2024,10,Sunday,0.0,Low
2025-10-21,16:15,40.731815000000005,-73.87129,LONG ISLAND EXPY,0.0,0,0,0,0,0,0,0,Driver Inattention/Distraction,Taxi,QUEENS,11374.0,2025,10,Tuesday,0.0,Low
2022-08-10,22:00,40.703068,-73.93552,,0.0,0,0,0,0,0,0,0,Driver Inattention/Distraction,Sedan,BROOKLYN,11206.0,2022,8,Wednesday,0.0,Low
2022-04-03,12:30,40.80118,-73.93975,EAST 120 STREET,0.0,0,0,0,0,0,0,0,Reaction to Uninvolved Vehicle,Station Wagon/Sport Utility Vehicle,MANHATTAN,10035.0,2022,4,Sunday,0.0,Low
2021-01-15,05:00,40.80578,-73.87730400000001,,0.0,0,0,0,0,0,0,0,Unspecified,Sedan,BRONX,10474.0,2021,1,Friday,0.0,Low
2024-03-16,01:37,40.711220000000004,-73.72827,CROSS ISLAND PARKWAY,0.0,0,0,0,0,0,0,0,Unspecified,Sedan,Unknown,,2024,3,Saturday,0.0,Low
2023-10-18,14:26,40.586193,-73.821075,,0.0,0,0,0,0,0,0,0,Unspecified,Sedan,QUEENS,11694.0,2023,10,Wednesday,0.0,Low
2022-07-27,19:03,40.697918,-73.92083000000001,HARMAN STREET,0.0,0,0,0,0,0,1,0,Pedestrian/Bicyclist/Other Pedestrian Error/Confusion,Sedan,BROOKLYN,11221.0,2022,7,Wednesday,0.0,Low
2023-11-06,03:39,40.845837,-73.8255,MIDDLETOWN ROAD,0.0,0,0,0,0,0,5,0,Alcohol Involvement,Station Wagon/Sport Utility Vehicle,Unknown,,2023,11,Monday,0.0,Low
2022-07-20,20:15,40.834133,-73.91665,SHERIDAN AVENUE,0.0,0,1,0,0,0,0,0,Traffic Control Disregarded,Taxi,Unknown,,2022,7,Wednesday,0.0,Low
2021-02-12,19:15,40.764446,-73.93245999999999,,0.0,0,0,0,0,0,0,0,Unspecified,Station Wagon/Sport Utility Vehicle,QUEENS,11106.0,2021,2,Friday,0.0,Low
2022-04-02,12:20,40.763496,-73.935425,34 AVENUE,0.0,0,1,0,0,0,0,0,Backing Unsafely,Van,Unknown,,2022,4,Saturday,0.0,Low
2026-07-02,22:05,40.690994,-73.98931,LIVINGSTON ST,0.0,0,0,0,0,0,0,0,Turning Improperly,Sedan,BROOKLYN,11201.0,2026,7,Thursday,0.0,Low
2021-09-23,16:00,40.738506,-73.81398,,0.0,0,0,0,0,0,0,0,Driver Inattention/Distraction,Sedan,QUEENS,11367.0,2021,9,Thursday,0.0,Low
2022-05-31,10:43,40.608444,-73.91168,,0.0,0,0,0,0,0,0,0,Unspecified,Sedan,BROOKLYN,11234.0,2022,5,Tuesday,0.0,Low
2025-08-13,12:06,40.696220000000004,-73.89986999999999,DECATUR ST,0.0,0,0,0,0,0,0,0,Following Too Closely,Sedan,QUEENS,11385.0,2025,8,Wednesday,0.0,Low
2022-01-23,14:46,40.87016,-73.89099,GRAND CONCOURSE,0.0,0,0,0,0,0,1,0,Unspecified,Station Wagon/Sport Utility Vehicle,BRONX,10468.0,2022,1,Sunday,0.0,Low
2026-04-01,06:08,40.74548,-73.97034000000001,FDR DRIVE,0.0,0,0,0,0,0,3,0,Driver Inattention/Distraction,Sedan,Unknown,,2026,4,Wednesday,0.0,Low
2021-04-27,17:13,40.72143,-73.892746,69 STREET,0.0,0,0,0,0,0,1,0,Failure to Yield Right-of-Way,Station Wagon/Sport Utility Vehicle,QUEENS,11378.0,2021,4,Tuesday,0.0,Low
2021-06-06,16:05,40.79157,-73.94469000000001,3 AVENUE,0.0,0,0,0,1,0,0,0,Driver Inattention/Distraction,Station Wagon/Sport Utility Vehicle,Unknown,,2021,6,Sunday,0.0,Low
2023-11-19,09:50,40.697247,-73.84302,86 AVENUE,0.0,0,0,0,0,0,0,0,Unsafe Speed,Station Wagon/Sport Utility Vehicle,QUEENS,11418.0,2023,11,Sunday,0.0,Low
2022-12-24,10:40,40.857372,-73.886024,ARTHUR AVENUE,0.0,0,1,0,0,0,0,0,Unspecified,Station Wagon/Sport Utility Vehicle,BRONX,10458.0,2022,12,Saturday,0.0,Low
2022-01-08,02:30,40.689873,-73.84281999999999,ATLANTIC AVENUE,0.0,0,0,0,0,0,0,0,Unspecified,Sedan,QUEENS,11418.0,2022,1,Saturday,0.0,Low
2022-01-08,16:10,40.730682,-73.93382,,0.0,0,0,0,0,0,0,0,Driver Inattention/Distraction,Station Wagon/Sport Utility Vehicle,QUEENS,11101.0,2022,1,Saturday,0.0,Low
2022-09-07,07:15,40.750217,-73.979065,EAST 39 STREET,0.0,0,0,0,0,0,0,0,Driver Inattention/Distraction,Sedan,MANHATTAN,10016.0,2022,9,Wednesday,0.0,Low
2025-09-26,19:11,40.658527,-73.89491,MALTA ST,0.0,0,1,0,0,0,0,0,Unspecified,Sedan,BROOKLYN,11207.0,2025,9,Friday,0.0,Low
2024-08-29,08:09,40.812813,-73.94181,WEST 133 STREET,0.0,0,0,0,1,0,1,0,Pedestrian/Bicyclist/Other Pedestrian Error/Confusion,Taxi,MANHATTAN,10037.0,2024,8,Thursday,0.0,Low
2024-03-06,17:54,40.830104999999996,-73.8988,EAST 169 STREET,0.0,0,0,0,0,0,0,0,Traffic Control Disregarded,Sedan,Unknown,,2024,3,Wednesday,0.0,Low
2023-12-18,11:10,40.722576000000004,-73.94049,BROOKLYN QUEENS EXPRESSWAY,0.0,0,0,0,0,0,0,0,Following Too Closely,Sedan,Unknown,,2023,12,Monday,0.0,Low
2026-03-23,14:44,40.873394,-73.9067,EXTERIOR ST,0.0,0,1,0,0,0,0,0,Driver Inattention/Distraction,Station Wagon/Sport Utility Vehicle,BRONX,10463.0,2026,3,Monday,0.0,Low
2024-03-07,14:30,40.709896,-73.83941,JACKIE ROBINSON PKWY,0.0,0,0,0,0,0,2,0,Aggressive Driving/Road Rage,Station Wagon/Sport Utility Vehicle,Unknown,,2024,3,Thursday,0.0,Low
2021-02-02,09:00,40.607624,-74.06569,FINGERBOARD ROAD                ,0.0,0,0,0,0,0,0,0,Driver Inattention/Distraction,Sedan,Unknown,,2021,2,Tuesday,0.0,Low
2024-12-21,22:49,40.817177,-73.94606,FREDERICK DOUGLASS BLVD,0.0,0,0,0,0,0,0,0,Aggressive Driving/Road Rage,Station Wagon/Sport Utility Vehicle,MANHATTAN,10030.0,2024,12,Saturday,0.0,Low
2025-07-11,23:40,40.755653,-73.88605,,0.0,0,0,0,0,0,0,0,Driver Inattention/Distraction,Taxi,QUEENS,11372.0,2025,7,Friday,0.0,Low
2022-09-13,10:00,40.813137,-73.91662,,0.0,0,0,0,0,0,0,0,Unspecified,Sedan,BRONX,10455.0,2022,9,Tuesday,0.0,Low
2023-11-08,17:15,40.682423,-73.97069,ATLANTIC AVENUE,0.0,0,0,0,0,0,0,0,Driver Inattention/Distraction,Station Wagon/Sport Utility Vehicle,Unknown,,2023,11,Wednesday,0.0,Low
2021-02-21,09:05,40.656616,-73.89027,STANLEY AVENUE                  ,0.0,0,0,0,0,0,1,0,Unspecified,Sedan,BROOKLYN,11207.0,2021,2,Sunday,0.0,Low
2021-02-14,22:20,40.865547,-73.92728000000001,DYCKMAN STREET                  ,0.0,0,0,0,1,0,0,0,Traffic Control Disregarded,E-Bike,MANHATTAN,10034.0,2021,2,Sunday,0.0,Low
2022-11-28,20:00,40.66454,-73.82276,SOUTH CONDUIT AVENUE,0.0,0,0,0,0,0,0,0,Passing or Lane Usage Improper,Taxi,QUEENS,11434.0,2022,11,Monday,0.0,Low
2025-09-14,01:30,40.631462,-73.94734,,0.0,0,0,0,0,0,0,0,Driver Inattention/Distraction,Sedan,BROOKLYN,11210.0,2025,9,Sunday,0.0,Low
2022-04-12,04:00,40.60212,-74.013145,BELT PARKWAY,0.0,0,0,0,0,0,0,0,Driver Inattention/Distraction,Sedan,Unknown,,2022,4,Tuesday,0.0,Low
2023-08-22,02:38,40.737359999999995,-73.99685,WEST 14 STREET,0.0,0,0,0,0,0,0,0,Lane Marking Improper/Inadequate,Garbage or Refuse,MANHATTAN,10011.0,2023,8,Tuesday,0.0,Low
2022-01-28,08:20,40.83441,-73.94986,HENRY HUDSON PARKWAY,0.0,0,0,0,0,0,2,0,Pavement Slippery,Station Wagon/Sport Utility Vehicle,Unknown,,2022,1,Friday,0.0,Low
2021-07-31,06:58,40.82802,-73.93122,MAJOR DEEGAN EXPRESSWAY,0.0,0,0,0,0,0,4,0,Unsafe Lane Changing,Sedan,Unknown,,2021,7,Saturday,0.0,Low
2021-11-17,17:15,40.679943,-73.98956,UNION STREET,0.0,0,0,0,0,0,0,0,Unspecified,Sedan,BROOKLYN,11231.0,2021,11,Wednesday,0.0,Low
2024-01-20,00:03,40.865223,-73.83619,EAST GUN HILL ROAD,0.0,0,0,0,0,0,3,0,Unsafe Speed,Station Wagon/Sport Utility Vehicle,Unknown,,2024,1,Saturday,0.0,Low
2024-04-13,08:00,40.73764,-73.98613,EAST 20 STREET,0.0,0,0,0,0,0,0,0,Following Too Closely,Taxi,MANHATTAN,10003.0,2024,4,Saturday,0.0,Low
2021-04-05,06:00,40.84921,-73.90011,WEBSTER AVENUE,0.0,0,0,0,0,0,0,0,Passing Too Closely,Sedan,BRONX,10457.0,2021,4,Monday,0.0,Low
2021-05-24,18:00,40.818540000000006,-73.921165,,0.0,0,0,0,0,0,0,0,Unspecified,Taxi,BRONX,10451.0,2021,5,Monday,0.0,Low
2025-01-01,08:20,40.588885999999995,-73.96564000000001,OCEAN PKWY,0.0,0,0,0,0,0,2,0,Driver Inattention/Distraction,Station Wagon/Sport Utility Vehicle,BROOKLYN,11235.0,2025,1,Wednesday,0.0,Low
2024-07-18,04:13,40.67798,-73.872116,LIBERTY AVENUE,0.0,0,0,0,1,0,0,0,Unspecified,Bike,Unknown,,2024,7,Thursday,0.0,Low
2022-12-05,17:43,40.612003,-73.99056999999999,73 STREET,0.0,0,0,0,1,0,0,0,Driver Inattention/Distraction,Station Wagon/Sport Utility Vehicle,Unknown,,2022,12,Monday,0.0,Low
2023-09-28,16:45,40.69798,-73.91257,PALMETTO STREET,0.0,0,0,0,0,0,0,0,Passing or Lane Usage Improper,PK,BROOKLYN,11237.0,2023,9,Thursday,0.0,Low
2021-10-11,12:10,40.67468,-74.01604499999999,VAN BRUNT STREET,0.0,0,0,0,0,0,0,0,Unspecified,Tractor Truck Gasoline,BROOKLYN,11231.0,2021,10,Monday,0.0,Low
2021-04-09,19:17,40.66682,-73.88166,NEW LOTS AVENUE,0.0,0,0,0,0,0,0,0,Unsafe Speed,Sedan,BROOKLYN,11208.0,2021,4,Friday,0.0,Low
2023-09-05,11:45,40.692192,-73.98628000000001,WILLOUGHBY STREET,0.0,0,1,0,0,0,0,0,Unspecified,Sedan,BROOKLYN,11201.0,2023,9,Tuesday,0.0,Low
2024-11-21,11:30,40.76587,-73.95741,E 69 ST,0.0,0,0,0,0,0,0,0,Driver Inattention/Distraction,Station Wagon/Sport Utility Vehicle,MANHATTAN,10021.0,2024,11,Thursday,0.0,Low
2025-07-01,10:00,40.712883000000005,-73.82821,,0.0,0,0,0,0,0,0,0,Aggressive Driving/Road Rage,Sedan,QUEENS,11415.0,2025,7,Tuesday,0.0,Low
2022-10-23,14:00,40.79094,-73.94723499999999,EAST 104 STREET,0.0,0,0,0,0,0,0,0,Driver Inattention/Distraction,Sedan,MANHATTAN,10029.0,2022,10,Sunday,0.0,Low
2021-11-20,23:25,40.667235999999995,-73.770004,BELT PARKWAY,0.0,0,0,0,0,0,0,0,Unsafe Speed,Sedan,Unknown,,2021,11,Saturday,0.0,Low
2021-12-20,18:03,40.707783,-73.932076,KNICKERBOCKER AVENUE,0.0,0,1,0,0,0,0,0,Driver Inattention/Distraction,Station Wagon/Sport Utility Vehicle,Unknown,,2021,12,Monday,0.0,Low
2022-11-21,14:24,40.877159999999996,-73.91787,,0.0,0,0,0,0,0,0,0,Unspecified,Sedan,BRONX,10463.0,2022,11,Monday,0.0,Low
2024-02-01,11:47,40.718266,-74.00706,WEST BROADWAY,0.0,0,0,0,0,0,0,0,Unspecified,Station Wagon/Sport Utility Vehicle,MANHATTAN,10013.0,2024,2,Thursday,0.0,Low
2025-12-17,08:57,0.0,0.0,,0.0,0,0,0,0,0,0,0,Unspecified,Station Wagon/Sport Utility Vehicle,Unknown,,2025,12,Wednesday,0.0,Low
2021-10-04,14:19,40.596157,-73.95203000000001,GRAVESEND NECK ROAD             ,0.0,0,0,0,0,0,1,0,Drugs (illegal),Sedan,Unknown,,2021,10,Monday,0.0,Low
2025-11-21,09:00,40.67516,-73.946815,,0.0,0,0,0,0,0,0,0,Backing Unsafely,Sedan,BROOKLYN,11213.0,2025,11,Friday,0.0,Low
2021-09-01,08:20,40.76079,-73.83075,MAIN STREET                     ,0.0,0,0,0,0,0,0,0,Backing Unsafely,Station Wagon/Sport Utility Vehicle,QUEENS,11354.0,2021,9,Wednesday,0.0,Low
2023-04-13,12:10,40.68071,-73.97754,,0.0,0,0,0,1,0,0,0,Driver Inattention/Distraction,Station Wagon/Sport Utility Vehicle,BROOKLYN,11217.0,2023,4,Thursday,0.0,Low
2024-09-15,22:36,40.76865,-73.9111,,0.0,0,0,0,0,0,1,0,Driver Inattention/Distraction,Sedan,QUEENS,11103.0,2024,9,Sunday,0.0,Low
2024-05-01,15:13,40.725113,-73.8107,76 AVENUE,0.0,0,0,0,0,0,0,0,Driver Inattention/Distraction,Station Wagon/Sport Utility Vehicle,QUEENS,11366.0,2024,5,Wednesday,0.0,Low
2022-10-25,15:30,40.752502,-73.92959599999999,,0.0,0,0,0,0,0,0,0,Unspecified,Sedan,QUEENS,11101.0,2022,10,Tuesday,0.0,Low
2024-08-03,12:55,40.73681,-73.95264399999999,MC GUINNESS BOULEVARD,0.0,0,0,0,0,0,1,0,Alcohol Involvement,Moped,Unknown,,2024,8,Saturday,0.0,Low
2022-10-09,20:10,40.679961999999996,-73.91117,,0.0,0,0,0,0,0,0,0,Unspecified,Sedan,BROOKLYN,11233.0,2022,10,Sunday,0.0,Low
2021-05-14,14:00,40.83213,-73.86547,WESTCHESTER AVENUE,0.0,0,0,0,0,0,2,0,Driver Inattention/Distraction,Sedan,BRONX,10472.0,2021,5,Friday,0.0,Low
2023-01-06,01:17,40.686146,-73.98074,,0.0,0,1,0,0,0,0,0,Unspecified,Sedan,BROOKLYN,11217.0,2023,1,Friday,0.0,Low
2024-05-03,19:14,40.615272999999995,-73.98718000000001,,0.0,0,0,0,0,0,0,0,Unspecified,Station Wagon/Sport Utility Vehicle,BROOKLYN,11204.0,2024,5,Friday,0.0,Low
2022-06-10,04:15,40.641434000000004,-74.00879,,0.0,0,0,0,0,0,0,0,Driver Inattention/Distraction,Station Wagon/Sport Utility Vehicle,BROOKLYN,11220.0,2022,6,Friday,0.0,Low
2021-11-02,13:58,40.75221,-73.90443,57 STREET                       ,0.0,0,0,0,0,0,0,0,Backing Unsafely,Station Wagon/Sport Utility Vehicle,QUEENS,11377.0,2021,11,Tuesday,0.0,Low
2025-04-28,14:59,40.832609999999995,-73.91761,SHERIDAN AVE,0.0,0,0,0,0,0,0,0,Passing Too Closely,Sedan,BRONX,10456.0,2025,4,Monday,0.0,Low
2022-05-02,20:32,40.817226,-73.94230999999999,WEST 138 STREET,0.0,0,1,0,0,0,0,0,Unknown,Sedan,MANHATTAN,10030.0,2022,5,Monday,0.0,Low
2025-04-21,00:15,40.745067999999996,-73.938255,29 ST,0.0,0,0,0,0,0,1,0,Driver Inattention/Distraction,Station Wagon/Sport Utility Vehicle,QUEENS,11101.0,2025,4,Monday,0.0,Low
2021-07-12,20:30,40.713535,-73.96731,,0.0,0,0,0,0,0,0,0,Passing or Lane Usage Improper,Station Wagon/Sport Utility Vehicle,BROOKLYN,11249.0,2021,7,Monday,0.0,Low
2026-05-03,13:00,40.724434,-73.95306,,0.0,0,0,0,0,0,0,0,Driver Inattention/Distraction,Station Wagon/Sport Utility Vehicle,BROOKLYN,11222.0,2026,5,Sunday,0.0,Low
2024-07-21,01:30,40.60224,-73.75416,CORNAGA AVENUE,0.0,0,0,0,0,0,0,0,Unspecified,Sedan,QUEENS,11691.0,2024,7,Sunday,0.0,Low
2024-03-30,07:10,40.634468,-74.086945,,0.0,0,0,0,0,0,0,0,Driver Inattention/Distraction,Sedan,STATEN ISLAND,10301.0,2024,3,Saturday,0.0,Low
2025-05-31,01:05,40.7092,-73.9919,MANHATTAN BR UPPER,0.0,0,0,0,0,0,0,0,Pavement Slippery,Sedan,Unknown,,2025,5,Saturday,0.0,Low
2021-10-24,08:10,40.587609,-73.8989061,,0.0,0,0,0,0,0,0,0,Steering Failure,Pick-up Truck,BROOKLYN,11234.0,2021,10,Sunday,0.0,Low
2023-10-15,23:10,40.7348,-73.86081,98 STREET,0.0,0,0,0,0,0,1,0,Following Too Closely,Sedan,QUEENS,11374.0,2023,10,Sunday,0.0,Low
2023-11-19,13:20,40.768024,-73.97029,EAST 65 STREET,0.0,0,0,0,0,0,0,0,Unspecified,Sedan,MANHATTAN,10065.0,2023,11,Sunday,0.0,Low
2021-11-10,16:47,40.76132,-73.9170907,31 AVENUE,0.0,0,0,0,0,0,0,0,Driver Inattention/Distraction,Station Wagon/Sport Utility Vehicle,QUEENS,11103.0,2021,11,Wednesday,0.0,Low
2021-05-03,16:11,40.817844,-73.94185,WEST 139 STREET                 ,0.0,0,0,0,0,0,1,0,Failure to Yield Right-of-Way,Sedan,Unknown,,2021,5,Monday,0.0,Low
2021-07-21,17:07,40.742706,-73.984535,PARK AVENUE SOUTH,0.0,0,0,0,1,0,0,0,Driver Inattention/Distraction,Station Wagon/Sport Utility Vehicle,MANHATTAN,10016.0,2021,7,Wednesday,0.0,Low
2025-05-16,23:00,40.828598,-73.92172,GRAND CONC,0.0,0,0,0,0,0,1,0,Driver Inattention/Distraction,Station Wagon/Sport Utility Vehicle,BRONX,10451.0,2025,5,Friday,0.0,Low
2025-11-19,05:10,40.699757,-73.79358,GUY R BREWER BLVD,0.0,0,1,0,0,0,0,0,Unspecified,Station Wagon/Sport Utility Vehicle,QUEENS,11433.0,2025,11,Wednesday,0.0,Low
2022-05-31,17:15,40.724037,-73.72568000000001,JAMAICA AVENUE,0.0,0,0,0,0,0,1,0,Failure to Yield Right-of-Way,Station Wagon/Sport Utility Vehicle,Unknown,,2022,5,Tuesday,0.0,Low
2025-04-28,08:35,40.884315,-73.89218000000001,,0.0,0,0,0,0,0,0,0,Passing or Lane Usage Improper,Sedan,BRONX,10463.0,2025,4,Monday,0.0,Low
2025-10-08,22:08,40.719584999999995,-73.839775,QUEENS BLVD,0.0,0,0,0,0,0,0,0,Backing Unsafely,Sedan,QUEENS,11375.0,2025,10,Wednesday,0.0,Low
2022-01-06,14:39,40.751564,-73.97039000000001,,0.0,0,0,0,0,0,0,0,Oversized Vehicle,Station Wagon/Sport Utility Vehicle,MANHATTAN,10017.0,2022,1,Thursday,0.0,Low
2024-08-02,20:55,40.751059999999995,-73.87224599999999,95 STREET,0.0,0,1,0,0,0,0,0,Unspecified,Sedan,QUEENS,11372.0,2024,8,Friday,0.0,Low
2021-05-11,13:01,40.824085,-73.874344,BRUCKNER EXPRESSWAY,0.0,0,0,0,0,0,0,0,Driver Inattention/Distraction,Station Wagon/Sport Utility Vehicle,Unknown,,2021,5,Tuesday,0.0,Low
2021-12-24,11:27,40.701640000000005,-73.938034,,0.0,0,0,0,0,0,0,0,Unspecified,Sedan,BROOKLYN,11206.0,2021,12,Friday,0.0,Low
2024-08-07,13:50,40.639977,-73.92623,FOSTER AVENUE,0.0,0,0,0,0,0,1,0,Brakes Defective,Sedan,Unknown,,2024,8,Wednesday,0.0,Low
2021-09-20,12:30,40.613506,-73.954094,OCEAN AVENUE,0.0,0,0,0,0,0,0,0,Driver Inattention/Distraction,Sedan,BROOKLYN,11210.0,2021,9,Monday,0.0,Low
2024-10-15,06:16,40.766853000000005,-73.82736,34 AVENUE,0.0,0,1,0,0,0,0,0,Pedestrian/Bicyclist/Other Pedestrian Error/Confusion,Bus,Unknown,,2024,10,Tuesday,0.0,Low
2022-09-02,12:20,40.680847,-73.85275,,0.0,0,0,0,0,0,0,0,Following Too Closely,Station Wagon/Sport Utility Vehicle,QUEENS,11416.0,2022,9,Friday,0.0,Low
2021-03-13,03:00,40.681236,-73.92873399999999,BAINBRIDGE STREET               ,0.0,0,0,0,0,0,0,0,Driver Inattention/Distraction,Station Wagon/Sport Utility Vehicle,BROOKLYN,11233.0,2021,3,Saturday,0.0,Low
2025-03-20,03:15,40.768578000000005,-73.86834,,0.0,0,0,0,0,0,0,0,Driver Inattention/Distraction,Sedan,QUEENS,11369.0,2025,3,Thursday,0.0,Low
2022-05-24,02:25,40.697285,-73.75645,115 AVENUE,0.0,0,0,0,0,0,1,0,Following Too Closely,Sedan,QUEENS,11412.0,2022,5,Tuesday,0.0,Low
2021-09-02,09:30,40.835873,-73.8699,CROSS BRONX EXPY                ,0.0,0,0,0,0,0,0,0,Unspecified,Sedan,Unknown,,2021,9,Thursday,0.0,Low
2022-02-12,15:45,40.624912,-74.14670600000001,WILLOW ROAD WEST,0.0,0,0,0,0,0,0,0,Driver Inexperience,Sedan,Unknown,,2022,2,Saturday,0.0,Low
2022-11-03,09:40,40.815459999999995,-73.89533,BRUCKNER EXPRESSWAY,0.0,0,0,0,0,0,0,0,Other Vehicular,Box Truck,Unknown,,2022,11,Thursday,0.0,Low
2025-05-16,14:07,40.70547,-73.95024000000001,HEYWARD ST,0.0,0,1,0,0,0,0,0,Failure to Yield Right-of-Way,Van,BROOKLYN,11206.0,2025,5,Friday,0.0,Low
2022-04-08,21:51,40.844986,-73.88136,,0.0,0,1,0,0,0,0,0,Pedestrian/Bicyclist/Other Pedestrian Error/Confusion,Taxi,BRONX,10460.0,2022,4,Friday,0.0,Low
2022-09-24,17:22,40.861862,-73.91275,WEST FORDHAM ROAD,0.0,0,0,0,0,0,0,0,Driver Inattention/Distraction,Sedan,BRONX,10453.0,2022,9,Saturday,0.0,Low
2025-04-22,23:14,40.696354,-73.940704,MYRTLE AVE,0.0,0,0,0,1,0,0,0,Driver Inattention/Distraction,Sedan,BROOKLYN,11206.0,2025,4,Tuesday,0.0,Low
2023-05-31,09:01,40.75219,-73.99347,WEST 34 STREET,0.0,0,0,0,1,0,0,0,Driver Inattention/Distraction,Taxi,MANHATTAN,10001.0,2023,5,Wednesday,0.0,Low
2026-09-01,06:06,40.77061,-73.89189,21 AVE,0.0,0,0,0,0,0,0,0,Traffic Control Disregarded,Sedan,QUEENS,11370.0,2026,9,Tuesday,0.0,Low
2024-11-15,12:30,40.606964000000005,-73.97970600000001,,0.0,0,0,0,0,0,0,0,Unspecified,Station Wagon/Sport Utility Vehicle,BROOKLYN,11223.0,2024,11,Friday,0.0,Low
2022-09-21,17:50,40.64412,-73.98907,FORT HAMILTON PARKWAY,0.0,0,0,0,0,0,0,0,Passing or Lane Usage Improper,Station Wagon/Sport Utility Vehicle,BROOKLYN,11218.0,2022,9,Wednesday,0.0,Low
2022-01-07,13:00,40.746883000000004,-73.76348,LONG ISLAND EXPRESSWAY,0.0,0,0,0,0,0,0,0,Unsafe Lane Changing,Flat Bed,Unknown,,2022,1,Friday,0.0,Low
2022-12-11,15:54,40.67758,-73.98352,,0.0,0,0,0,0,0,5,0,Driver Inattention/Distraction,Sedan,BROOKLYN,11215.0,2022,12,Sunday,0.0,Low
2022-03-29,15:20,40.67625,-73.88405,ELTON STREET,0.0,0,0,0,0,0,0,0,Unspecified,Sedan,Unknown,,2022,3,Tuesday,0.0,Low
2022-09-02,17:08,40.7242,-73.93765,APOLLO STREET,0.0,0,0,0,0,0,0,0,Passing or Lane Usage Improper,Tractor Truck Diesel,BROOKLYN,11222.0,2022,9,Friday,0.0,Low
2022-11-29,10:15,40.70955,-73.95886,HAVEMEYER STREET,0.0,0,1,0,0,0,0,0,Failure to Yield Right-of-Way,Station Wagon/Sport Utility Vehicle,BROOKLYN,11211.0,2022,11,Tuesday,0.0,Low
2024-11-22,14:50,40.607685,-74.13892,STATEN ISLAND EXPRESSWAY,0.0,0,0,0,0,0,1,0,Traffic Control Disregarded,Station Wagon/Sport Utility Vehicle,Unknown,,2024,11,Friday,0.0,Low
2025-06-01,15:00,40.81942,-73.88391,SENECA AVE,0.0,0,0,0,0,0,0,0,Driver Inattention/Distraction,Sedan,BRONX,10474.0,2025,6,Sunday,0.0,Low
2021-05-16,12:25,40.703316,-74.007774,SOUTH STREET,0.0,0,0,0,0,0,0,0,Unspecified,Station Wagon/Sport Utility Vehicle,Unknown,,2021,5,Sunday,0.0,Low
2025-09-20,18:38,40.72309,-73.95874,KENT AVE,0.0,0,0,0,0,0,0,0,Driver Inattention/Distraction,Sedan,BROOKLYN,11249.0,2025,9,Saturday,0.0,Low
2023-09-05,18:04,40.763428000000005,-73.96522,EAST 62 STREET,0.0,0,0,0,0,0,0,0,Pedestrian/Bicyclist/Other Pedestrian Error/Confusion,Station Wagon/Sport Utility Vehicle,MANHATTAN,10065.0,2023,9,Tuesday,0.0,Low
2022-01-03,18:22,40.77221,-73.982185,BROADWAY,0.0,0,0,0,0,0,0,0,Following Too Closely,Station Wagon/Sport Utility Vehicle,MANHATTAN,10023.0,2022,1,Monday,0.0,Low
2022-01-26,07:15,40.667915,-73.77523000000001,NORTH CONDUIT AVENUE,0.0,0,0,0,0,0,1,0,Passing Too Closely,Station Wagon/Sport Utility Vehicle,QUEENS,11434.0,2022,1,Wednesday,0.0,Low
2022-03-08,11:30,40.828384,-73.90283000000001,HOME STREET,0.0,0,0,0,0,0,1,0,Unsafe Speed,Station Wagon/Sport Utility Vehicle,BRONX,10456.0,2022,3,Tuesday,0.0,Low
2022-03-03,19:20,40.60784,-73.961975,CONEY ISLAND AVENUE,0.0,0,0,0,0,0,0,0,Unsafe Speed,E-Bike,BROOKLYN,11223.0,2022,3,Thursday,0.0,Low
2024-06-16,11:00,40.763123,-73.863884,,0.0,0,0,0,0,0,0,0,Driver Inattention/Distraction,Station Wagon/Sport Utility Vehicle,QUEENS,11369.0,2024,6,Sunday,0.0,Low
2022-02-02,20:45,40.6665,-73.9962,GOWANUS EXPY (BQE),0.0,0,0,0,0,0,0,0,View Obstructed/Limited,Sedan,Unknown,,2022,2,Wednesday,0.0,Low
2023-10-26,08:13,40.76169,-73.73283,MARATHON PARKWAY,0.0,0,0,0,0,0,0,0,Failure to Yield Right-of-Way,Station Wagon/Sport Utility Vehicle,QUEENS,11362.0,2023,10,Thursday,0.0,Low
2021-07-26,12:00,40.759186,-73.76716,215 STREET,0.0,0,0,0,0,0,0,0,Unspecified,Sedan,QUEENS,11361.0,2021,7,Monday,0.0,Low
2021-09-06,17:30,40.65563,-73.92596,LENOX ROAD,0.0,0,0,0,0,0,0,0,Driver Inattention/Distraction,Sedan,BROOKLYN,11203.0,2021,9,Monday,0.0,Low
2022-07-08,08:55,40.84299,-73.82625,BRUCKNER BOULEVARD,0.0,0,0,0,0,0,2,0,Other Vehicular,Sedan,BRONX,10461.0,2022,7,Friday,0.0,Low
2024-07-03,08:00,40.63343,-74.14622,,0.0,0,0,0,0,0,0,0,Backing Unsafely,Station Wagon/Sport Utility Vehicle,Unknown,,2024,7,Wednesday,0.0,Low
2022-07-07,12:20,40.696674,-73.957535,SKILLMAN STREET,0.0,0,0,0,0,0,1,0,Failure to Yield Right-of-Way,Motorscooter,BROOKLYN,11205.0,2022,7,Thursday,0.0,Low
2021-01-06,12:29,40.607258,-74.00265,18 AVENUE,0.0,0,0,0,0,0,0,0,Backing Unsafely,Sedan,Unknown,,2021,1,Wednesday,0.0,Low
2024-12-13,00:48,40.57586,-73.862755,BEACH 144 ST,0.0,0,0,0,0,0,0,0,Unsafe Speed,Sedan,Unknown,,2024,12,Friday,0.0,Low
2025-08-16,21:05,40.602528,-74.015114,BELT PARKWAY,0.0,0,0,0,0,0,1,0,Unsafe Speed,Sedan,Unknown,,2025,8,Saturday,0.0,Low
2025-05-06,17:20,40.687332,-73.98182,NEVINS ST,0.0,0,0,0,0,0,0,0,Driver Inattention/Distraction,E-Scooter,BROOKLYN,11217.0,2025,5,Tuesday,0.0,Low
2022-12-18,19:20,40.785244,-73.84118000000001,127 STREET,0.0,0,1,0,0,0,0,0,Pedestrian/Bicyclist/Other Pedestrian Error/Confusion,Van,Unknown,,2022,12,Sunday,0.0,Low
2024-12-09,16:00,40.715927,-73.957634,DRIGGS AVENUE,0.0,0,0,0,0,0,1,0,Following Too Closely,Taxi,BROOKLYN,11211.0,2024,12,Monday,0.0,Low
2024-03-27,22:25,40.707306,-73.75121999999999,FRANCIS LEWIS BOULEVARD,0.0,0,0,0,0,0,0,0,Following Too Closely,Sedan,QUEENS,11429.0,2024,3,Wednesday,0.0,Low
2022-11-13,08:52,40.760155,-73.9988,WEST 41 STREET,0.0,0,0,0,0,0,0,0,Passing or Lane Usage Improper,Station Wagon/Sport Utility Vehicle,MANHATTAN,10036.0,2022,11,Sunday,0.0,Low
2024-03-26,07:15,40.804375,-73.93741999999999,LEXINGTON AVENUE,0.0,0,0,0,0,0,0,0,Passing Too Closely,Van,MANHATTAN,10035.0,2024,3,Tuesday,0.0,Low
2026-02-25,10:13,40.623573,-73.93561600000001,KINGS HWY,0.0,0,1,0,0,0,0,0,Unspecified,Unknown,BROOKLYN,11234.0,2026,2,Wednesday,0.0,Low
2021-07-07,22:40,40.691536,-73.99911999999999,BROOKLYN QUEENS EXPRESSWAY,0.0,0,0,0,0,0,2,0,Following Too Closely,Sedan,Unknown,,2021,7,Wednesday,0.0,Low
2021-11-16,16:15,40.828175,-73.8239,,0.0,0,0,0,0,0,0,0,Unspecified,Box Truck,BRONX,10465.0,2021,11,Tuesday,0.0,Low
2023-02-17,17:14,40.61909,-74.03497,,0.0,0,0,0,0,0,0,0,Backing Unsafely,Station Wagon/Sport Utility Vehicle,BROOKLYN,11209.0,2023,2,Friday,0.0,Low
2025-01-28,07:40,40.762024,-74.00115,W 42 ST,0.0,0,0,0,0,0,0,0,Driver Inattention/Distraction,Station Wagon/Sport Utility Vehicle,MANHATTAN,10036.0,2025,1,Tuesday,0.0,Low
2025-07-30,17:49,40.82649,-73.9053,,0.0,0,0,0,0,0,0,0,Unspecified,Station Wagon/Sport Utility Vehicle,BRONX,10456.0,2025,7,Wednesday,0.0,Low
2025-09-15,10:30,40.71454,-73.75918,,0.0,0,0,0,0,0,0,0,Unsafe Speed,Sedan,QUEENS,11423.0,2025,9,Monday,0.0,Low
2021-10-18,20:00,40.714392600000004,-73.792038,,0.0,0,0,0,0,0,0,0,Driver Inattention/Distraction,Sedan,QUEENS,11432.0,2021,10,Monday,0.0,Low
2024-07-27,12:48,40.88991,-73.91497,,0.0,0,0,0,0,0,0,0,Unsafe Speed,Sedan,BRONX,10463.0,2024,7,Saturday,0.0,Low
2025-10-15,10:30,40.755759999999995,-73.73938000000001,DOUGLASTON PKWY,0.0,0,0,0,0,0,1,0,Failure to Yield Right-of-Way,Station Wagon/Sport Utility Vehicle,QUEENS,11362.0,2025,10,Wednesday,0.0,Low
2022-11-05,15:09,40.688309999999994,-73.96991,,0.0,0,0,0,0,0,0,0,Unsafe Speed,Sedan,BROOKLYN,11205.0,2022,11,Saturday,0.0,Low
2025-12-11,07:00,40.751934000000006,-73.80891,LABURNUM AVE,0.0,0,0,0,0,0,0,0,Driver Inattention/Distraction,Sedan,QUEENS,11355.0,2025,12,Thursday,0.0,Low
2022-04-06,21:32,40.755516,-73.98363,AVENUE OF THE AMERICAS,0.0,0,0,0,0,0,2,0,Driver Inattention/Distraction,Taxi,MANHATTAN,10036.0,2022,4,Wednesday,0.0,Low
2025-05-17,15:44,40.716021999999995,-73.80269,,0.0,0,0,0,0,0,0,0,Unspecified,Sedan,QUEENS,11432.0,2025,5,Saturday,0.0,Low
2023-03-21,07:20,40.676548,-73.96354000000001,WASHINGTON AVENUE,0.0,0,0,0,0,0,0,0,Passing or Lane Usage Improper,Sedan,Unknown,,2023,3,Tuesday,0.0,Low
2022-03-11,14:30,40.71604,-73.80504,GRAND CENTRAL PKWY,0.0,0,0,0,0,0,0,0,Driver Inattention/Distraction,Sedan,Unknown,,2022,3,Friday,0.0,Low
2025-11-21,12:52,40.75169,-73.88561,81 ST,0.0,0,0,0,0,0,1,0,Driver Inattention/Distraction,Station Wagon/Sport Utility Vehicle,QUEENS,11372.0,2025,11,Friday,0.0,Low
2021-07-18,16:21,40.695995,-73.96741999999999,PARK AVENUE,0.0,0,0,0,1,0,0,0,Unspecified,Bike,Unknown,,2021,7,Sunday,0.0,Low
2023-07-15,22:40,40.861862,-73.91275,WEST FORDHAM ROAD,0.0,0,0,0,0,0,0,0,Driver Inattention/Distraction,Station Wagon/Sport Utility Vehicle,BRONX,10453.0,2023,7,Saturday,0.0,Low
2022-07-07,09:45,40.745483,-73.77853,199 STREET,0.0,0,0,0,0,0,1,0,Following Too Closely,Station Wagon/Sport Utility Vehicle,Unknown,,2022,7,Thursday,0.0,Low
2024-09-02,19:00,40.882515000000005,-73.88093,,0.0,0,0,0,1,0,0,0,Unsafe Speed,Sedan,BRONX,10467.0,2024,9,Monday,0.0,Low
2022-09-06,17:20,40.855971999999994,-73.869896,BRONX PARK EAST,0.0,0,0,0,0,0,0,0,Driver Inattention/Distraction,Station Wagon/Sport Utility Vehicle,Unknown,,2022,9,Tuesday,0.0,Low
2022-10-16,13:57,40.724495000000005,-73.97981999999999,,0.0,0,0,0,0,0,0,0,Driver Inattention/Distraction,Box Truck,MANHATTAN,10009.0,2022,10,Sunday,0.0,Low
2023-12-01,06:04,40.666405,-73.802635,BELT PARKWAY,0.0,0,0,0,0,0,0,0,Following Too Closely,Station Wagon/Sport Utility Vehicle,Unknown,,2023,12,Friday,0.0,Low
2024-08-16,20:42,40.71882,-73.9468,MANHATTAN AVENUE,0.0,0,0,0,0,0,0,0,Alcohol Involvement,Pick-up Truck,Unknown,,2024,8,Friday,0.0,Low
2024-03-04,15:20,40.75651,-73.89692,70 STREET,0.0,0,1,0,0,0,0,0,Driver Inattention/Distraction,Sedan,QUEENS,11370.0,2024,3,Monday,0.0,Low
2022-07-05,15:00,0.0,0.0,CYPRESS AVENUE,0.0,0,0,0,0,0,0,0,Unspecified,Sedan,Unknown,,2022,7,Tuesday,0.0,Low
2025-03-18,17:55,0.0,0.0,,0.0,0,0,0,0,0,0,0,Passing or Lane Usage Improper,Sedan,MANHATTAN,10000.0,2025,3,Tuesday,0.0,Low
2022-01-18,15:46,40.66479,-73.91532,BLAKE AVENUE,0.0,0,0,0,0,0,0,0,Unspecified,Sedan,BROOKLYN,11212.0,2022,1,Tuesday,0.0,Low
2023-10-30,08:45,40.862747,-73.90494,WEST FORDHAM ROAD,0.0,0,1,0,0,0,0,0,Unspecified,Sedan,BRONX,10468.0,2023,10,Monday,0.0,Low
2022-01-31,16:30,40.579826000000004,-73.97622,SHELL ROAD,0.0,0,0,0,0,0,0,0,Pavement Slippery,Station Wagon/Sport Utility Vehicle,Unknown,,2022,1,Monday,0.0,Low
2026-04-01,22:00,40.69377,-73.73577,LINDEN BLVD,0.0,0,0,0,0,0,0,0,Failure to Yield Right-of-Way,Station Wagon/Sport Utility Vehicle,QUEENS,11411.0,2026,4,Wednesday,0.0,Low
2024-03-15,18:00,40.696033,-73.984535,FLATBUSH AVENUE EXTENSION,0.0,0,0,0,0,0,0,0,Passing Too Closely,Station Wagon/Sport Utility Vehicle,BROOKLYN,11201.0,2024,3,Friday,0.0,Low
2024-12-01,18:14,40.740417,-73.95244,11 STREET,0.0,0,0,0,0,0,0,0,Driver Inattention/Distraction,Sedan,Unknown,,2024,12,Sunday,0.0,Low
2024-01-11,18:17,40.849995,-73.93865,W 180 ST,0.0,0,0,0,0,0,1,0,Traffic Control Disregarded,Station Wagon/Sport Utility Vehicle,MANHATTAN,10033.0,2024,1,Thursday,0.0,Low
2023-01-03,05:40,40.74947,-73.7564,LONG ISLAND EXPRESSWAY,0.0,0,0,0,0,0,0,0,Following Too Closely,Pick-up Truck,Unknown,,2023,1,Tuesday,0.0,Low
2023-06-02,14:00,40.727753,-73.85861,65 ROAD,0.0,0,0,0,0,0,0,0,Passing or Lane Usage Improper,Sedan,Unknown,,2023,6,Friday,0.0,Low
2021-06-17,17:10,40.740856,-74.005165,WEST 14 STREET,0.0,0,0,0,0,0,1,0,Unspecified,Station Wagon/Sport Utility Vehicle,Unknown,,2021,6,Thursday,0.0,Low
2024-11-19,19:12,40.57322,-74.106995,HYLAN BLVD,0.0,0,0,0,0,0,0,0,Driver Inattention/Distraction,Sedan,STATEN ISLAND,10306.0,2024,11,Tuesday,0.0,Low
2025-06-14,05:00,40.646225,-73.91765,DITMAS AVE,0.0,0,0,0,0,0,0,0,Unspecified,Station Wagon/Sport Utility Vehicle,BROOKLYN,11236.0,2025,6,Saturday,0.0,Low
2023-01-19,17:52,40.653263,-73.96382,SAINT PAULS PLACE,0.0,0,1,0,0,0,0,0,Driver Inattention/Distraction,Sedan,BROOKLYN,11226.0,2023,1,Thursday,0.0,Low
2025-10-20,13:25,40.711845000000004,-73.85976,WOODHAVEN BLVD,0.0,0,0,0,0,0,0,0,Passing or Lane Usage Improper,Sedan,QUEENS,11374.0,2025,10,Monday,0.0,Low
2024-10-28,18:26,40.682373,-73.977554,,0.0,0,0,0,0,0,1,0,Driver Inattention/Distraction,Sedan,BROOKLYN,11217.0,2024,10,Monday,0.0,Low
2024-09-15,19:58,40.8087,-73.95226,,0.0,0,0,0,1,0,0,0,Pedestrian/Bicyclist/Other Pedestrian Error/Confusion,Station Wagon/Sport Utility Vehicle,MANHATTAN,10027.0,2024,9,Sunday,0.0,Low
2021-04-16,10:40,40.635185,-73.92862,UTICA AVENUE,0.0,0,0,0,0,0,0,0,Turning Improperly,Sedan,BROOKLYN,11234.0,2021,4,Friday,0.0,Low
2025-10-05,15:53,40.665141999999996,-73.88556,BARBEY ST,0.0,0,0,0,0,0,0,0,Aggressive Driving/Road Rage,Sedan,BROOKLYN,11207.0,2025,10,Sunday,0.0,Low
2022-09-07,22:05,40.722305,-73.84414,70 ROAD,0.0,0,1,0,0,0,0,0,Driver Inattention/Distraction,Sedan,QUEENS,11375.0,2022,9,Wednesday,0.0,Low
2024-10-20,16:00,40.649395,-73.9417,SNYDER AVENUE,0.0,0,0,0,0,0,4,0,Driver Inattention/Distraction,Sedan,BROOKLYN,11203.0,2024,10,Sunday,0.0,Low
2022-08-26,09:33,40.642303000000005,-74.01324,55 STREET,0.0,0,0,0,0,0,0,0,Unspecified,Sedan,BROOKLYN,11220.0,2022,8,Friday,0.0,Low
2021-03-19,18:00,40.706413,-73.79238000000001,,0.0,0,0,0,0,0,0,0,Driver Inattention/Distraction,Sedan,QUEENS,11432.0,2021,3,Friday,0.0,Low
2021-05-27,19:30,40.7597,-73.80031,NORTHERN BOULEVARD,0.0,0,0,0,1,0,0,0,Unsafe Speed,Bus,QUEENS,11358.0,2021,5,Thursday,0.0,Low
2021-06-04,17:12,40.63497,-73.9189,,0.0,0,0,0,0,0,1,0,Unspecified,Sedan,BROOKLYN,11236.0,2021,6,Friday,0.0,Low
2023-02-25,18:51,40.83341,-73.91301,COLLEGE AVENUE,0.0,0,0,0,0,0,0,0,Passing Too Closely,Station Wagon/Sport Utility Vehicle,Unknown,,2023,2,Saturday,0.0,Low
2022-01-01,19:50,40.759884,-73.9368,21 STREET,0.0,0,0,0,0,0,0,0,Driver Inattention/Distraction,Sedan,Unknown,,2022,1,Saturday,0.0,Low
2025-10-23,12:00,40.703556,-73.78804000000001,LIBERTY AVE,0.0,0,1,0,0,0,0,0,Driver Inattention/Distraction,Station Wagon/Sport Utility Vehicle,Unknown,,2025,10,Thursday,0.0,Low
2025-06-13,14:30,40.775166,-73.98919000000001,W 64 ST,0.0,0,0,0,0,0,0,0,Driver Inattention/Distraction,Station Wagon/Sport Utility Vehicle,Unknown,,2025,6,Friday,0.0,Low
2021-02-13,17:30,40.873721999999994,-73.87795,,0.0,0,0,0,0,0,0,0,Unspecified,Sedan,BRONX,10467.0,2021,2,Saturday,0.0,Low
2023-11-20,16:08,40.811638,-73.9316,MAJOR DEEGAN EXPRESSWAY,0.0,0,0,0,0,0,2,0,Unspecified,Station Wagon/Sport Utility Vehicle,Unknown,,2023,11,Monday,0.0,Low
2021-02-11,04:45,40.67069,-73.80124,VAN WYCK EXPWY,0.0,0,0,0,0,0,0,0,Passing or Lane Usage Improper,Sedan,Unknown,,2021,2,Thursday,0.0,Low
2025-02-28,10:23,40.876408000000005,-73.81858000000001,HUTCHINSON RIVER PARKWAY,0.0,0,0,0,0,0,0,0,Reaction to Uninvolved Vehicle,Sedan,Unknown,,2025,2,Friday,0.0,Low
2024-08-03,15:50,40.800270000000005,-73.94145999999999,,0.0,0,0,0,0,0,0,0,Unspecified,Sedan,MANHATTAN,10035.0,2024,8,Saturday,0.0,Low
2022-11-02,15:00,0.0,0.0,FLATLANDS AVENUE,0.0,0,0,0,0,0,1,0,Unspecified,Sedan,BROOKLYN,11207.0,2022,11,Wednesday,0.0,Low
2024-07-11,18:25,40.59892,-73.75676999999999,BEACH 22 ST,0.0,0,0,0,0,0,0,0,Driver Inattention/Distraction,Sedan,Unknown,,2024,7,Thursday,0.0,Low
2025-01-04,19:00,40.62451,-74.137,,0.0,0,0,0,0,0,0,0,Backing Unsafely,Sedan,Unknown,,2025,1,Saturday,0.0,Low
2024-11-04,18:35,40.77192,-73.99023000000001,,0.0,0,0,0,0,0,0,0,Backing Unsafely,Sedan,MANHATTAN,10023.0,2024,11,Monday,0.0,Low
2022-04-24,14:50,40.70675,-73.80224,PARSONS BOULEVARD,0.0,0,0,0,0,0,1,0,Unsafe Speed,Station Wagon/Sport Utility Vehicle,QUEENS,11432.0,2022,4,Sunday,0.0,Low
2024-11-25,00:28,40.815975,-73.91102,WESTCHESTER AVE,0.0,0,0,0,0,0,0,0,Alcohol Involvement,Sedan,BRONX,10455.0,2024,11,Monday,0.0,Low
2022-08-26,10:00,40.66035,-73.74127,241 STREET,0.0,0,0,0,0,0,0,0,Driver Inattention/Distraction,Station Wagon/Sport Utility Vehicle,QUEENS,11422.0,2022,8,Friday,0.0,Low
2022-02-20,01:09,40.76874,-73.90881,GRAND CENTRAL PKWY,0.0,0,0,0,0,0,1,0,Other Vehicular,Station Wagon/Sport Utility Vehicle,Unknown,,2022,2,Sunday,0.0,Low
2021-10-26,07:43,40.823640000000005,-73.89390999999999,WESTCHESTER AVENUE,0.0,0,0,0,0,0,0,0,Unspecified,Sedan,BRONX,10459.0,2021,10,Tuesday,0.0,Low
2021-01-22,04:58,40.58273,-73.97494,BELT PARKWAY                    ,0.0,0,0,0,0,0,0,0,Driver Inattention/Distraction,Station Wagon/Sport Utility Vehicle,Unknown,,2021,1,Friday,0.0,Low
2026-09-02,10:55,40.697857,-73.95696,,0.0,0,0,0,0,0,1,0,Following Too Closely,Station Wagon/Sport Utility Vehicle,BROOKLYN,11205.0,2026,9,Wednesday,0.0,Low
2021-06-20,22:00,40.69579,-73.93313,BROADWAY,0.0,0,0,0,0,0,0,0,Driver Inattention/Distraction,E-Bike,Unknown,,2021,6,Sunday,0.0,Low
2022-07-26,13:15,40.82719,-73.94989,,0.0,0,0,0,0,0,0,0,Unspecified,Station Wagon/Sport Utility Vehicle,MANHATTAN,10031.0,2022,7,Tuesday,0.0,Low
2021-05-02,14:55,40.790314,-73.93956999999999,EAST 107 STREET                 ,0.0,0,0,0,0,0,0,0,Other Vehicular,Taxi,MANHATTAN,10029.0,2021,5,Sunday,0.0,Low
2025-08-10,03:29,40.69789,-73.899376,SUMMERFIELD ST,0.0,0,0,0,0,0,0,0,Driver Inattention/Distraction,Sedan,QUEENS,11385.0,2025,8,Sunday,0.0,Low
2025-01-24,08:50,40.857136,-73.843796,EASTCHESTER ROAD,0.0,0,0,0,1,0,0,0,Passing or Lane Usage Improper,Sedan,Unknown,,2025,1,Friday,0.0,Low
2022-09-13,13:55,40.572365000000005,-74.11333499999999,,0.0,0,0,0,0,0,0,0,Unspecified,Station Wagon/Sport Utility Vehicle,STATEN ISLAND,10306.0,2022,9,Tuesday,0.0,Low
2024-01-01,04:40,40.66478,-73.939865,,0.0,0,0,0,0,0,0,0,Alcohol Involvement,Sedan,BROOKLYN,11213.0,2024,1,Monday,0.0,Low
2023-12-30,20:20,40.585712,-74.10339,,0.0,0,0,0,0,0,0,0,Unspecified,Sedan,STATEN ISLAND,10306.0,2023,12,Saturday,0.0,Low
2023-07-30,01:46,40.818394,-73.95089,WEST 135 STREET,0.0,0,0,0,0,0,0,0,Unspecified,Station Wagon/Sport Utility Vehicle,MANHATTAN,10031.0,2023,7,Sunday,0.0,Low
2021-04-30,23:35,40.669083,-73.95267,,0.0,0,0,0,0,0,1,0,Driver Inattention/Distraction,Station Wagon/Sport Utility Vehicle,BROOKLYN,11225.0,2021,4,Friday,0.0,Low
2022-03-30,11:15,40.761486,-73.96061,EAST 62 STREET,0.0,0,0,0,0,0,0,0,Driver Inattention/Distraction,Station Wagon/Sport Utility Vehicle,MANHATTAN,10065.0,2022,3,Wednesday,0.0,Low
2022-12-19,18:01,40.58124,-74.09845,HYLAN BOULEVARD,0.0,0,0,0,0,0,0,0,Driver Inexperience,Station Wagon/Sport Utility Vehicle,STATEN ISLAND,10306.0,2022,12,Monday,0.0,Low
2025-02-19,11:49,40.828697,-73.87550999999999,,0.0,0,0,0,0,0,0,0,Driver Inexperience,Station Wagon/Sport Utility Vehicle,BRONX,10472.0,2025,2,Wednesday,0.0,Low
2021-08-24,17:30,40.73483,-73.80205500000001,67 AVENUE,0.0,0,0,0,0,0,0,0,Failure to Yield Right-of-Way,Station Wagon/Sport Utility Vehicle,QUEENS,11365.0,2021,8,Tuesday,0.0,Low
2021-08-30,10:29,40.814102,-73.940865,LENOX AVENUE,0.0,0,0,0,0,0,0,0,Driver Inattention/Distraction,Sedan,Unknown,,2021,8,Monday,0.0,Low
2025-12-22,21:02,40.78085,-73.84506999999999,123 ST,0.0,0,1,0,0,0,0,0,Failure to Yield Right-of-Way,Station Wagon/Sport Utility Vehicle,QUEENS,11356.0,2025,12,Monday,0.0,Low
2024-01-29,16:00,40.754985999999995,-73.74535,CROSS ISLAND PARKWAY,0.0,0,0,0,0,0,0,0,Pedestrian/Bicyclist/Other Pedestrian Error/Confusion,Station Wagon/Sport Utility Vehicle,Unknown,,2024,1,Monday,0.0,Low
2025-10-16,06:20,40.747234000000006,-73.70903,263 ST,0.0,0,0,0,0,0,0,0,Traffic Control Disregarded,Station Wagon/Sport Utility Vehicle,QUEENS,11004.0,2025,10,Thursday,0.0,Low
2022-01-03,09:54,40.70901,-73.93460999999999,,0.0,0,0,0,0,0,0,0,Passing Too Closely,Station Wagon/Sport Utility Vehicle,BROOKLYN,11206.0,2022,1,Monday,0.0,Low
2024-12-06,15:58,40.777091999999996,-73.98210999999999,BROADWAY,0.0,0,0,0,0,0,0,0,Following Too Closely,Sedan,Unknown,,2024,12,Friday,0.0,Low
2022-05-20,18:16,40.77496,-73.9589,EAST 79 STREET,0.0,0,0,0,1,0,0,0,Following Too Closely,Bike,MANHATTAN,10075.0,2022,5,Friday,0.0,Low
2025-04-05,21:15,40.730907,-73.95438,MANHATTAN AVE,0.0,0,0,0,1,0,0,0,Pedestrian/Bicyclist/Other Pedestrian Error/Confusion,Taxi,BROOKLYN,11222.0,2025,4,Saturday,0.0,Low
2023-02-23,09:35,40.709003,-73.92234,FLUSHING AVENUE,0.0,0,0,0,0,0,2,0,Outside Car Distraction,Sedan,BROOKLYN,11237.0,2023,2,Thursday,0.0,Low
2022-09-14,10:12,40.8695,-73.82619,COOP CITY BOULEVARD,0.0,0,0,0,0,0,0,0,Unspecified,Taxi,BRONX,10475.0,2022,9,Wednesday,0.0,Low
2023-05-31,15:18,40.85241,-73.867775,WHITE PLAINS ROAD,0.0,0,0,0,0,0,0,0,Failure to Yield Right-of-Way,MOPED,BRONX,10462.0,2023,5,Wednesday,0.0,Low
2021-07-01,11:30,40.61122,-73.9203,,0.0,0,0,0,0,0,0,0,Backing Unsafely,Tractor Truck Diesel,BROOKLYN,11234.0,2021,7,Thursday,0.0,Low
2021-03-04,16:40,40.6062,-74.01001,BATH AVENUE                     ,0.0,0,0,0,0,0,0,0,Failure to Yield Right-of-Way,Station Wagon/Sport Utility Vehicle,BROOKLYN,11214.0,2021,3,Thursday,0.0,Low
2026-01-26,12:42,40.625267,-74.16521999999999,,0.0,0,0,0,0,0,0,0,Passing Too Closely,Snow Plow,Unknown,,2026,1,Monday,0.0,Low
2021-04-05,15:05,40.854424,-73.86435,,0.0,0,0,0,0,0,0,0,Driver Inattention/Distraction,Station Wagon/Sport Utility Vehicle,BRONX,10462.0,2021,4,Monday,0.0,Low
2021-12-25,03:16,40.68039,-73.94955999999999,FULTON STREET,0.0,0,0,0,0,0,0,0,Alcohol Involvement,Station Wagon/Sport Utility Vehicle,BROOKLYN,11216.0,2021,12,Saturday,0.0,Low
2022-11-07,09:30,40.578959999999995,-73.843704,,0.0,0,0,0,0,0,0,0,Unspecified,Sedan,QUEENS,11694.0,2022,11,Monday,0.0,Low
2023-04-07,12:48,40.696213,-73.97528,BROOKLYN QUEENS EXPRESSWAY,0.0,0,0,0,0,0,2,0,Following Too Closely,Station Wagon/Sport Utility Vehicle,Unknown,,2023,4,Friday,0.0,Low
2022-12-03,00:30,40.759575,-73.77703000000001,CLEARVIEW EXPRESSWAY,0.0,0,0,0,0,0,0,0,Driver Inattention/Distraction,Sedan,Unknown,,2022,12,Saturday,0.0,Low
2022-06-14,21:58,40.785866,-73.950935,EAST 96 STREET,0.0,0,1,0,0,0,0,0,Driver Inattention/Distraction,Station Wagon/Sport Utility Vehicle,MANHATTAN,10128.0,2022,6,Tuesday,0.0,Low
2024-02-03,18:25,40.756187,-73.86162,34 AVENUE,0.0,0,0,0,0,0,0,0,Failure to Yield Right-of-Way,Station Wagon/Sport Utility Vehicle,QUEENS,11368.0,2024,2,Saturday,0.0,Low
2021-02-24,13:07,40.69611,-73.96406,BROOKLYN QUEENS EXPRESSWAY      ,0.0,0,0,0,0,0,1,0,Reaction to Uninvolved Vehicle,Carry All,Unknown,,2021,2,Wednesday,0.0,Low
2022-09-20,11:23,40.72033,-74.00551,BEACH STREET,0.0,0,0,0,0,0,1,0,Driver Inattention/Distraction,Sedan,Unknown,,2022,9,Tuesday,0.0,Low
2023-07-09,08:45,40.789356,-73.97298,,0.0,0,0,0,0,0,0,0,Driver Inattention/Distraction,Sedan,MANHATTAN,10024.0,2023,7,Sunday,0.0,Low
2025-06-30,07:35,40.65294,-73.94226,,0.0,0,0,0,0,0,0,0,Unspecified,Convertible,BROOKLYN,11203.0,2025,6,Monday,0.0,Low
2023-03-02,05:10,40.641506,-74.02111,GOWANUS EXPY (BQE),0.0,0,0,0,0,0,2,0,Driver Inattention/Distraction,Pick-up Truck,Unknown,,2023,3,Thursday,0.0,Low
2022-03-29,19:39,40.680316999999995,-73.996895,COURT STREET,0.0,0,0,0,1,0,0,0,Unspecified,Sedan,BROOKLYN,11231.0,2022,3,Tuesday,0.0,Low
2026-03-16,15:54,40.56878,-74.106606,NEW DORP LN,0.0,0,0,0,0,0,1,0,Driver Inattention/Distraction,Sedan,STATEN ISLAND,10306.0,2026,3,Monday,0.0,Low
2023-03-24,17:50,40.831959999999995,-73.899086,BOSTON ROAD,0.0,0,0,0,0,0,0,0,Unspecified,Sedan,BRONX,10456.0,2023,3,Friday,0.0,Low
2021-03-04,14:00,40.680115,-73.75324,MERRICK BOULEVARD               ,0.0,0,0,0,0,0,1,0,Failure to Yield Right-of-Way,Station Wagon/Sport Utility Vehicle,QUEENS,11413.0,2021,3,Thursday,0.0,Low
2022-02-08,21:45,40.643204,-73.90929,REMSEN AVENUE,0.0,0,0,0,0,0,0,0,Failure to Yield Right-of-Way,E-Bike,BROOKLYN,11236.0,2022,2,Tuesday,0.0,Low
2021-03-20,00:00,40.610096,-73.96138,AVENUE P                        ,0.0,0,0,0,0,0,1,0,Unspecified,Station Wagon/Sport Utility Vehicle,BROOKLYN,11229.0,2021,3,Saturday,0.0,Low
2023-04-29,14:35,40.646846999999994,-73.95013399999999,TILDEN AVENUE,0.0,0,0,0,0,0,0,0,Unspecified,Sedan,BROOKLYN,11226.0,2023,4,Saturday,0.0,Low
2023-09-21,14:01,40.762177,-73.96613,3 AVENUE,0.0,0,0,0,0,0,0,0,Other Vehicular,School Bus,MANHATTAN,10022.0,2023,9,Thursday,0.0,Low
2022-01-06,21:20,40.842503,-73.92797,MAJOR DEEGAN EXPRESSWAY,0.0,0,0,0,0,0,0,0,View Obstructed/Limited,Sedan,Unknown,,2022,1,Thursday,0.0,Low
2022-11-24,04:45,40.666435,-73.83478000000001,BELT PARKWAY,0.0,0,0,0,0,0,1,0,Passing or Lane Usage Improper,Sedan,Unknown,,2022,11,Thursday,0.0,Low
2021-12-07,00:15,40.752403,-73.92442,39 STREET,0.0,0,0,0,1,0,0,0,Unspecified,Bike,QUEENS,11101.0,2021,12,Tuesday,0.0,Low
2022-06-22,21:50,40.73578,-73.746544,SPRINGFIELD BOULEVARD,0.0,0,0,0,0,0,1,0,Driver Inattention/Distraction,Station Wagon/Sport Utility Vehicle,Unknown,,2022,6,Wednesday,0.0,Low
2025-05-11,17:09,40.781315,-73.94613000000001,E 93 ST,0.0,0,0,0,0,0,2,0,Driver Inattention/Distraction,Taxi,MANHATTAN,10128.0,2025,5,Sunday,0.0,Low
2023-09-09,03:22,40.675602000000005,-73.89973,ATLANTIC AVENUE,0.0,0,0,0,0,0,0,0,Passing or Lane Usage Improper,Sedan,Unknown,,2023,9,Saturday,0.0,Low
2024-06-08,07:40,40.66077,-73.91975,KINGS HIGHWAY,0.0,0,0,0,0,0,2,0,Other Vehicular,Sedan,BROOKLYN,11212.0,2024,6,Saturday,0.0,Low
2023-09-01,19:12,40.7686,-73.83573,,0.0,0,0,0,0,0,0,0,Following Too Closely,Sedan,QUEENS,11354.0,2023,9,Friday,0.0,Low
2023-09-06,16:42,40.829407,-73.88546,SHERIDAN BOULEVARD,0.0,0,0,0,0,0,1,0,Following Too Closely,Station Wagon/Sport Utility Vehicle,Unknown,,2023,9,Wednesday,0.0,Low
2025-09-07,23:38,40.760536,-73.90228,BOROUGH PL,0.0,0,0,0,0,0,0,0,Unspecified,Sedan,QUEENS,11377.0,2025,9,Sunday,0.0,Low
2021-05-02,19:00,40.596348,-73.93706999999999,,0.0,0,0,0,0,0,0,0,Unspecified,Sedan,BROOKLYN,11229.0,2021,5,Sunday,0.0,Low
2022-12-15,17:01,40.83846,-73.90175,CLAREMONT PARKWAY,0.0,0,0,0,0,0,0,0,Following Too Closely,Station Wagon/Sport Utility Vehicle,BRONX,10457.0,2022,12,Thursday,0.0,Low
2024-09-06,16:23,40.793279999999996,-73.80154399999999,160 STREET,0.0,0,0,0,0,0,2,0,Other Vehicular,Station Wagon/Sport Utility Vehicle,QUEENS,11357.0,2024,9,Friday,0.0,Low
2025-04-06,22:45,40.76226,-73.75698,CROSS ISLAND PKWY,0.0,0,0,0,0,0,0,0,Driver Inexperience,Sedan,QUEENS,11363.0,2025,4,Sunday,0.0,Low
2021-09-02,09:35,40.887603999999996,-73.916855,DOUGLAS AVENUE                  ,0.0,0,0,0,0,0,0,0,Unspecified,PK,Unknown,,2021,9,Thursday,0.0,Low
2022-08-22,17:40,40.746033000000004,-73.93441,SKILLMAN AVENUE,0.0,0,0,0,0,0,0,0,Driver Inattention/Distraction,Sedan,QUEENS,11101.0,2022,8,Monday,0.0,Low
2025-09-25,00:03,40.74091,-73.72665400000001,CROSS ISLAND PARKWAY,0.0,0,0,0,0,0,3,0,Unspecified,Station Wagon/Sport Utility Vehicle,Unknown,,2025,9,Thursday,0.0,Low
2023-12-22,00:42,40.759933000000004,-73.99898,,0.0,0,0,0,0,0,0,0,Following Too Closely,Flat Bed,MANHATTAN,10018.0,2023,12,Friday,0.0,Low
2023-11-29,10:55,40.761165999999996,-73.82938,138 STREET,0.0,0,1,0,0,0,0,0,Failure to Yield Right-of-Way,Sedan,QUEENS,11354.0,2023,11,Wednesday,0.0,Low
2021-06-05,21:40,40.697165999999996,-73.893364,COOPER AVENUE,0.0,0,1,0,0,0,0,0,Failure to Yield Right-of-Way,Sedan,Unknown,,2021,6,Saturday,0.0,Low
2022-06-24,21:16,40.64367,-74.015495,4 AVENUE,0.0,0,1,0,0,0,0,0,View Obstructed/Limited,Pick-up Truck,BROOKLYN,11220.0,2022,6,Friday,0.0,Low
2023-12-12,19:28,40.7568,-73.873665,JUNCTION BOULEVARD,0.0,0,1,0,0,0,0,0,Driver Inattention/Distraction,E-Bike,QUEENS,11372.0,2023,12,Tuesday,0.0,Low
2023-10-28,14:21,40.74709,-73.71185,UNION TURNPIKE,0.0,0,0,0,0,0,0,0,Unspecified,Station Wagon/Sport Utility Vehicle,QUEENS,11004.0,2023,10,Saturday,0.0,Low
2024-06-17,22:10,40.702595,-73.8553,WOODHAVEN BOULEVARD,0.0,0,0,0,0,0,0,0,Turning Improperly,Station Wagon/Sport Utility Vehicle,QUEENS,11385.0,2024,6,Monday,0.0,Low
2021-01-07,17:05,40.748425,-73.868774,,0.0,0,0,0,0,0,0,0,Passing or Lane Usage Improper,Sedan,QUEENS,11368.0,2021,1,Thursday,0.0,Low
2025-09-22,08:00,40.84434,-73.89204000000001,FAIRMOUNT PL,0.0,0,0,0,0,0,0,0,Driver Inexperience,Station Wagon/Sport Utility Vehicle,BRONX,10457.0,2025,9,Monday,0.0,Low
2022-01-26,13:05,40.862602,-73.92028,WEST 204 STREET,0.0,0,0,0,0,0,0,0,Driver Inattention/Distraction,Sedan,Unknown,,2022,1,Wednesday,0.0,Low
2022-06-16,06:14,40.650494,-73.89799000000001,EAST 105 STREET,0.0,0,0,0,0,0,0,0,Driver Inattention/Distraction,Station Wagon/Sport Utility Vehicle,BROOKLYN,11236.0,2022,6,Thursday,0.0,Low
2025-12-23,22:25,40.671513,-73.76454,140 AVE,0.0,0,0,0,0,0,0,0,Alcohol Involvement,Station Wagon/Sport Utility Vehicle,Unknown,,2025,12,Tuesday,0.0,Low
2025-12-12,11:45,40.71412,-73.83152,JACKIE ROBINSON PKWY,0.0,0,0,0,0,0,0,0,Unspecified,Taxi,Unknown,,2025,12,Friday,0.0,Low
2022-09-30,14:30,40.65055,-73.9351,,0.0,0,0,0,0,0,0,0,Unspecified,Station Wagon/Sport Utility Vehicle,BROOKLYN,11203.0,2022,9,Friday,0.0,Low
2023-11-19,15:00,40.636627000000004,-73.94226,FARRAGUT ROAD,0.0,0,0,0,0,0,0,0,Unspecified,Station Wagon/Sport Utility Vehicle,BROOKLYN,11210.0,2023,11,Sunday,0.0,Low
2023-09-21,17:32,40.71506,-74.006714,,0.0,0,0,0,1,0,0,0,Unspecified,Sedan,MANHATTAN,10007.0,2023,9,Thursday,0.0,Low
2024-12-23,21:52,40.807021999999996,-73.944084,,0.0,0,1,0,0,0,0,0,Outside Car Distraction,Sedan,MANHATTAN,10027.0,2024,12,Monday,0.0,Low
2022-03-03,07:43,40.794807,-73.94440999999999,EAST 110 STREET,0.0,0,0,0,0,0,0,0,Unsafe Lane Changing,Sedan,MANHATTAN,10029.0,2022,3,Thursday,0.0,Low
2023-10-22,14:40,40.84211,-73.82557,BRUCKNER EXPRESSWAY,0.0,0,0,0,0,0,2,0,Driver Inattention/Distraction,Sedan,Unknown,,2023,10,Sunday,0.0,Low
2022-03-10,07:27,40.835373,-73.8484,,0.0,0,0,0,1,0,0,0,Following Too Closely,Station Wagon/Sport Utility Vehicle,BRONX,10462.0,2022,3,Thursday,0.0,Low
2023-06-08,16:30,40.828518,-73.84119,BRUCKNER BOULEVARD,0.0,0,0,0,0,0,1,0,Following Too Closely,Sedan,BRONX,10465.0,2023,6,Thursday,0.0,Low
2022-07-01,07:10,40.802085999999996,-73.93701,,0.0,0,0,0,0,0,0,0,Driver Inexperience,Station Wagon/Sport Utility Vehicle,MANHATTAN,10035.0,2022,7,Friday,0.0,Low
2023-06-29,07:35,40.712579999999996,-73.87931,,0.0,0,0,0,0,0,0,0,Outside Car Distraction,Station Wagon/Sport Utility Vehicle,QUEENS,11379.0,2023,6,Thursday,0.0,Low
2022-03-16,16:20,40.740654,-73.868835,,0.0,0,1,0,0,0,1,0,Unspecified,Station Wagon/Sport Utility Vehicle,QUEENS,11373.0,2022,3,Wednesday,0.0,Low
2026-05-02,22:40,40.74623,-73.890366,BROADWAY,0.0,0,0,0,0,0,0,0,Unspecified,Station Wagon/Sport Utility Vehicle,QUEENS,11373.0,2026,5,Saturday,0.0,Low
2023-03-20,23:30,40.832012,-73.85046,,0.0,0,0,0,0,0,0,0,Driver Inattention/Distraction,Sedan,BRONX,10462.0,2023,3,Monday,0.0,Low
2026-03-13,15:30,40.762609999999995,-73.77144,42 AVENUE,0.0,0,0,0,0,0,0,0,Unspecified,Sedan,Unknown,,2026,3,Friday,0.0,Low
2023-08-08,13:22,40.668797,-73.93113000000001,EASTERN PARKWAY,0.0,0,0,0,0,0,0,0,Unspecified,Pick-up Truck,BROOKLYN,11213.0,2023,8,Tuesday,0.0,Low
2024-05-06,22:25,40.842464,-73.92414000000001,WEST 171 STREET,0.0,0,0,0,0,0,1,0,Unsafe Speed,Sedan,BRONX,10452.0,2024,5,Monday,0.0,Low
2023-09-11,22:48,40.60545,-73.89856,BELT PARKWAY,0.0,0,0,0,0,0,2,0,Passing or Lane Usage Improper,Station Wagon/Sport Utility Vehicle,Unknown,,2023,9,Monday,0.0,Low
2024-04-14,15:59,40.762344,-73.984276,,0.0,0,0,0,0,0,0,0,Other Vehicular,Taxi,MANHATTAN,10019.0,2024,4,Sunday,0.0,Low
2024-11-14,18:20,40.7501,-73.97494,3 AVE,0.0,0,0,0,0,0,0,0,Unspecified,Box Truck,MANHATTAN,10017.0,2024,11,Thursday,0.0,Low
2025-04-13,02:30,40.65698,-73.88942,PENNSYLVANIA AVE,0.0,0,0,0,0,0,4,0,Unsafe Speed,Station Wagon/Sport Utility Vehicle,BROOKLYN,11207.0,2025,4,Sunday,0.0,Low
2025-03-25,20:52,40.674659999999996,-73.97026,GRAND ARMY PLZ,0.0,0,0,0,0,0,3,0,Passing or Lane Usage Improper,Sedan,Unknown,,2025,3,Tuesday,0.0,Low
2023-07-29,04:30,40.8464,-73.89338000000001,EAST TREMONT AVENUE,0.0,0,0,0,0,0,3,0,Driver Inattention/Distraction,Sedan,Unknown,,2023,7,Saturday,0.0,Low
2025-04-25,11:15,40.70219,-73.92834,JEFFERSON ST,0.0,0,1,0,0,0,0,0,Driver Inattention/Distraction,Bike,BROOKLYN,11206.0,2025,4,Friday,0.0,Low
2022-10-16,23:25,40.5119,-74.24963000000001,,0.0,0,0,0,0,0,0,0,Other Vehicular,Sedan,STATEN ISLAND,10307.0,2022,10,Sunday,0.0,Low
2021-12-13,14:40,0.0,0.0,OLD TOWN ROAD,0.0,0,0,0,0,0,0,0,Driver Inattention/Distraction,Station Wagon/Sport Utility Vehicle,Unknown,,2021,12,Monday,0.0,Low
2024-03-16,14:16,40.739193,-73.90128,BROOKLYN QUEENS EXPRESSWAY,0.0,0,0,0,0,0,2,0,Unsafe Speed,Sedan,Unknown,,2024,3,Saturday,0.0,Low
2023-12-25,14:49,40.748847999999995,-73.872375,94 STREET,0.0,0,0,0,1,0,0,0,Backing Unsafely,Bike,Unknown,,2023,12,Monday,0.0,Low
2025-12-18,01:20,40.63799,-74.14695999999999,,0.0,0,0,0,0,0,0,0,Driver Inattention/Distraction,Van,Unknown,,2025,12,Thursday,0.0,Low
2021-05-16,16:50,40.67752,-73.91082,ROCKAWAY AVENUE,0.0,0,0,0,0,0,3,0,Failure to Yield Right-of-Way,Ambulance,BROOKLYN,11233.0,2021,5,Sunday,0.0,Low
2025-05-04,16:10,40.82803,-73.93484000000001,W 155 ST,0.0,0,0,0,0,0,0,0,Unspecified,Sedan,MANHATTAN,10039.0,2025,5,Sunday,0.0,Low
2023-04-29,03:30,40.62258,-74.005066,13 AVENUE,0.0,0,0,0,0,0,0,0,Driver Inattention/Distraction,Pick-up Truck,BROOKLYN,11228.0,2023,4,Saturday,0.0,Low
2021-05-01,13:28,40.59655,-73.95211,,0.0,0,0,0,0,0,0,0,Unspecified,Sedan,BROOKLYN,11229.0,2021,5,Saturday,0.0,Low
2021-06-17,11:29,0.0,0.0,LEE AVENUE,0.0,0,1,0,0,0,0,0,Failure to Yield Right-of-Way,Sedan,BROOKLYN,11206.0,2021,6,Thursday,0.0,Low
2026-04-02,21:55,40.778605999999996,-73.98161999999999,W 72 ST,0.0,0,0,0,0,0,0,0,Failure to Yield Right-of-Way,Sedan,Unknown,,2026,4,Thursday,0.0,Low
2022-12-05,01:50,40.840709999999994,-73.93564599999999,,0.0,0,0,0,0,0,0,0,Unspecified,Station Wagon/Sport Utility Vehicle,MANHATTAN,10032.0,2022,12,Monday,0.0,Low
2021-09-21,20:35,40.70942,-73.86966,,0.0,0,0,0,0,0,1,0,Unspecified,Motorcycle,QUEENS,11385.0,2021,9,Tuesday,0.0,Low
2022-09-21,06:55,40.723454,-73.86959,,0.0,0,0,0,0,0,0,0,Unspecified,Station Wagon/Sport Utility Vehicle,QUEENS,11379.0,2022,9,Wednesday,0.0,Low
2021-05-24,09:00,40.66366,-73.90146,JUNIUS STREET,0.0,0,0,0,0,0,0,0,Unspecified,Station Wagon/Sport Utility Vehicle,BROOKLYN,11212.0,2021,5,Monday,0.0,Low
2022-12-31,20:35,40.82998,-73.91399399999999,EAST 166 STREET,0.0,0,1,0,0,0,0,0,Failure to Yield Right-of-Way,Sedan,Unknown,,2022,12,Saturday,0.0,Low
2022-12-17,22:33,40.831565999999995,-73.942986,AMSTERDAM AVENUE,0.0,0,0,0,0,0,0,0,Unspecified,Sedan,Unknown,,2022,12,Saturday,0.0,Low
2023-07-29,23:00,40.88452,-73.87762,BAINBRIDGE AVENUE,0.0,0,0,0,1,0,0,0,Driver Inattention/Distraction,E-Bike,BRONX,10467.0,2023,7,Saturday,0.0,Low
2022-09-01,23:30,40.757923,-73.85842,,0.0,0,0,0,0,0,0,0,Following Too Closely,Station Wagon/Sport Utility Vehicle,QUEENS,11368.0,2022,9,Thursday,0.0,Low
2025-07-28,18:35,40.692356,-73.91105999999999,WILSON AVE,0.0,0,0,0,1,0,0,0,Failure to Yield Right-of-Way,Station Wagon/Sport Utility Vehicle,BROOKLYN,11221.0,2025,7,Monday,0.0,Low
2023-06-22,10:00,40.702385,-73.83379000000001,,0.0,0,0,0,0,0,0,0,Unspecified,Station Wagon/Sport Utility Vehicle,QUEENS,11418.0,2023,6,Thursday,0.0,Low
2024-02-24,00:00,40.708870000000005,-73.81871,QUEENS BOULEVARD,0.0,0,0,0,0,0,0,0,Driver Inattention/Distraction,Station Wagon/Sport Utility Vehicle,QUEENS,11435.0,2024,2,Saturday,0.0,Low
2023-10-16,17:35,40.691193,-73.99776999999999,HICKS STREET,0.0,0,0,0,0,0,1,0,Traffic Control Disregarded,Station Wagon/Sport Utility Vehicle,BROOKLYN,11201.0,2023,10,Monday,0.0,Low
2022-05-16,11:39,40.807213,-73.92841,,0.0,0,0,0,0,0,0,0,Unsafe Lane Changing,Station Wagon/Sport Utility Vehicle,BRONX,10454.0,2022,5,Monday,0.0,Low
2025-06-06,22:26,40.77219,-73.763855,CROSS ISLAND PARKWAY,0.0,0,0,0,0,0,1,0,Unspecified,Sedan,Unknown,,2025,6,Friday,0.0,Low
2021-02-15,21:13,40.82193,-73.88844,BRUCKNER BOULEVARD              ,0.0,0,0,0,0,0,0,0,Unspecified,Station Wagon/Sport Utility Vehicle,BRONX,10459.0,2021,2,Monday,0.0,Low
2021-06-17,17:30,40.703070000000004,-73.87864,72 STREET,0.0,0,0,0,0,0,3,0,Traffic Control Disregarded,Station Wagon/Sport Utility Vehicle,QUEENS,11385.0,2021,6,Thursday,0.0,Low
2021-06-27,09:10,40.85651,-73.897316,TIEBOUT AVENUE,0.0,0,0,0,0,0,0,0,Alcohol Involvement,Station Wagon/Sport Utility Vehicle,BRONX,10457.0,2021,6,Sunday,0.0,Low
2025-05-13,20:27,40.65531,-73.903175,LINDEN BLVD,0.0,0,0,0,0,0,4,0,Unsafe Lane Changing,Taxi,BROOKLYN,11212.0,2025,5,Tuesday,0.0,Low
2022-09-19,08:00,40.82512,-73.88218,,0.0,0,0,0,0,0,0,0,Unspecified,Sedan,BRONX,10472.0,2022,9,Monday,0.0,Low
2022-11-10,11:03,40.6082,-73.920715,FLATBUSH AVENUE,0.0,0,0,0,0,0,1,0,Driver Inexperience,Sedan,Unknown,,2022,11,Thursday,0.0,Low
2024-08-04,14:16,40.601402,-73.95399,EAST 18 STREET,0.0,0,0,0,0,0,1,0,Unspecified,Station Wagon/Sport Utility Vehicle,BROOKLYN,11229.0,2024,8,Sunday,0.0,Low
2022-06-11,02:26,40.743107,-73.82499,60 AVENUE,0.0,0,0,0,0,0,0,0,Backing Unsafely,Sedan,QUEENS,11355.0,2022,6,Saturday,0.0,Low
2024-12-21,00:09,40.722576000000004,-73.94049,BROOKLYN QUEENS EXPRESSWAY,0.0,0,0,0,0,0,1,0,Pavement Slippery,Sedan,Unknown,,2024,12,Saturday,0.0,Low
2025-05-28,21:00,40.768627,-73.91798399999999,,0.0,0,0,0,0,0,1,0,Driver Inattention/Distraction,Station Wagon/Sport Utility Vehicle,QUEENS,11102.0,2025,5,Wednesday,0.0,Low
2023-07-04,04:45,40.719856,-73.91049,GRAND AVENUE,0.0,0,0,0,0,0,0,0,Driver Inattention/Distraction,Sedan,QUEENS,11378.0,2023,7,Tuesday,0.0,Low
2024-02-16,21:07,40.738440000000004,-73.74306999999999,CLOVERDALE BOULEVARD,0.0,0,0,0,0,0,0,0,Driver Inexperience,Station Wagon/Sport Utility Vehicle,QUEENS,11364.0,2024,2,Friday,0.0,Low
2022-02-24,08:05,40.693146,-73.99509,JORALEMON STREET,0.0,0,0,0,0,0,0,0,Passing or Lane Usage Improper,Sedan,Unknown,,2022,2,Thursday,0.0,Low
2024-03-22,16:50,40.71976,-73.94476,BROOKLYN QUEENS EXPRESSWAY,0.0,0,0,0,0,0,1,0,Following Too Closely,Sedan,Unknown,,2024,3,Friday,0.0,Low
2022-09-04,08:30,40.855785,-73.90558,JEROME AVENUE,0.0,0,0,0,0,0,0,0,Unspecified,Box Truck,BRONX,10453.0,2022,9,Sunday,0.0,Low
2025-05-17,12:53,40.656643,-73.981995,PROSPECT EXPRESSWAY EAST,0.0,0,0,0,0,0,2,0,Unspecified,Station Wagon/Sport Utility Vehicle,Unknown,,2025,5,Saturday,0.0,Low
2021-09-13,02:30,40.765755,-73.924515,,0.0,0,0,0,0,0,0,0,Alcohol Involvement,Sedan,QUEENS,11102.0,2021,9,Monday,0.0,Low
2024-06-02,04:30,40.878212,-73.84115,BRUNER AVENUE,0.0,0,0,0,0,0,1,0,Failure to Yield Right-of-Way,Sedan,Unknown,,2024,6,Sunday,0.0,Low
2021-12-01,07:34,40.816204,-73.91423,WESTCHESTER AVENUE              ,0.0,0,0,0,0,0,0,0,Fell Asleep,3-Door,BRONX,10455.0,2021,12,Wednesday,0.0,Low
2025-08-22,16:50,40.801140000000004,-73.93769,3 AVE,0.0,0,0,0,1,0,0,0,Driver Inattention/Distraction,Sedan,MANHATTAN,10035.0,2025,8,Friday,0.0,Low
2024-03-13,07:30,40.737595,-73.89414000000001,49 AVENUE,0.0,0,0,0,0,0,0,0,Driver Inattention/Distraction,Pick-up Truck,QUEENS,11377.0,2024,3,Wednesday,0.0,Low
2026-01-27,13:24,40.739193,-73.90128,BROOKLYN QUEENS EXPRESSWAY,0.0,0,0,0,0,0,1,0,Driver Inattention/Distraction,Sedan,Unknown,,2026,1,Tuesday,0.0,Low
2024-04-04,15:00,40.671684,-73.75647,SPRINGFIELD BOULEVARD,0.0,0,0,0,0,0,0,0,Oversized Vehicle,Sedan,QUEENS,11413.0,2024,4,Thursday,0.0,Low
2025-11-27,15:00,40.647995,-73.95277,ALBEMARLE RD,0.0,0,0,0,0,0,0,0,Driver Inattention/Distraction,Sedan,BROOKLYN,11226.0,2025,11,Thursday,0.0,Low
2022-10-09,04:30,40.88351,-73.83004,,0.0,0,0,0,0,0,0,0,Aggressive Driving/Road Rage,DUMP TRUCK,BRONX,10475.0,2022,10,Sunday,0.0,Low
2025-04-17,14:25,40.86804,-73.8791,MOSHOLU PKWY,0.0,0,0,0,0,0,1,0,Following Too Closely,Sedan,Unknown,,2025,4,Thursday,0.0,Low
2022-07-04,20:37,40.5442,-74.22293,WEST SHORE EXPRESSWAY,0.0,0,0,0,0,0,0,0,Unspecified,Sedan,Unknown,,2022,7,Monday,0.0,Low
2023-10-13,12:54,40.783896999999996,-73.97407,COLUMBUS AVENUE,0.0,0,0,0,0,0,0,0,Turning Improperly,Station Wagon/Sport Utility Vehicle,MANHATTAN,10024.0,2023,10,Friday,0.0,Low
2024-11-08,23:05,40.8156,-73.9343,HARLEM RIVER DRIVE,0.0,0,0,0,0,0,1,0,Unspecified,Sedan,Unknown,,2024,11,Friday,0.0,Low
2025-05-25,13:35,0.0,0.0,,0.0,0,0,0,0,0,0,0,Unspecified,Box Truck,BROOKLYN,11208.0,2025,5,Sunday,0.0,Low
2024-11-04,09:48,40.71204,-73.983696,,0.0,0,0,0,0,0,0,0,Unspecified,Pick-up Truck,MANHATTAN,10002.0,2024,11,Monday,0.0,Low
2022-10-29,03:47,40.556534,-74.12813,HYLAN BOULEVARD,0.0,0,0,0,0,0,0,0,Unspecified,Unknown,Unknown,,2022,10,Saturday,0.0,Low
2021-11-19,11:00,40.72806,-73.947266,,0.0,0,0,0,0,0,0,0,Following Too Closely,Sedan,BROOKLYN,11222.0,2021,11,Friday,0.0,Low
2023-09-05,15:32,40.818012,-73.92519,EAST 149 STREET,0.0,0,0,0,0,0,2,0,Traffic Control Disregarded,Ambulance,BRONX,10451.0,2023,9,Tuesday,0.0,Low
2025-03-13,10:22,40.682507,-73.94374,TOMPKINS AVE,0.0,0,0,0,1,0,0,0,Failure to Yield Right-of-Way,Station Wagon/Sport Utility Vehicle,BROOKLYN,11216.0,2025,3,Thursday,0.0,Low
2024-03-22,19:56,40.716244,-73.8419,ASCAN AVENUE,0.0,0,0,0,0,0,1,0,Driver Inattention/Distraction,Sedan,Unknown,,2024,3,Friday,0.0,Low
2021-06-02,14:30,40.662663,-73.99894,GOWANUS EXPY (BQE)              ,0.0,0,0,0,0,0,1,0,Unspecified,Sedan,Unknown,,2021,6,Wednesday,0.0,Low
2026-11-01,00:00,40.833607,-73.8587,,0.0,0,0,0,0,0,2,0,Unspecified,Sedan,BRONX,10462.0,2026,11,Sunday,0.0,Low
2025-12-11,01:07,40.661594,-73.77871999999999,NASSAU EXPY,0.0,0,0,0,0,0,1,0,Traffic Control Device Improper/Non-Working,Box Truck,QUEENS,11430.0,2025,12,Thursday,0.0,Low
2025-08-25,02:08,40.867214000000004,-73.8675,,0.0,0,0,0,0,0,0,0,Turning Improperly,Sedan,BRONX,10467.0,2025,8,Monday,0.0,Low
2023-02-14,15:00,40.822272999999996,-73.906204,,0.0,0,0,0,0,0,0,0,Unspecified,Station Wagon/Sport Utility Vehicle,BRONX,10456.0,2023,2,Tuesday,0.0,Low
2023-06-24,16:30,40.654759999999996,-74.00724,,0.0,0,0,0,0,0,0,0,Unspecified,Sedan,BROOKLYN,11232.0,2023,6,Saturday,0.0,Low
2022-10-20,06:35,40.862087,-73.91331,WEST FORDHAM ROAD,0.0,0,0,0,0,0,0,0,Driver Inattention/Distraction,TOW TRUCK,Unknown,,2022,10,Thursday,0.0,Low
2022-05-18,17:00,40.718815,-73.94463,,0.0,0,0,0,0,0,0,0,Passing Too Closely,Convertible,BROOKLYN,11222.0,2022,5,Wednesday,0.0,Low
2021-01-10,07:10,40.704483,-73.81419,,0.0,0,0,0,0,0,0,0,Failure to Yield Right-of-Way,Station Wagon/Sport Utility Vehicle,QUEENS,11435.0,2021,1,Sunday,0.0,Low
2022-07-03,23:40,40.701756,-73.99275,HICKS STREET,0.0,0,0,0,0,0,0,0,Driver Inattention/Distraction,Sedan,BROOKLYN,11201.0,2022,7,Sunday,0.0,Low
2022-09-19,22:40,40.793606,-73.94951999999999,EAST 106 STREET,0.0,0,0,0,0,0,0,0,Passing or Lane Usage Improper,Station Wagon/Sport Utility Vehicle,MANHATTAN,10029.0,2022,9,Monday,0.0,Low
2024-01-03,09:20,40.637768,-73.95868,OCEAN AVENUE,0.0,0,0,0,0,0,0,0,Unspecified,Station Wagon/Sport Utility Vehicle,BROOKLYN,11226.0,2024,1,Wednesday,0.0,Low
2021-07-05,17:49,40.748802000000005,-73.89338000000001,,0.0,0,0,0,0,0,0,0,Passing or Lane Usage Improper,Station Wagon/Sport Utility Vehicle,QUEENS,11372.0,2021,7,Monday,0.0,Low
2022-09-24,14:15,40.86261,-73.82679,HUTCHINSON RIVER PARKWAY,0.0,0,0,0,0,0,1,0,Reaction to Uninvolved Vehicle,Motorcycle,Unknown,,2022,9,Saturday,0.0,Low
2023-04-23,14:19,40.724556,-73.84688,69 AVENUE,0.0,0,0,0,0,0,1,0,Driver Inattention/Distraction,Sedan,QUEENS,11375.0,2023,4,Sunday,0.0,Low
2024-02-26,13:15,40.703342,-73.80020999999999,JAMAICA AVENUE,0.0,0,1,0,0,0,0,0,Unspecified,Station Wagon/Sport Utility Vehicle,QUEENS,11432.0,2024,2,Monday,0.0,Low
2022-12-15,11:39,40.88263,-73.839516,BAYCHESTER AVENUE,0.0,0,0,0,0,0,1,0,Passing or Lane Usage Improper,Box Truck,BRONX,10466.0,2022,12,Thursday,0.0,Low
2024-02-20,17:40,40.860996,-73.89643000000001,EAST 188 STREET,0.0,0,0,0,0,0,0,0,Driver Inattention/Distraction,Sedan,Unknown,,2024,2,Tuesday,0.0,Low
2025-02-20,10:27,40.690357,-73.98974,BOERUM PL,0.0,0,1,0,0,0,0,0,Failure to Yield Right-of-Way,Station Wagon/Sport Utility Vehicle,BROOKLYN,11201.0,2025,2,Thursday,0.0,Low
2023-06-29,16:15,40.850037,-73.78766999999999,,0.0,0,0,0,0,0,0,0,Driver Inattention/Distraction,Sedan,BRONX,10464.0,2023,6,Thursday,0.0,Low
2022-09-05,19:19,40.76447,-73.79113000000001,191 STREET,0.0,0,0,0,0,0,0,0,Driver Inattention/Distraction,Convertible,Unknown,,2022,9,Monday,0.0,Low
2023-12-29,04:55,40.752663,-73.87633000000001,35 AVENUE,0.0,0,0,0,0,0,0,0,Fatigued/Drowsy,Sedan,QUEENS,11372.0,2023,12,Friday,0.0,Low
2021-06-23,08:30,40.673588,-73.73351,BROOKVILLE BOULEVARD,0.0,0,0,0,0,0,1,0,Failure to Yield Right-of-Way,Station Wagon/Sport Utility Vehicle,Unknown,,2021,6,Wednesday,0.0,Low
2024-06-28,09:20,40.69635,-73.94071,MYRTLE AVENUE,0.0,0,0,0,0,0,2,0,Failure to Yield Right-of-Way,Convertible,Unknown,,2024,6,Friday,0.0,Low
2024-05-03,20:30,40.654625,-73.94227,LENOX ROAD,0.0,0,0,0,0,0,0,0,Other Vehicular,Sedan,BROOKLYN,11203.0,2024,5,Friday,0.0,Low
2021-09-28,01:10,40.60228,-74.140366,,0.0,0,0,0,0,0,0,0,Driver Inattention/Distraction,Sedan,Unknown,,2021,9,Tuesday,0.0,Low
2024-07-28,04:10,40.750842999999996,-73.978615,PARK AVENUE,0.0,0,0,0,0,0,1,0,Driver Inattention/Distraction,Sedan,MANHATTAN,10016.0,2024,7,Sunday,0.0,Low
2025-12-28,20:30,40.62556,-73.929276,,0.0,0,0,0,0,0,1,0,Passing Too Closely,Station Wagon/Sport Utility Vehicle,BROOKLYN,11234.0,2025,12,Sunday,0.0,Low
2022-11-02,13:06,40.862495,-73.9342,HENRY HUDSON PARKWAY,0.0,0,0,0,0,0,0,0,Reaction to Uninvolved Vehicle,Sedan,Unknown,,2022,11,Wednesday,0.0,Low
2021-01-23,04:00,40.617928000000006,-73.92779499999999,,0.0,0,0,0,0,0,0,0,Alcohol Involvement,Station Wagon/Sport Utility Vehicle,BROOKLYN,11234.0,2021,1,Saturday,0.0,Low
2023-05-08,10:41,40.70485,-73.90562,WOODWARD AVENUE,0.0,0,0,0,0,0,0,0,Unspecified,Station Wagon/Sport Utility Vehicle,QUEENS,11385.0,2023,5,Monday,0.0,Low
2025-08-16,01:30,40.708023,-73.80313000000001,,0.0,0,0,0,0,0,2,0,Driver Inattention/Distraction,Sedan,QUEENS,11432.0,2025,8,Saturday,0.0,Low
2023-10-21,06:25,40.771305,-73.87664000000001,GRAND CENTRAL PKWY,0.0,0,0,0,0,0,1,0,Driver Inattention/Distraction,Sedan,Unknown,,2023,10,Saturday,0.0,Low
2024-01-02,22:29,40.632313,-73.93703000000001,AVENUE H,0.0,0,0,0,0,0,1,0,Driver Inattention/Distraction,Station Wagon/Sport Utility Vehicle,BROOKLYN,11210.0,2024,1,Tuesday,0.0,Low
2025-10-10,07:32,40.682034,-74.004295,,0.0,0,0,0,0,0,0,0,Failure to Yield Right-of-Way,Bus,BROOKLYN,11231.0,2025,10,Friday,0.0,Low
2025-09-22,14:55,40.73656,-74.00109,7 AVE S,0.0,0,0,0,0,0,0,0,Driver Inattention/Distraction,Station Wagon/Sport Utility Vehicle,MANHATTAN,10011.0,2025,9,Monday,0.0,Low
2023-08-30,11:00,40.8485,-73.82049599999999,MIDDLETOWN ROAD,0.0,0,0,0,0,0,0,0,Unspecified,Pick-up Truck,BRONX,10465.0,2023,8,Wednesday,0.0,Low
2021-11-23,19:45,40.718666,-73.9635,KENT AVENUE,0.0,0,0,0,0,0,0,0,View Obstructed/Limited,Sedan,BROOKLYN,11249.0,2021,11,Tuesday,0.0,Low
2023-12-03,17:45,40.607605,-74.16246,,0.0,0,0,0,0,0,0,0,Backing Unsafely,Station Wagon/Sport Utility Vehicle,Unknown,,2023,12,Sunday,0.0,Low
2022-10-07,15:08,40.732754,-73.99004000000001,4 AVENUE,0.0,0,0,0,1,0,0,0,Traffic Control Disregarded,Bike,MANHATTAN,10003.0,2022,10,Friday,0.0,Low
2022-09-12,08:15,40.676520000000004,-73.73711,133 AVENUE,0.0,0,0,0,0,0,2,0,Traffic Control Disregarded,Sedan,QUEENS,11413.0,2022,9,Monday,0.0,Low
2021-09-19,15:04,40.688697999999995,-73.94208499999999,LEXINGTON AVENUE,0.0,0,0,0,1,0,0,0,Pedestrian/Bicyclist/Other Pedestrian Error/Confusion,Station Wagon/Sport Utility Vehicle,BROOKLYN,11221.0,2021,9,Sunday,0.0,Low
2026-11-01,16:38,40.689137,-73.99070999999999,ATLANTIC AVE,0.0,0,0,0,0,0,0,0,Turning Improperly,Sedan,BROOKLYN,11201.0,2026,11,Sunday,0.0,Low
2021-11-01,17:25,40.79485,-73.96236400000001,CENTRAL PARK WEST               ,0.0,0,0,0,0,0,1,0,Driver Inattention/Distraction,Station Wagon/Sport Utility Vehicle,Unknown,,2021,11,Monday,0.0,Low
2022-01-10,15:15,40.912167,-73.9015,,0.0,0,0,0,0,0,0,0,Driver Inattention/Distraction,Sedan,BRONX,10471.0,2022,1,Monday,0.0,Low
2026-02-26,00:54,40.83657,-73.877495,CROSS BRONX EXPY,0.0,0,0,0,0,0,2,0,Unsafe Speed,Sedan,Unknown,,2026,2,Thursday,0.0,Low
2022-11-01,08:35,40.835724,-73.90579,EAST 170 STREET,0.0,0,0,0,0,0,0,0,Aggressive Driving/Road Rage,Sedan,Unknown,,2022,11,Tuesday,0.0,Low
2021-03-07,01:10,40.640353999999995,-74.13157,PORT RICHMOND AVENUE,0.0,0,0,0,0,0,0,0,Driver Inattention/Distraction,Sedan,Unknown,,2021,3,Sunday,0.0,Low
2021-03-11,08:50,40.863690000000005,-73.91707,9 AVENUE,0.0,0,1,0,0,0,0,0,Driver Inattention/Distraction,Station Wagon/Sport Utility Vehicle,Unknown,,2021,3,Thursday,0.0,Low
2021-05-17,17:29,40.86275,-73.90430500000001,,0.0,0,0,0,0,0,1,0,Driver Inattention/Distraction,Station Wagon/Sport Utility Vehicle,BRONX,10468.0,2021,5,Monday,0.0,Low
2025-05-31,01:56,40.711220000000004,-73.728264,CROSS ISLAND PKWY,0.0,0,0,0,0,0,0,0,Unspecified,Sedan,Unknown,,2025,5,Saturday,0.0,Low
2023-01-08,16:52,40.777004,-73.96374,EAST 79 STREET,0.0,0,0,0,0,0,1,0,Driver Inattention/Distraction,Station Wagon/Sport Utility Vehicle,Unknown,,2023,1,Sunday,0.0,Low
2021-04-08,23:55,40.780464,-73.94404,FDR DRIVE,0.0,0,0,0,0,0,0,0,Driver Inattention/Distraction,Tractor Truck Gasoline,Unknown,,2021,4,Thursday,0.0,Low
2021-01-31,17:00,40.708355,-73.96099,SOUTH 9 STREET                  ,0.0,0,0,0,0,0,0,0,Driver Inattention/Distraction,Sedan,BROOKLYN,11211.0,2021,1,Sunday,0.0,Low
2024-11-15,14:00,40.822914000000004,-73.84579000000001,HAVEMEYER AVE,0.0,0,0,0,0,0,0,0,Following Too Closely,Station Wagon/Sport Utility Vehicle,BRONX,10473.0,2024,11,Friday,0.0,Low
2024-06-19,22:30,40.694122,-73.79213,,0.0,0,0,0,0,0,0,0,Driver Inattention/Distraction,Station Wagon/Sport Utility Vehicle,QUEENS,11433.0,2024,6,Wednesday,0.0,Low
2025-09-28,23:54,40.822945000000004,-73.86818000000001,STORY AVE,0.0,0,0,0,0,0,0,0,Other Vehicular,Sedan,BRONX,10473.0,2025,9,Sunday,0.0,Low
2021-08-03,15:30,40.709198,-73.99609,SOUTH STREET                    ,0.0,0,0,0,0,0,0,0,Unspecified,Sedan,Unknown,,2021,8,Tuesday,0.0,Low
2025-12-31,22:00,40.632754999999996,-73.92983000000001,KINGS HWY,0.0,0,0,0,0,0,1,0,Failure to Yield Right-of-Way,Station Wagon/Sport Utility Vehicle,BROOKLYN,11234.0,2025,12,Wednesday,0.0,Low
2022-11-04,08:55,40.615992999999996,-73.99717,73 STREET,0.0,0,0,0,1,0,0,0,Driver Inattention/Distraction,Station Wagon/Sport Utility Vehicle,BROOKLYN,11204.0,2022,11,Friday,0.0,Low
2025-10-28,06:25,40.728947,-73.92793,BROOKLYN QUEENS EXPRESSWAY,0.0,0,0,0,0,0,1,0,Driver Inattention/Distraction,Sedan,Unknown,,2025,10,Tuesday,0.0,Low
2022-09-26,15:40,40.719055,-73.98796,,0.0,0,0,0,1,0,0,0,Turning Improperly,Sedan,MANHATTAN,10002.0,2022,9,Monday,0.0,Low
2025-11-19,18:29,40.718018,-73.78454,,0.0,0,0,0,0,0,0,0,Unspecified,Sedan,QUEENS,11432.0,2025,11,Wednesday,0.0,Low
2025-12-08,09:50,40.796555,-73.94156,,0.0,0,0,0,0,0,0,0,Unspecified,Sedan,MANHATTAN,10029.0,2025,12,Monday,0.0,Low
2023-10-07,18:00,40.68138,-73.95352,HALSEY STREET,0.0,0,0,0,0,0,0,0,Driver Inattention/Distraction,Motorcycle,Unknown,,2023,10,Saturday,0.0,Low
2026-02-02,16:13,40.683414,-73.92281,RALPH AVE,0.0,0,1,0,0,0,0,0,Traffic Control Disregarded,Sedan,Unknown,,2026,2,Monday,0.0,Low
2024-01-28,23:45,40.66252,-73.84071,CROSS BAY BOULEVARD,0.0,0,0,0,0,0,0,0,Failure to Yield Right-of-Way,Station Wagon/Sport Utility Vehicle,QUEENS,11414.0,2024,1,Sunday,0.0,Low
2023-11-11,20:42,40.83639,-73.91588,EAST 169 STREET,0.0,0,0,0,0,0,1,0,Traffic Control Disregarded,Sedan,BRONX,10456.0,2023,11,Saturday,0.0,Low
2026-04-02,08:15,40.60566,-73.757645,,0.0,0,0,0,0,0,0,0,Unspecified,Sedan,QUEENS,11691.0,2026,4,Thursday,0.0,Low
2024-01-15,10:58,40.624474,-74.00668,12 AVENUE,0.0,0,0,0,1,0,0,0,Driver Inattention/Distraction,Station Wagon/Sport Utility Vehicle,BROOKLYN,11228.0,2024,1,Monday,0.0,Low
2021-02-06,18:16,40.835724,-73.92129,RIVER AVENUE,0.0,0,0,0,0,0,1,0,Aggressive Driving/Road Rage,Sedan,Unknown,,2021,2,Saturday,0.0,Low
2024-09-09,06:21,40.702053,-73.78560999999999,171 PLACE,0.0,0,0,0,0,0,0,0,Failure to Keep Right,Bus,QUEENS,11433.0,2024,9,Monday,0.0,Low
2021-10-12,12:20,40.67544,-73.78086,160 STREET,0.0,0,0,0,0,0,0,0,Unsafe Speed,Sedan,QUEENS,11434.0,2021,10,Tuesday,0.0,Low
2023-09-19,07:47,40.601948,-73.99382,BAY PARKWAY,0.0,0,1,0,0,0,0,0,Failure to Yield Right-of-Way,Station Wagon/Sport Utility Vehicle,BROOKLYN,11214.0,2023,9,Tuesday,0.0,Low
2023-10-06,14:40,40.757233,-73.9898,WEST 42 STREET,0.0,0,0,0,0,0,0,0,Unspecified,Sedan,MANHATTAN,10036.0,2023,10,Friday,0.0,Low
2023-01-01,09:39,40.850163,-73.8601,,0.0,0,0,0,0,0,0,0,Unspecified,Station Wagon/Sport Utility Vehicle,BRONX,10462.0,2023,1,Sunday,0.0,Low
2022-02-04,07:40,40.68783,-73.93004,REID AVENUE,0.0,0,0,0,0,0,0,0,Driver Inattention/Distraction,Sedan,BROOKLYN,11221.0,2022,2,Friday,0.0,Low
2024-12-28,23:30,40.549965,-74.15084,AMBOY RD,0.0,0,1,0,0,0,0,0,Alcohol Involvement,Sedan,STATEN ISLAND,10308.0,2024,12,Saturday,0.0,Low
2021-06-28,20:30,40.676117,-73.74046,230 STREET,0.0,0,0,0,0,0,0,0,Unspecified,Sedan,QUEENS,11413.0,2021,6,Monday,0.0,Low
2022-04-18,03:30,40.759308000000004,-73.9653,EAST 57 STREET,0.0,0,0,0,0,0,0,0,Driver Inattention/Distraction,Sedan,MANHATTAN,10022.0,2022,4,Monday,0.0,Low
2023-05-14,00:30,40.698246000000005,-73.98055,NAVY STREET,0.0,0,0,0,1,0,0,0,Failure to Yield Right-of-Way,Station Wagon/Sport Utility Vehicle,Unknown,,2023,5,Sunday,0.0,Low
2022-11-10,08:03,40.79847,-73.96901,BROADWAY,0.0,0,0,0,0,0,0,0,Driver Inattention/Distraction,Station Wagon/Sport Utility Vehicle,Unknown,,2022,11,Thursday,0.0,Low
2025-09-15,14:17,40.872603999999995,-73.854546,BOSTON RD,0.0,0,0,0,0,0,1,0,Brakes Defective,Sedan,BRONX,10469.0,2025,9,Monday,0.0,Low
2024-09-11,08:30,40.78467,-73.80255,160 ST,0.0,0,0,0,0,0,1,0,Unspecified,Station Wagon/Sport Utility Vehicle,QUEENS,11357.0,2024,9,Wednesday,0.0,Low
2024-02-04,04:11,40.821156,-73.88635,GARRISON AVENUE,0.0,0,0,0,1,0,0,0,Driver Inattention/Distraction,Taxi,BRONX,10474.0,2024,2,Sunday,0.0,Low
2022-03-24,17:15,40.8064,-73.922455,,0.0,0,0,0,0,0,0,0,Unspecified,Station Wagon/Sport Utility Vehicle,BRONX,10454.0,2022,3,Thursday,0.0,Low
2023-11-03,20:00,40.872875,-73.85101,,0.0,0,0,0,0,0,1,0,Unsafe Speed,Station Wagon/Sport Utility Vehicle,BRONX,10469.0,2023,11,Friday,0.0,Low
2023-03-30,14:30,40.60452,-73.975174,WEST 2 STREET,0.0,0,0,0,0,0,0,0,Following Too Closely,Sedan,BROOKLYN,11223.0,2023,3,Thursday,0.0,Low
2022-09-30,18:35,40.82398,-73.946724,WEST 144 STREET,0.0,0,0,0,0,0,1,0,Traffic Control Disregarded,Moped,Unknown,,2022,9,Friday,0.0,Low
2025-06-06,23:30,40.71948,-74.009384,,0.0,0,0,0,0,0,0,0,Failure to Yield Right-of-Way,Station Wagon/Sport Utility Vehicle,MANHATTAN,10013.0,2025,6,Friday,0.0,Low
2023-06-30,08:20,40.817387,-73.86013,RANDALL AVENUE,0.0,0,0,0,0,0,0,0,Driver Inattention/Distraction,Station Wagon/Sport Utility Vehicle,BRONX,10473.0,2023,6,Friday,0.0,Low
2024-04-10,08:05,40.634563,-74.014114,64 STREET,0.0,0,0,0,0,0,1,0,Unspecified,Sedan,BROOKLYN,11220.0,2024,4,Wednesday,0.0,Low
2023-01-04,22:00,40.746334000000004,-73.89633,ROOSEVELT AVENUE,0.0,0,1,0,0,0,0,0,Unspecified,Station Wagon/Sport Utility Vehicle,Unknown,,2023,1,Wednesday,0.0,Low
2022-06-25,15:39,40.66925,-73.93944,EASTERN PARKWAY,0.0,0,0,0,0,0,0,0,Driver Inattention/Distraction,Station Wagon/Sport Utility Vehicle,BROOKLYN,11213.0,2022,6,Saturday,0.0,Low
2022-04-16,15:30,40.67602,-74.00123599999999,HAMILTON AVENUE,0.0,0,0,0,0,0,3,0,Traffic Control Disregarded,Station Wagon/Sport Utility Vehicle,BROOKLYN,11231.0,2022,4,Saturday,0.0,Low
2026-01-30,07:50,40.82803,-73.93484000000001,W 155 ST,0.0,0,0,0,0,0,1,0,Driver Inattention/Distraction,Taxi,Unknown,,2026,1,Friday,0.0,Low
2022-08-12,07:55,40.887444,-73.878006,JEROME AVENUE,0.0,0,0,0,0,0,0,0,Passing Too Closely,Station Wagon/Sport Utility Vehicle,BRONX,10467.0,2022,8,Friday,0.0,Low
2025-08-10,20:50,40.74033,-73.98103,,0.0,0,0,0,1,0,0,0,Unspecified,Taxi,MANHATTAN,10010.0,2025,8,Sunday,0.0,Low
2025-09-21,20:50,40.739708,-73.84544,GRAND CENTRAL PARKWAY,0.0,0,0,0,0,0,0,0,Driver Inattention/Distraction,Sedan,Unknown,,2025,9,Sunday,0.0,Low
2024-12-12,06:00,0.0,0.0,,0.0,0,0,0,0,0,0,0,Unspecified,Station Wagon/Sport Utility Vehicle,BROOKLYN,11226.0,2024,12,Thursday,0.0,Low
2026-01-18,09:53,40.745667,-73.97851999999999,,0.0,0,1,0,0,0,0,0,Fatigued/Drowsy,Sedan,MANHATTAN,10016.0,2026,1,Sunday,0.0,Low
2022-11-28,09:45,40.67603,-73.90524,ATLANTIC AVENUE,0.0,0,0,0,0,0,0,0,Unspecified,Pick-up Truck,BROOKLYN,11233.0,2022,11,Monday,0.0,Low
2022-05-16,08:20,40.852383,-73.90365,GRAND CONCOURSE,0.0,0,0,0,0,0,0,0,Driver Inattention/Distraction,Station Wagon/Sport Utility Vehicle,Unknown,,2022,5,Monday,0.0,Low
2023-03-26,13:30,40.57913,-73.83681999999999,,0.0,0,0,0,0,0,0,0,Driver Inattention/Distraction,Sedan,QUEENS,11694.0,2023,3,Sunday,0.0,Low
2021-09-29,17:40,40.6598,-73.88516,,0.0,0,0,0,0,0,2,0,Unspecified,Station Wagon/Sport Utility Vehicle,BROOKLYN,11207.0,2021,9,Wednesday,0.0,Low
2024-12-24,22:35,40.640229999999995,-73.94455,E 34 ST,0.0,0,0,0,0,0,0,0,Passenger Distraction,Convertible,BROOKLYN,11203.0,2024,12,Tuesday,0.0,Low
2021-03-04,02:35,40.704494,-73.81743,VAN WYCK EXPWY                  ,0.0,0,0,0,0,0,3,0,Driver Inattention/Distraction,Tractor Truck Diesel,Unknown,,2021,3,Thursday,0.0,Low
2024-05-11,14:41,40.623000000000005,-73.95904499999999,E 17 ST,0.0,0,1,0,0,0,0,0,Unspecified,Sedan,BROOKLYN,11230.0,2024,5,Saturday,0.0,Low
2024-01-24,19:10,40.67801,-73.94138000000001,ATLANTIC AVENUE,0.0,0,0,0,0,0,1,0,Unsafe Lane Changing,Sedan,BROOKLYN,11213.0,2024,1,Wednesday,0.0,Low
2024-09-10,14:00,40.6901,-73.99656,PACIFIC STREET,0.0,0,0,0,0,0,0,0,Unspecified,Station Wagon/Sport Utility Vehicle,BROOKLYN,11201.0,2024,9,Tuesday,0.0,Low
2023-04-12,08:00,40.67918,-73.92736,ROCHESTER AVENUE,0.0,0,1,0,0,0,0,0,Turning Improperly,Station Wagon/Sport Utility Vehicle,BROOKLYN,11233.0,2023,4,Wednesday,0.0,Low
2024-08-15,00:15,40.748318,-73.87742,89 STREET,0.0,0,0,0,0,0,0,0,Driver Inattention/Distraction,Sedan,QUEENS,11372.0,2024,8,Thursday,0.0,Low
2025-03-02,17:30,40.709666999999996,-73.7888,,0.0,0,0,0,0,0,0,0,Unspecified,Sedan,QUEENS,11432.0,2025,3,Sunday,0.0,Low
2022-04-13,07:47,40.696033,-73.984535,TILLARY STREET,0.0,0,0,0,0,0,0,0,Alcohol Involvement,Station Wagon/Sport Utility Vehicle,BROOKLYN,11201.0,2022,4,Wednesday,0.0,Low
2023-07-20,01:15,40.73885,-73.810356,PARSONS BOULEVARD,0.0,0,0,0,0,0,0,0,Driver Inattention/Distraction,Station Wagon/Sport Utility Vehicle,Unknown,,2023,7,Thursday,0.0,Low
2023-08-24,00:00,40.647427,-73.97912600000001,CATON AVENUE,0.0,0,0,0,0,0,0,0,Unspecified,Sedan,BROOKLYN,11218.0,2023,8,Thursday,0.0,Low
2021-02-12,20:25,40.6427,-74.007835,,0.0,0,0,0,0,0,0,0,Unspecified,Station Wagon/Sport Utility Vehicle,BROOKLYN,11220.0,2021,2,Friday,0.0,Low
2023-07-29,21:39,40.821667,-73.915184,MELROSE AVENUE,0.0,0,0,0,0,0,0,0,Aggressive Driving/Road Rage,Station Wagon/Sport Utility Vehicle,BRONX,10451.0,2023,7,Saturday,0.0,Low
2025-03-10,12:00,40.638775,-74.16339,MERSEREAU AVE,0.0,0,0,0,0,0,1,0,Driver Inattention/Distraction,Motorcycle,Unknown,,2025,3,Monday,0.0,Low
2022-01-16,20:19,40.725994,-73.75815,GRAND CENTRAL PKWY,0.0,0,0,0,0,0,0,0,Pavement Slippery,Station Wagon/Sport Utility Vehicle,Unknown,,2022,1,Sunday,0.0,Low
2025-10-26,08:30,40.763348,-73.88394,85 ST,0.0,0,0,0,0,0,0,0,Unspecified,Sedan,QUEENS,11370.0,2025,10,Sunday,0.0,Low
2024-07-25,07:50,40.701702000000004,-73.958405,,0.0,0,1,0,0,0,0,0,Unknown,Unknown,BROOKLYN,11211.0,2024,7,Thursday,0.0,Low
2025-08-07,17:20,40.69978,-73.84428,PARK LN S,0.0,0,0,0,0,0,1,0,Other Vehicular,Station Wagon/Sport Utility Vehicle,QUEENS,11418.0,2025,8,Thursday,0.0,Low
2024-01-03,08:07,40.83998,-73.88224,,0.0,0,0,0,0,0,0,0,Driver Inattention/Distraction,Sedan,BRONX,10460.0,2024,1,Wednesday,0.0,Low
2024-08-12,00:00,40.62255,-74.02095,BROOKLYN QUEENS EXPRESSWAY,0.0,0,0,0,0,0,1,0,Driver Inattention/Distraction,Sedan,Unknown,,2024,8,Monday,0.0,Low
2023-02-12,09:41,40.701187,-73.74148000000001,SPRINGFIELD BOULEVARD,0.0,0,0,0,0,0,1,0,Driver Inattention/Distraction,Station Wagon/Sport Utility Vehicle,QUEENS,11411.0,2023,2,Sunday,0.0,Low
2025-01-27,12:43,40.873886,-73.90899999999999,,0.0,0,0,0,0,0,0,0,Backing Unsafely,Sedan,BRONX,10463.0,2025,1,Monday,0.0,Low
2026-05-01,00:00,40.842537,-73.8853,E TREMONT AVE,0.0,0,0,0,0,0,0,0,Unsafe Speed,Sedan,BRONX,10460.0,2026,5,Friday,0.0,Low
2021-01-16,23:28,40.659744,-73.91708,EAST 98 STREET                  ,0.0,0,0,0,0,0,0,0,Unspecified,Station Wagon/Sport Utility Vehicle,BROOKLYN,11212.0,2021,1,Saturday,0.0,Low
2025-09-09,16:00,40.6022,-74.06312,VERRAZANO BRIDGE,0.0,0,0,0,0,0,1,0,Unsafe Lane Changing,Pick-up Truck,Unknown,,2025,9,Tuesday,0.0,Low
2021-07-22,13:01,40.58422,-74.1073,RICHMOND ROAD,0.0,0,0,0,0,0,0,0,Unspecified,Sedan,STATEN ISLAND,10306.0,2021,7,Thursday,0.0,Low
2024-03-05,08:37,40.74096,-73.88145,83 STREET,0.0,0,0,0,0,0,0,0,Turning Improperly,Sedan,QUEENS,11373.0,2024,3,Tuesday,0.0,Low
2022-08-23,03:00,40.639854,-74.11779,,0.0,0,0,0,0,0,0,0,Driver Inattention/Distraction,Sedan,STATEN ISLAND,10310.0,2022,8,Tuesday,0.0,Low
2022-01-06,21:30,40.7432,-73.89589000000001,BROOKLYN QUEENS EXPRESSWAY,0.0,0,0,0,0,0,0,0,Pavement Slippery,Sedan,Unknown,,2022,1,Thursday,0.0,Low
2022-04-20,20:30,40.684624,-73.93838000000001,MARCUS GARVEY BOULEVARD,0.0,0,0,0,0,0,0,0,Failure to Yield Right-of-Way,Station Wagon/Sport Utility Vehicle,BROOKLYN,11221.0,2022,4,Wednesday,0.0,Low
2025-09-11,05:59,40.810757,-73.964424,RIVERSIDE DR,0.0,0,0,0,0,0,0,0,Fell Asleep,Station Wagon/Sport Utility Vehicle,MANHATTAN,10115.0,2025,9,Thursday,0.0,Low
2025-09-01,09:50,40.66584,-73.75551,BELT PARKWAY,0.0,0,0,0,0,0,0,0,Following Too Closely,Station Wagon/Sport Utility Vehicle,Unknown,,2025,9,Monday,0.0,Low
2021-07-10,15:05,40.821068,-73.89894,WESTCHESTER AVENUE,0.0,0,0,0,0,0,0,0,Unspecified,Ambulance,BRONX,10459.0,2021,7,Saturday,0.0,Low
2024-05-14,22:25,40.83552,-73.94563000000001,,0.0,0,0,0,0,0,0,0,Driver Inattention/Distraction,Sedan,MANHATTAN,10032.0,2024,5,Tuesday,0.0,Low
2023-06-27,06:30,40.859352,-73.889786,WASHINGTON AVENUE,0.0,0,0,0,0,0,0,0,Driver Inattention/Distraction,Sedan,BRONX,10458.0,2023,6,Tuesday,0.0,Low
2023-04-10,10:28,40.623709999999996,-74.0054,,0.0,0,0,0,0,0,0,0,Unspecified,Station Wagon/Sport Utility Vehicle,BROOKLYN,11228.0,2023,4,Monday,0.0,Low
2026-01-23,15:28,40.665504,-73.756935,S CONDUIT AVE,0.0,0,0,0,0,0,1,0,Driver Inattention/Distraction,Sedan,Unknown,,2026,1,Friday,0.0,Low
2023-05-21,19:03,40.81801,-73.96149,HENRY HUDSON PARKWAY,0.0,0,0,0,0,0,0,0,Following Too Closely,Sedan,Unknown,,2023,5,Sunday,0.0,Low
2021-07-17,15:45,40.698807,-73.91837,KNICKERBOCKER AVENUE,0.0,0,0,0,0,0,0,0,Passenger Distraction,Sedan,Unknown,,2021,7,Saturday,0.0,Low
2023-09-15,15:10,40.817814,-73.90552,,0.0,0,0,0,0,0,1,0,Turning Improperly,Moped,BRONX,10455.0,2023,9,Friday,0.0,Low
2026-03-21,11:45,40.868034,-73.82484000000001,,0.0,0,0,0,0,0,0,0,Unsafe Speed,Station Wagon/Sport Utility Vehicle,BRONX,10475.0,2026,3,Saturday,0.0,Low
2024-05-08,16:00,40.784786,-73.84859,14 ROAD,0.0,0,0,0,0,0,0,0,Following Too Closely,Station Wagon/Sport Utility Vehicle,QUEENS,11356.0,2024,5,Wednesday,0.0,Low
2024-06-06,00:00,40.7145,-73.824715,VAN WYCK EXPWY,0.0,0,0,0,0,0,0,0,Pavement Slippery,Sedan,Unknown,,2024,6,Thursday,0.0,Low
2025-03-18,07:52,40.583015,-73.826065,BEACH 105 ST,0.0,0,0,0,0,0,1,0,Other Vehicular,Sedan,QUEENS,11694.0,2025,3,Tuesday,0.0,Low
2021-10-05,09:58,40.579826000000004,-73.97622,SHELL ROAD,0.0,0,0,0,0,0,2,0,Driver Inattention/Distraction,Sedan,Unknown,,2021,10,Tuesday,0.0,Low
2021-01-01,16:00,40.870470000000005,-73.86719000000001,,0.0,0,0,0,0,0,0,0,Unspecified,Sedan,BRONX,10467.0,2021,1,Friday,0.0,Low
2021-11-13,16:20,40.52865,-74.216835,DRUMGOOLE ROAD WEST,0.0,0,0,0,0,0,1,0,Unsafe Speed,Sedan,Unknown,,2021,11,Saturday,0.0,Low
2022-11-16,18:19,40.586315,-74.192,EAST SERVICE ROAD,0.0,0,0,0,0,0,0,0,Unspecified,Sedan,Unknown,,2022,11,Wednesday,0.0,Low
2022-01-13,14:00,40.64994,-74.00171999999999,39 STREET,0.0,0,0,0,0,0,2,0,Unspecified,Station Wagon/Sport Utility Vehicle,BROOKLYN,11232.0,2022,1,Thursday,0.0,Low
2021-05-27,16:43,40.687979999999996,-73.9678,CLINTON AVENUE,0.0,0,0,0,0,0,3,0,Failure to Yield Right-of-Way,Sedan,Unknown,,2021,5,Thursday,0.0,Low
2025-06-18,13:13,40.609497,-74.150185,STATEN ISLAND EXPY,0.0,0,0,0,0,0,3,0,Driver Inattention/Distraction,Station Wagon/Sport Utility Vehicle,Unknown,,2025,6,Wednesday,0.0,Low
2021-09-25,04:23,40.76417,-73.83967,VAN WYCK EXPWY,0.0,0,0,0,0,0,4,0,Driver Inattention/Distraction,Sedan,Unknown,,2021,9,Saturday,0.0,Low
2025-02-05,16:02,40.668415,-73.910416,ROCKAWAY AVE,0.0,0,0,0,0,0,0,0,Driver Inattention/Distraction,E-Scooter,BROOKLYN,11212.0,2025,2,Wednesday,0.0,Low
2021-10-31,15:30,40.732859999999995,-73.98619000000001,,0.0,0,0,0,0,0,0,0,Other Vehicular,Box Truck,MANHATTAN,10003.0,2021,10,Sunday,0.0,Low
2025-11-13,12:53,40.67398,-73.89931,ALABAMA AVE,0.0,0,0,0,0,0,0,0,Unspecified,Sedan,BROOKLYN,11207.0,2025,11,Thursday,0.0,Low
2026-01-17,13:40,40.75137,-73.89089,,0.0,0,0,0,0,0,0,0,Pavement Slippery,Sedan,QUEENS,11372.0,2026,1,Saturday,0.0,Low
2021-08-24,07:00,40.729877,-73.91774000000001,50 STREET,0.0,0,0,0,0,0,0,0,Driver Inattention/Distraction,Sedan,Unknown,,2021,8,Tuesday,0.0,Low
2024-02-14,16:07,40.72013,-73.79038,GRAND CENTRAL PARKWAY,0.0,0,0,0,0,0,0,0,Unspecified,Station Wagon/Sport Utility Vehicle,QUEENS,,2024,2,Wednesday,0.0,Low
2021-09-14,15:13,40.834773999999996,-73.86944,,0.0,0,0,0,0,0,0,0,Other Vehicular,Station Wagon/Sport Utility Vehicle,BRONX,10472.0,2021,9,Tuesday,0.0,Low
2022-08-20,13:46,40.67931,-73.79172,SUTPHIN BOULEVARD,0.0,0,0,0,0,0,1,0,Driver Inattention/Distraction,Sedan,QUEENS,11436.0,2022,8,Saturday,0.0,Low
2022-03-16,08:30,40.665915999999996,-73.92546999999999,ROCKAWAY PARKWAY,0.0,0,0,0,0,0,0,0,Following Too Closely,Taxi,BROOKLYN,11213.0,2022,3,Wednesday,0.0,Low
2021-09-11,14:16,40.710777,-73.86502,88 STREET,0.0,0,0,0,0,0,0,0,Unspecified,Station Wagon/Sport Utility Vehicle,QUEENS,11385.0,2021,9,Saturday,0.0,Low
2022-07-05,20:00,40.637454999999996,-73.92886,UTICA AVENUE,0.0,0,0,0,0,0,0,0,Turning Improperly,Station Wagon/Sport Utility Vehicle,BROOKLYN,11203.0,2022,7,Tuesday,0.0,Low
2022-06-13,08:00,40.62757,-73.93749,EAST 40 STREET,0.0,0,0,0,0,0,0,0,Driver Inexperience,Station Wagon/Sport Utility Vehicle,BROOKLYN,11210.0,2022,6,Monday,0.0,Low
2022-04-22,22:44,40.694916,-73.861946,FOREST PARKWAY,0.0,0,0,0,0,0,0,0,Passing Too Closely,Sedan,QUEENS,11421.0,2022,4,Friday,0.0,Low
2024-05-11,04:30,40.74338,-73.837715,L.I.E / G.C.P (CDR),0.0,0,0,0,0,0,0,0,Obstruction/Debris,Sedan,Unknown,,2024,5,Saturday,0.0,Low
2023-06-20,21:42,40.82897,-73.9486,BROADWAY,0.0,0,0,0,0,0,0,0,Driver Inattention/Distraction,Sedan,MANHATTAN,10031.0,2023,6,Tuesday,0.0,Low
2024-10-09,23:05,40.767803,-73.91294,,0.0,0,0,0,0,0,0,0,Passing or Lane Usage Improper,Pick-up Truck,QUEENS,11103.0,2024,10,Wednesday,0.0,Low
2022-08-28,16:38,40.66279,-73.909966,,0.0,0,0,0,0,0,1,0,Steering Failure,Sedan,BROOKLYN,11212.0,2022,8,Sunday,0.0,Low
2023-02-13,10:50,40.629486,-74.022644,BAY RIDGE PARKWAY,0.0,1,0,0,0,0,0,1,Aggressive Driving/Road Rage,Pick-up Truck,BROOKLYN,11209.0,2023,2,Monday,1.0,Low
2023-08-30,18:00,40.84232,-73.85472,,0.0,0,0,0,0,0,0,0,Driver Inattention/Distraction,Station Wagon/Sport Utility Vehicle,BRONX,10462.0,2023,8,Wednesday,0.0,Low
2022-09-20,11:06,40.870792,-73.88988,,0.0,0,0,0,0,0,0,0,Driver Inattention/Distraction,Station Wagon/Sport Utility Vehicle,BRONX,10458.0,2022,9,Tuesday,0.0,Low
2024-01-11,13:44,40.827732,-73.84374,BRUCKNER BOULEVARD,0.0,0,0,0,0,0,0,0,Unspecified,Sedan,Unknown,,2024,1,Thursday,0.0,Low
2022-07-09,14:02,40.634563,-74.014114,7 AVENUE,0.0,0,0,0,0,0,0,0,Driver Inattention/Distraction,Sedan,BROOKLYN,11220.0,2022,7,Saturday,0.0,Low
2021-07-30,11:45,40.747444,-73.8685,,0.0,0,0,0,0,0,0,0,Following Too Closely,Bike,QUEENS,11368.0,2021,7,Friday,0.0,Low
2025-06-13,22:00,40.57858,-73.988396,W 21 ST,0.0,0,0,0,0,0,1,0,Other Vehicular,Sedan,BROOKLYN,11224.0,2025,6,Friday,0.0,Low
2025-10-11,12:27,40.859352,-73.88978,WASHINGTON AVE,0.0,0,0,0,0,0,0,0,Other Vehicular,Station Wagon/Sport Utility Vehicle,BRONX,10458.0,2025,10,Saturday,0.0,Low
2023-10-19,09:50,40.761272,-73.95571,FDR DRIVE,0.0,0,0,0,0,0,0,0,Driver Inexperience,Box Truck,Unknown,,2023,10,Thursday,0.0,Low
2025-01-22,23:00,40.851616,-73.93366999999999,WADSWORTH AVE,0.0,0,0,0,0,0,1,0,Traffic Control Disregarded,Sedan,MANHATTAN,10033.0,2025,1,Wednesday,0.0,Low
2024-11-20,09:00,40.687874,-73.79746,147 ST,0.0,0,0,0,0,0,0,0,Passing Too Closely,Sedan,QUEENS,11435.0,2024,11,Wednesday,0.0,Low
2022-08-05,10:30,0.0,0.0,EAST KINGSBRIDGE ROAD,0.0,0,0,0,0,0,0,0,Backing Unsafely,Station Wagon/Sport Utility Vehicle,Unknown,,2022,8,Friday,0.0,Low
2024-07-22,16:19,40.74053,-73.9759,,0.0,0,0,0,1,0,0,0,View Obstructed/Limited,Station Wagon/Sport Utility Vehicle,MANHATTAN,10016.0,2024,7,Monday,0.0,Low
2022-01-21,01:30,40.703434,-73.74051,SPRINGFIELD BOULEVARD,0.0,0,0,0,0,0,0,0,Unspecified,Station Wagon/Sport Utility Vehicle,QUEENS,11429.0,2022,1,Friday,0.0,Low
2021-09-12,22:25,40.737536999999996,-73.881516,QUEENS BOULEVARD,0.0,0,0,0,0,0,0,0,Driver Inattention/Distraction,Station Wagon/Sport Utility Vehicle,QUEENS,11373.0,2021,9,Sunday,0.0,Low
2023-02-06,10:00,40.73539,-73.99828000000001,AVENUE OF THE AMERICAS,0.0,0,0,0,0,0,0,0,Driver Inattention/Distraction,Unknown,MANHATTAN,10011.0,2023,2,Monday,0.0,Low
2023-04-21,16:00,40.69689,-73.95564,PARK AVENUE,0.0,0,1,0,0,0,0,0,Unspecified,Sedan,BROOKLYN,11205.0,2023,4,Friday,0.0,Low
2021-11-18,16:00,40.714302,-74.005104,,0.0,0,0,0,0,0,0,0,Passing Too Closely,Station Wagon/Sport Utility Vehicle,MANHATTAN,10007.0,2021,11,Thursday,0.0,Low
2021-09-25,03:20,40.6775,-73.94700999999999,NEW YORK AVENUE,0.0,0,0,0,0,0,1,0,Driver Inattention/Distraction,Sedan,Unknown,,2021,9,Saturday,0.0,Low
2026-03-22,20:15,40.67297,-73.83324,,0.0,0,0,0,0,0,0,0,Following Too Closely,Sedan,QUEENS,11420.0,2026,3,Sunday,0.0,Low
2025-03-19,20:30,40.840767,-73.9173,JEROME AVE,0.0,0,0,0,0,0,2,0,Turning Improperly,Station Wagon/Sport Utility Vehicle,Unknown,,2025,3,Wednesday,0.0,Low
2026-01-23,00:42,40.677574,-73.90187,,0.0,0,0,0,0,0,0,0,Unspecified,PK,BROOKLYN,11207.0,2026,1,Friday,0.0,Low
2022-12-14,17:30,40.644465999999994,-74.07686,RICHMOND TERRACE,0.0,0,1,0,0,0,0,0,Unspecified,Sedan,STATEN ISLAND,10301.0,2022,12,Wednesday,0.0,Low
2025-11-04,14:50,40.759686,-73.82117,BARCLAY AVE,0.0,0,1,0,0,0,0,0,Unspecified,Station Wagon/Sport Utility Vehicle,QUEENS,11355.0,2025,11,Tuesday,0.0,Low
2025-12-06,13:45,40.68312,-73.86932,,0.0,0,0,0,0,0,1,0,Driver Inattention/Distraction,Sedan,BROOKLYN,11208.0,2025,12,Saturday,0.0,Low
2021-11-23,18:15,40.754684000000005,-73.984245,,0.0,0,1,0,0,0,0,0,Pedestrian/Bicyclist/Other Pedestrian Error/Confusion,Station Wagon/Sport Utility Vehicle,MANHATTAN,10036.0,2021,11,Tuesday,0.0,Low
2026-04-02,18:19,40.67308,-73.91123,EASTERN PKWY,0.0,0,0,0,0,0,1,0,Unspecified,Station Wagon/Sport Utility Vehicle,BROOKLYN,11233.0,2026,4,Thursday,0.0,Low
2025-02-27,13:00,40.584515,-73.96021999999999,CONEY ISLAND AVENUE,0.0,0,0,0,0,0,1,0,Unspecified,Station Wagon/Sport Utility Vehicle,Unknown,,2025,2,Thursday,0.0,Low
2023-01-28,11:04,40.70495,-74.01156,BROAD STREET,0.0,0,0,0,0,0,0,0,Unspecified,Bus,MANHATTAN,10004.0,2023,1,Saturday,0.0,Low
2026-05-03,09:54,40.601535999999996,-74.08185,CLOVE RD,0.0,0,0,0,0,0,0,0,Driver Inattention/Distraction,Bus,Unknown,,2026,5,Sunday,0.0,Low
2025-05-13,13:47,40.75776,-73.98344,,0.0,0,1,0,0,0,0,0,Driver Inattention/Distraction,Sedan,MANHATTAN,10036.0,2025,5,Tuesday,0.0,Low
2024-05-29,08:46,40.72619,-73.95863,QUAY STREET,0.0,0,0,0,0,0,1,0,Driver Inattention/Distraction,Box Truck,BROOKLYN,11222.0,2024,5,Wednesday,0.0,Low
2023-06-25,01:05,40.650528,-73.95583,BEDFORD AVENUE,0.0,0,0,0,0,0,0,0,Unspecified,Station Wagon/Sport Utility Vehicle,BROOKLYN,11226.0,2023,6,Sunday,0.0,Low
2024-11-22,17:30,40.653038,-73.877266,GATEWAY DR,0.0,0,0,0,0,0,0,0,Unspecified,Station Wagon/Sport Utility Vehicle,BROOKLYN,11239.0,2024,11,Friday,0.0,Low
2022-02-06,16:00,40.81711,-73.89204000000001,TIFFANY STREET,0.0,0,0,0,0,0,0,0,Unspecified,Station Wagon/Sport Utility Vehicle,BRONX,10474.0,2022,2,Sunday,0.0,Low
2024-07-26,21:15,40.761179999999996,-73.95791,EAST 63 STREET,0.0,0,0,0,0,0,0,0,Unspecified,Station Wagon/Sport Utility Vehicle,MANHATTAN,10065.0,2024,7,Friday,0.0,Low
2024-06-12,08:45,40.765392,-73.91819,30 AVE,0.0,0,0,0,1,0,0,0,Pedestrian/Bicyclist/Other Pedestrian Error/Confusion,Station Wagon/Sport Utility Vehicle,QUEENS,11103.0,2024,6,Wednesday,0.0,Low
2021-12-30,17:30,40.703720000000004,-73.94293,,0.0,0,0,0,0,0,0,0,Driver Inattention/Distraction,Station Wagon/Sport Utility Vehicle,BROOKLYN,11206.0,2021,12,Thursday,0.0,Low
2021-01-06,17:20,40.76148,-73.80479,STATION ROAD,0.0,0,0,0,0,0,0,0,Unspecified,Sedan,QUEENS,11358.0,2021,1,Wednesday,0.0,Low
2025-02-28,19:19,40.75237,-73.97740999999999,,0.0,0,0,0,1,0,0,0,Driver Inattention/Distraction,Bike,MANHATTAN,10017.0,2025,2,Friday,0.0,Low
2021-10-29,16:15,40.711791999999996,-73.96056999999999,,0.0,0,0,0,0,0,0,0,Driver Inattention/Distraction,Station Wagon/Sport Utility Vehicle,BROOKLYN,11211.0,2021,10,Friday,0.0,Low
2021-05-21,13:30,40.60106,-73.93427,,0.0,0,0,0,0,0,1,0,Driver Inattention/Distraction,Sedan,BROOKLYN,11229.0,2021,5,Friday,0.0,Low
2025-06-08,10:20,40.674355,-73.81002,128 ST,0.0,0,0,0,0,0,0,0,Unsafe Speed,Sedan,QUEENS,11420.0,2025,6,Sunday,0.0,Low
2021-06-26,13:00,40.747536,-73.884865,81 STREET,0.0,0,0,0,0,0,0,0,Driver Inattention/Distraction,Sedan,QUEENS,11372.0,2021,6,Saturday,0.0,Low
2024-02-01,08:49,40.62192,-73.936134,FLATBUSH AVENUE,0.0,0,0,0,0,0,0,0,Unsafe Lane Changing,Station Wagon/Sport Utility Vehicle,BROOKLYN,11234.0,2024,2,Thursday,0.0,Low
2023-10-09,20:46,40.6857,-73.77871999999999,168 STREET,0.0,0,0,0,0,0,0,0,Unspecified,Station Wagon/Sport Utility Vehicle,Unknown,,2023,10,Monday,0.0,Low
2022-09-04,16:58,40.59281,-73.97877,86 STREET,0.0,0,0,0,0,0,0,0,Driver Inattention/Distraction,Sedan,Unknown,,2022,9,Sunday,0.0,Low
2023-08-01,00:00,40.83045,-73.8509,CROSS BRONX EXPY,0.0,0,0,0,0,0,1,0,Unsafe Speed,Sedan,Unknown,,2023,8,Tuesday,0.0,Low
2021-04-03,08:00,40.774143,-73.950935,,0.0,0,0,0,0,0,0,0,Driver Inattention/Distraction,Station Wagon/Sport Utility Vehicle,MANHATTAN,10028.0,2021,4,Saturday,0.0,Low
2023-07-23,15:30,40.582755999999996,-73.956,,0.0,0,0,0,0,0,0,0,Passing or Lane Usage Improper,E-Scooter,BROOKLYN,11235.0,2023,7,Sunday,0.0,Low
2022-07-01,17:00,40.606445,-74.08735,CLOVE ROAD,0.0,0,0,0,0,0,1,0,Following Too Closely,Station Wagon/Sport Utility Vehicle,STATEN ISLAND,10304.0,2022,7,Friday,0.0,Low
2022-03-08,08:43,40.75425,-73.96899,2 AVENUE,0.0,0,0,0,0,0,0,0,Unsafe Lane Changing,Bus,MANHATTAN,10017.0,2022,3,Tuesday,0.0,Low
2021-10-15,20:20,40.832132,-73.8654615,TAYLOR AVENUE,0.0,0,0,0,0,0,0,0,Unspecified,Station Wagon/Sport Utility Vehicle,BRONX,10472.0,2021,10,Friday,0.0,Low
2023-07-10,04:28,40.82269,-73.94946999999999,AMSTERDAM AVENUE,0.0,0,0,0,0,0,0,0,Alcohol Involvement,Station Wagon/Sport Utility Vehicle,MANHATTAN,10031.0,2023,7,Monday,0.0,Low
2025-11-20,03:05,40.855156,-73.93209,WADSWORTH TER,0.0,0,0,0,0,0,0,0,Passing or Lane Usage Improper,Station Wagon/Sport Utility Vehicle,MANHATTAN,10040.0,2025,11,Thursday,0.0,Low
2021-09-13,13:27,40.671597,-73.88018000000001,SUTTER AVENUE,0.0,0,0,0,0,0,2,0,Driver Inattention/Distraction,Sedan,BROOKLYN,11208.0,2021,9,Monday,0.0,Low
2022-03-25,16:40,40.85132,-73.90841999999999,EAST TREMONT AVENUE,0.0,0,0,0,0,0,0,0,Driver Inattention/Distraction,Station Wagon/Sport Utility Vehicle,BRONX,10453.0,2022,3,Friday,0.0,Low
2022-12-28,10:00,40.610237,-73.95663,,0.0,0,0,0,0,0,0,0,Passing Too Closely,Sedan,BROOKLYN,11229.0,2022,12,Wednesday,0.0,Low
2026-09-01,02:15,40.69513,-73.81231,VAN WYCK EXPWY,0.0,0,0,0,0,0,1,0,Driver Inattention/Distraction,Sedan,Unknown,,2026,9,Tuesday,0.0,Low
2023-01-30,15:10,40.837368,-73.88776999999999,BOSTON ROAD,0.0,0,1,0,0,0,0,0,Pedestrian/Bicyclist/Other Pedestrian Error/Confusion,Sedan,BRONX,10460.0,2023,1,Monday,0.0,Low
2023-03-21,13:31,40.72013,-73.79038,GRAND CENTRAL PARKWAY,0.0,0,0,0,0,0,1,0,Traffic Control Disregarded,Station Wagon/Sport Utility Vehicle,QUEENS,,2023,3,Tuesday,0.0,Low
2023-04-17,23:48,40.865359999999995,-73.87043,ALLERTON AVENUE,0.0,0,0,0,0,0,0,0,Other Vehicular,Taxi,BRONX,10467.0,2023,4,Monday,0.0,Low
2023-09-01,10:30,40.704308000000005,-73.91924,DE KALB AVENUE,0.0,0,0,0,0,0,0,0,Passing or Lane Usage Improper,Sedan,BROOKLYN,11237.0,2023,9,Friday,0.0,Low
2022-12-23,00:08,40.757422999999996,-73.92246999999999,37 STREET,0.0,0,0,0,0,0,0,0,Driver Inattention/Distraction,Station Wagon/Sport Utility Vehicle,Unknown,,2022,12,Friday,0.0,Low
2021-08-11,16:40,40.66675,-73.779945,ROCKAWAY BOULEVARD,0.0,0,0,0,0,0,2,0,Driver Inattention/Distraction,Sedan,QUEENS,11434.0,2021,8,Wednesday,0.0,Low
2024-04-19,16:40,40.591021999999995,-74.100914,RICHMOND ROAD,0.0,0,0,0,0,0,0,0,Traffic Control Disregarded,Station Wagon/Sport Utility Vehicle,STATEN ISLAND,10304.0,2024,4,Friday,0.0,Low
2026-02-24,15:45,40.681835,-74.00745,,0.0,0,0,0,0,0,0,0,Driver Inattention/Distraction,Pick-up Truck,BROOKLYN,11231.0,2026,2,Tuesday,0.0,Low
2022-05-22,06:25,40.702059999999996,-73.98671,,0.0,0,0,0,0,0,0,0,Unspecified,Station Wagon/Sport Utility Vehicle,BROOKLYN,11201.0,2022,5,Sunday,0.0,Low
2022-08-18,15:51,40.639256,-73.968796,CONEY ISLAND AVENUE,0.0,0,0,0,0,0,0,0,Unspecified,Carry All,Unknown,,2022,8,Thursday,0.0,Low
2023-10-15,19:36,40.810253,-73.95139,,0.0,0,0,0,0,0,1,0,Unsafe Speed,Sedan,MANHATTAN,10027.0,2023,10,Sunday,0.0,Low
2026-09-01,14:33,40.682682,-73.92267,DECATUR ST,0.0,0,0,0,0,0,0,0,Driver Inexperience,Bus,BROOKLYN,11233.0,2026,9,Tuesday,0.0,Low
2021-08-27,07:00,40.62689,-73.945885,AVENUE J,0.0,0,0,0,0,0,0,0,Unspecified,Station Wagon/Sport Utility Vehicle,BROOKLYN,11210.0,2021,8,Friday,0.0,Low
2022-07-28,17:21,40.648254,-73.971405,CONEY ISLAND AVENUE,0.0,0,0,0,0,0,0,0,Unspecified,Sedan,BROOKLYN,11218.0,2022,7,Thursday,0.0,Low
2021-09-21,16:12,40.63494,-74.07882,,0.0,0,0,0,0,0,0,0,Driver Inattention/Distraction,Sedan,STATEN ISLAND,10301.0,2021,9,Tuesday,0.0,Low
2025-12-21,13:12,40.592484000000006,-73.786514,BEACH 56 PL,0.0,0,0,0,0,0,0,0,Driver Inattention/Distraction,Box Truck,QUEENS,11692.0,2025,12,Sunday,0.0,Low
2022-09-23,08:59,40.842617,-73.87818,EAST 180 STREET,0.0,0,1,0,0,0,0,0,Failure to Yield Right-of-Way,Sedan,BRONX,10460.0,2022,9,Friday,0.0,Low
2021-03-05,07:00,40.764435,-73.72269,LONG ISLAND EXPRESSWAY,0.0,0,0,0,0,0,0,0,Driver Inattention/Distraction,Station Wagon/Sport Utility Vehicle,Unknown,,2021,3,Friday,0.0,Low
2023-04-09,22:00,40.7242,-73.93765,VANDERVORT AVENUE,0.0,0,0,0,0,0,1,0,Turning Improperly,Sedan,Unknown,,2023,4,Sunday,0.0,Low
2021-08-08,04:20,40.768642,-73.94903599999999,FDR DRIVE,0.0,0,0,0,0,0,0,0,Driver Inattention/Distraction,Sedan,Unknown,,2021,8,Sunday,0.0,Low
2024-11-26,16:58,40.71922,-73.754745,90 AVE,0.0,0,0,0,0,0,1,0,Driver Inattention/Distraction,Sedan,QUEENS,11428.0,2024,11,Tuesday,0.0,Low
2025-12-07,06:40,40.82632,-73.84031999999999,,0.0,0,0,0,1,0,0,0,Turning Improperly,Sedan,BRONX,10465.0,2025,12,Sunday,0.0,Low
2025-10-20,18:25,40.718773,-74.00128000000001,,0.0,0,0,0,0,0,0,0,Driver Inexperience,Sedan,MANHATTAN,10013.0,2025,10,Monday,0.0,Low
2021-10-10,19:15,40.651264000000005,-74.003914,5 AVENUE,0.0,0,0,0,0,0,0,0,Unspecified,E-Bike,Unknown,,2021,10,Sunday,0.0,Low
2023-06-01,17:55,40.870567,-73.83906999999999,GUNTHER AVENUE,0.0,0,1,0,0,0,0,0,Driver Inattention/Distraction,Station Wagon/Sport Utility Vehicle,BRONX,10469.0,2023,6,Thursday,0.0,Low
2024-10-19,15:30,40.859825,-73.90799,,0.0,0,0,0,0,0,0,0,Unspecified,Sedan,BRONX,10468.0,2024,10,Saturday,0.0,Low
2023-08-25,08:41,40.650771999999996,-74.01519,2 AVENUE,0.0,0,0,0,0,0,0,0,Unspecified,Sedan,BROOKLYN,11232.0,2023,8,Friday,0.0,Low
2022-10-09,08:30,40.64289,-74.11386,BEMENT AVENUE,0.0,0,0,0,0,0,0,0,Unspecified,Sedan,STATEN ISLAND,10310.0,2022,10,Sunday,0.0,Low
2023-10-27,21:20,40.820187,-73.890686,HUNTS POINT AVENUE,0.0,0,0,0,0,0,0,0,Unspecified,Sedan,BRONX,10459.0,2023,10,Friday,0.0,Low
2021-06-04,14:50,40.81969,-73.90160999999999,EAST 160 STREET,0.0,0,0,0,1,0,0,0,Driver Inattention/Distraction,Sedan,BRONX,10459.0,2021,6,Friday,0.0,Low
2022-05-01,16:00,40.658577,-73.89063,PENNSYLVANIA AVENUE,0.0,0,0,0,0,0,0,0,Unspecified,Station Wagon/Sport Utility Vehicle,BROOKLYN,11207.0,2022,5,Sunday,0.0,Low
2022-03-12,15:00,40.789684,-73.94815,EAST 102 STREET,0.0,0,0,0,0,0,0,0,Passing Too Closely,Station Wagon/Sport Utility Vehicle,MANHATTAN,10029.0,2022,3,Saturday,0.0,Low
2026-03-20,17:48,40.660748,-73.961,,0.0,0,0,0,0,0,0,0,Driver Inattention/Distraction,Sedan,BROOKLYN,11225.0,2026,3,Friday,0.0,Low
2025-10-05,20:14,40.88428,-73.86242,E 220 ST,0.0,0,1,0,0,0,0,0,Failure to Yield Right-of-Way,Taxi,BRONX,10467.0,2025,10,Sunday,0.0,Low
2024-01-13,11:40,40.685795,-73.911644,BUSHWICK AVENUE,0.0,0,1,0,0,0,0,0,Driver Inattention/Distraction,MOPED,Unknown,,2024,1,Saturday,0.0,Low
2022-10-27,17:14,40.77493,-73.950806,1 AVENUE,0.0,0,1,0,0,0,0,0,Failure to Yield Right-of-Way,E-Bike,MANHATTAN,10028.0,2022,10,Thursday,0.0,Low
2025-03-09,13:49,40.809563,-73.92922,3 AVE,0.0,0,0,0,0,0,3,0,Unspecified,Sedan,Unknown,,2025,3,Sunday,0.0,Low
2021-03-11,13:33,40.837223,-73.82529,THROGS NECK EXPRESSWAY,0.0,0,0,0,0,0,1,0,Unspecified,Tractor Truck Diesel,Unknown,,2021,3,Thursday,0.0,Low
2025-09-15,10:10,40.81329,-73.88922,,0.0,0,0,0,0,0,0,0,Driver Inattention/Distraction,Sedan,BRONX,10474.0,2025,9,Monday,0.0,Low
2023-11-08,11:16,40.76699,-73.88461,85 STREET,0.0,0,0,0,0,0,0,0,Unspecified,Pick-up Truck,QUEENS,11369.0,2023,11,Wednesday,0.0,Low
2025-03-14,09:40,40.669712,-73.94773,EASTERN PKWY,0.0,0,1,0,0,0,0,0,Driver Inattention/Distraction,Station Wagon/Sport Utility Vehicle,BROOKLYN,11216.0,2025,3,Friday,0.0,Low
2022-09-15,14:10,40.596709999999995,-73.98848000000001,,0.0,0,0,0,0,0,0,0,Unspecified,Station Wagon/Sport Utility Vehicle,BROOKLYN,11214.0,2022,9,Thursday,0.0,Low
2023-10-31,22:58,40.693058,-73.901535,,0.0,0,0,0,0,0,0,0,Passing Too Closely,Sedan,QUEENS,11385.0,2023,10,Tuesday,0.0,Low
2026-07-01,11:33,40.858902,-73.88911999999999,,0.0,0,0,0,0,0,0,0,Passing or Lane Usage Improper,Sedan,BRONX,10458.0,2026,7,Wednesday,0.0,Low
2021-11-14,05:50,40.796738,-73.92925,FDR DRIVE,0.0,0,0,0,0,0,0,0,Driver Inattention/Distraction,Station Wagon/Sport Utility Vehicle,Unknown,,2021,11,Sunday,0.0,Low
2021-12-04,19:05,40.675670000000004,-73.89785,ATLANTIC AVENUE,0.0,0,0,0,0,0,0,0,Driver Inattention/Distraction,Station Wagon/Sport Utility Vehicle,BROOKLYN,11207.0,2021,12,Saturday,0.0,Low
2021-11-07,18:05,40.729735999999995,-73.833725,VAN WYCK EXPWY,0.0,0,0,0,0,0,0,0,Unsafe Lane Changing,Station Wagon/Sport Utility Vehicle,Unknown,,2021,11,Sunday,0.0,Low
2025-10-13,18:05,40.704838,-73.91257,,0.0,0,0,0,0,0,0,0,Following Too Closely,Station Wagon/Sport Utility Vehicle,QUEENS,11385.0,2025,10,Monday,0.0,Low
2022-07-08,01:30,40.704536,-73.75471999999999,111 AVENUE,0.0,0,0,0,1,0,0,0,Failure to Yield Right-of-Way,Station Wagon/Sport Utility Vehicle,QUEENS,11412.0,2022,7,Friday,0.0,Low
2024-11-08,07:10,40.61806,-74.151505,MARTIN LUTHER KING JR,0.0,0,0,0,0,0,1,0,Unsafe Speed,Taxi,Unknown,,2024,11,Friday,0.0,Low
2026-03-23,20:30,40.66726,-73.99693,,0.0,0,0,0,0,0,0,0,Unspecified,Station Wagon/Sport Utility Vehicle,BROOKLYN,11232.0,2026,3,Monday,0.0,Low
2024-10-06,09:30,40.64203,-74.09515,LAFAYETTE AVENUE,0.0,0,0,0,0,0,0,0,Driver Inattention/Distraction,Sedan,Unknown,,2024,10,Sunday,0.0,Low
2021-08-09,10:00,40.742348,-73.788445,58 AVENUE,0.0,0,0,0,0,0,0,0,Driver Inattention/Distraction,Station Wagon/Sport Utility Vehicle,QUEENS,11365.0,2021,8,Monday,0.0,Low
2024-03-03,16:51,40.595116,-74.08619,,0.0,0,0,0,1,0,0,0,Driver Inattention/Distraction,Station Wagon/Sport Utility Vehicle,STATEN ISLAND,10305.0,2024,3,Sunday,0.0,Low
2022-05-10,18:30,40.598564,-74.08171,HYLAN BOULEVARD,0.0,0,0,0,0,0,1,0,Reaction to Uninvolved Vehicle,Sedan,STATEN ISLAND,10305.0,2022,5,Tuesday,0.0,Low
2025-06-29,10:04,40.678722,-73.95299,BEDFORD AVE,0.0,0,0,0,1,0,0,0,Failure to Yield Right-of-Way,Pick-up Truck,BROOKLYN,11216.0,2025,6,Sunday,0.0,Low
2023-06-24,10:50,40.69133,-73.95177,DE KALB AVENUE,0.0,0,0,0,0,0,0,0,Driver Inexperience,Station Wagon/Sport Utility Vehicle,BROOKLYN,11205.0,2023,6,Saturday,0.0,Low
2022-12-14,20:57,40.68821,-73.96583000000001,LAFAYETTE AVENUE,0.0,0,0,0,0,0,0,0,Following Too Closely,Sedan,Unknown,,2022,12,Wednesday,0.0,Low
2023-04-09,06:00,40.673996,-73.92785,ROCHESTER AVENUE,0.0,0,0,0,0,0,0,0,Driver Inattention/Distraction,Station Wagon/Sport Utility Vehicle,BROOKLYN,11213.0,2023,4,Sunday,0.0,Low
2024-11-04,16:20,40.867878000000005,-73.893005,GRAND CONCOURSE,0.0,0,0,0,0,0,1,0,Pavement Slippery,Station Wagon/Sport Utility Vehicle,Unknown,,2024,11,Monday,0.0,Low
2024-01-15,02:47,40.704823,-73.92459000000001,TROUTMAN STREET,0.0,0,0,0,0,0,0,0,Unsafe Speed,Unknown,Unknown,,2024,1,Monday,0.0,Low
2023-02-13,11:05,40.722576000000004,-73.94049,BROOKLYN QUEENS EXPRESSWAY,0.0,0,0,0,0,0,0,0,Following Too Closely,Bus,Unknown,,2023,2,Monday,0.0,Low
2025-01-07,09:40,40.58667,-73.96615,AVENUE Z,0.0,0,0,0,0,0,3,0,Driver Inattention/Distraction,Sedan,BROOKLYN,11235.0,2025,1,Tuesday,0.0,Low
2023-04-23,19:50,40.867912,-73.83134,,0.0,0,0,0,0,0,0,0,Alcohol Involvement,Station Wagon/Sport Utility Vehicle,BRONX,10475.0,2023,4,Sunday,0.0,Low
2022-04-09,20:25,40.856537,-73.87257,BRONX RIVER PARKWAY,0.0,0,0,0,0,0,1,0,Following Too Closely,Station Wagon/Sport Utility Vehicle,Unknown,,2022,4,Saturday,0.0,Low
2022-07-05,14:10,40.72605,-73.98354,EAST 7 STREET,0.0,0,0,0,0,0,0,0,Unspecified,Sedan,Unknown,,2022,7,Tuesday,0.0,Low
2023-09-15,21:30,40.760445000000004,-73.87458000000001,,0.0,0,0,0,0,0,0,0,Failure to Yield Right-of-Way,Station Wagon/Sport Utility Vehicle,QUEENS,11369.0,2023,9,Friday,0.0,Low
2023-11-28,15:15,40.72752,-73.8987,JAY AVENUE,0.0,0,0,0,0,0,1,0,Failure to Yield Right-of-Way,Motorscooter,QUEENS,11378.0,2023,11,Tuesday,0.0,Low
2021-05-14,22:40,40.659355,-73.75005,230 PLACE,0.0,0,0,0,0,0,0,0,Unspecified,E-Scooter,QUEENS,11413.0,2021,5,Friday,0.0,Low
2024-06-20,19:10,40.65631,-73.947266,,0.0,0,0,0,0,0,0,0,Driver Inexperience,Pick-up Truck,BROOKLYN,11203.0,2024,6,Thursday,0.0,Low
2024-10-19,04:13,40.64083,-73.9582,,0.0,0,0,0,0,0,0,0,Unspecified,Station Wagon/Sport Utility Vehicle,BROOKLYN,11226.0,2024,10,Saturday,0.0,Low
2022-10-12,18:35,40.75201,-73.93016,34 STREET,0.0,0,0,0,0,0,0,0,Failure to Yield Right-of-Way,Sedan,QUEENS,11101.0,2022,10,Wednesday,0.0,Low
2024-10-16,15:11,40.835968,-73.87,CROSS BRONX EXPRESSWAY,0.0,0,0,0,0,0,0,0,Unspecified,Sedan,BRONX,10460.0,2024,10,Wednesday,0.0,Low
2023-10-23,09:05,40.84543,-73.91399,JEROME AVENUE,0.0,0,0,0,0,0,0,0,Unspecified,Sedan,Unknown,,2023,10,Monday,0.0,Low
2023-09-15,17:45,40.69446,-73.86326,,0.0,0,0,0,0,0,0,0,Unspecified,Station Wagon/Sport Utility Vehicle,QUEENS,11421.0,2023,9,Friday,0.0,Low
2022-08-26,01:50,40.801125,-73.92988000000001,FDR DRIVE,0.0,0,0,0,0,0,0,0,Driver Inattention/Distraction,Station Wagon/Sport Utility Vehicle,Unknown,,2022,8,Friday,0.0,Low
2025-05-06,08:20,40.646854,-74.01926,54 ST,0.0,0,0,0,0,0,0,0,Unspecified,Station Wagon/Sport Utility Vehicle,BROOKLYN,11220.0,2025,5,Tuesday,0.0,Low
2023-12-11,06:25,40.776546,-73.92376999999999,19 STREET,0.0,0,0,0,0,0,0,0,Unsafe Speed,Station Wagon/Sport Utility Vehicle,QUEENS,11102.0,2023,12,Monday,0.0,Low
2022-05-31,00:00,40.71583,-73.81375,GRAND CENTRAL PKWY,0.0,0,0,0,0,0,0,0,Driver Inattention/Distraction,Sedan,Unknown,,2022,5,Tuesday,0.0,Low
2024-12-22,11:17,40.601307,-73.74389000000001,,0.0,0,0,0,0,0,0,0,Backing Unsafely,Station Wagon/Sport Utility Vehicle,QUEENS,11691.0,2024,12,Sunday,0.0,Low
2021-10-07,21:35,40.580315,-73.83543399999999,BEACH 114 STREET,0.0,0,0,0,1,0,0,0,Unspecified,Bike,QUEENS,11694.0,2021,10,Thursday,0.0,Low
2025-08-06,16:45,40.809746000000004,-73.92008,,0.0,0,0,0,0,0,0,0,Other Vehicular,Station Wagon/Sport Utility Vehicle,BRONX,10454.0,2025,8,Wednesday,0.0,Low
2025-03-07,12:15,40.667168,-73.93406,SCHENECTADY AVE,0.0,0,0,0,0,0,2,0,Unsafe Lane Changing,Station Wagon/Sport Utility Vehicle,BROOKLYN,11213.0,2025,3,Friday,0.0,Low
2022-09-10,20:30,40.708059999999996,-73.8073,87 AVENUE,0.0,0,0,0,0,0,1,0,Unspecified,Sedan,QUEENS,11435.0,2022,9,Saturday,0.0,Low
2023-09-08,16:50,40.65892,-73.889824,LINDEN BOULEVARD,0.0,0,0,0,0,0,0,0,Unspecified,Station Wagon/Sport Utility Vehicle,Unknown,,2023,9,Friday,0.0,Low
2024-11-11,03:17,40.663105,-73.88428499999999,HEGEMAN AVE,0.0,0,0,0,0,0,0,0,Unspecified,Pick-up Truck,BROOKLYN,11207.0,2024,11,Monday,0.0,Low
2026-06-02,15:00,40.755314,-73.73827,,0.0,0,0,0,0,0,1,0,Lost Consciousness,Station Wagon/Sport Utility Vehicle,QUEENS,11362.0,2026,6,Tuesday,0.0,Low
2024-08-08,15:55,40.764706,-73.81100500000001,154 STREET,0.0,0,0,0,0,0,0,0,Backing Unsafely,Sedan,QUEENS,11354.0,2024,8,Thursday,0.0,Low
2022-12-28,23:17,40.66617,-73.988815,5 AVENUE,0.0,0,0,0,0,0,0,0,Driver Inattention/Distraction,Station Wagon/Sport Utility Vehicle,BROOKLYN,11215.0,2022,12,Wednesday,0.0,Low
2021-10-27,16:15,40.76983,-73.957634,,0.0,0,0,0,0,0,1,0,Driver Inattention/Distraction,Taxi,MANHATTAN,10021.0,2021,10,Wednesday,0.0,Low
2022-11-02,23:00,0.0,0.0,WEST 125 STREET,0.0,0,0,0,0,0,0,0,Passing or Lane Usage Improper,Station Wagon/Sport Utility Vehicle,Unknown,,2022,11,Wednesday,0.0,Low
2021-10-17,20:15,40.6249491,-73.9771104,DAHILL ROAD,0.0,0,0,0,0,0,0,0,Unspecified,Sedan,Unknown,,2021,10,Sunday,0.0,Low
2022-08-07,12:15,40.66989,-73.93381,SCHENECTADY AVENUE,0.0,0,0,0,0,0,0,0,Oversized Vehicle,FIRE ENGIN,Unknown,,2022,8,Sunday,0.0,Low
2025-07-29,00:10,40.86003,-73.89808000000001,,0.0,0,0,0,0,0,1,0,Alcohol Involvement,Sedan,BRONX,10458.0,2025,7,Tuesday,0.0,Low
2022-04-14,15:24,40.86052,-73.89256999999999,WEBSTER AVENUE,0.0,0,0,0,0,0,0,0,Driver Inattention/Distraction,Sedan,BRONX,10458.0,2022,4,Thursday,0.0,Low
2024-07-08,18:17,40.70082,-73.957466,BEDFORD AVENUE,0.0,0,0,0,0,0,1,0,View Obstructed/Limited,Sedan,BROOKLYN,11206.0,2024,7,Monday,0.0,Low
2024-08-03,20:54,40.675734999999996,-73.89686,PENNSYLVANIA AVENUE,0.0,0,0,0,0,0,0,0,Aggressive Driving/Road Rage,Station Wagon/Sport Utility Vehicle,Unknown,,2024,8,Saturday,0.0,Low
2024-04-17,16:10,40.708363,-73.94339000000001,,0.0,0,0,0,0,0,0,0,Backing Unsafely,Station Wagon/Sport Utility Vehicle,BROOKLYN,11206.0,2024,4,Wednesday,0.0,Low
2023-01-13,20:11,40.810173,-73.95116999999999,WEST 125 STREET,0.0,0,0,0,1,0,0,0,Pedestrian/Bicyclist/Other Pedestrian Error/Confusion,Sedan,MANHATTAN,10027.0,2023,1,Friday,0.0,Low
2025-05-01,22:24,40.842457,-73.881035,,0.0,0,0,0,0,0,0,0,Driver Inattention/Distraction,Sedan,BRONX,10460.0,2025,5,Thursday,0.0,Low
2022-07-17,04:35,40.79157,-73.94469000000001,3 AVENUE,0.0,0,0,0,0,0,0,0,Driver Inattention/Distraction,Station Wagon/Sport Utility Vehicle,MANHATTAN,10029.0,2022,7,Sunday,0.0,Low
2022-10-22,12:20,40.869423,-73.825745,,0.0,0,0,0,0,0,0,0,Unspecified,Sedan,BRONX,10475.0,2022,10,Saturday,0.0,Low
2022-02-18,02:10,40.88742,-73.89449,MAJOR DEEGAN EXPRESSWAY,0.0,0,0,0,0,0,0,0,Passing Too Closely,Sedan,Unknown,,2022,2,Friday,0.0,Low
2021-08-05,18:11,40.836290000000005,-73.85293,,0.0,0,0,0,1,0,0,0,Failure to Yield Right-of-Way,Station Wagon/Sport Utility Vehicle,BRONX,10462.0,2021,8,Thursday,0.0,Low
2021-01-12,10:16,40.602534999999996,-73.99320999999999,BAY PARKWAY,0.0,0,0,0,0,0,0,0,Driver Inattention/Distraction,Station Wagon/Sport Utility Vehicle,Unknown,,2021,1,Tuesday,0.0,Low
2026-08-01,11:00,40.608109999999996,-73.98371,,0.0,0,0,0,0,0,0,0,Driver Inattention/Distraction,Station Wagon/Sport Utility Vehicle,BROOKLYN,11204.0,2026,8,Saturday,0.0,Low
2021-06-28,02:20,40.702076,-73.87917,71 PLACE,0.0,0,0,0,0,0,0,0,Turning Improperly,Sedan,QUEENS,11385.0,2021,6,Monday,0.0,Low
2024-03-20,19:29,40.611477,-73.94883,BEDFORD AVENUE,0.0,0,0,0,1,0,0,0,Driver Inattention/Distraction,Station Wagon/Sport Utility Vehicle,BROOKLYN,11229.0,2024,3,Wednesday,0.0,Low
2021-01-23,12:45,40.682907,-73.99306,SMITH STREET                    ,0.0,0,0,0,0,0,0,0,Passing Too Closely,Sedan,BROOKLYN,11231.0,2021,1,Saturday,0.0,Low
2023-09-28,12:00,40.85179,-73.90279,EAST BURNSIDE AVENUE,0.0,0,0,0,0,0,0,0,Driver Inattention/Distraction,Sedan,BRONX,10457.0,2023,9,Thursday,0.0,Low
2025-03-18,15:20,40.680145,-73.902214,,0.0,0,0,0,0,0,0,0,Backing Unsafely,Station Wagon/Sport Utility Vehicle,BROOKLYN,11207.0,2025,3,Tuesday,0.0,Low
2025-09-17,19:00,40.80706,-73.91844,,0.0,0,0,0,0,0,1,0,Unspecified,Sedan,BRONX,10454.0,2025,9,Wednesday,0.0,Low
2023-05-24,00:00,40.712204,-73.88638,METROPOLITAN AVENUE,0.0,0,0,0,0,0,0,0,Failure to Yield Right-of-Way,Sedan,QUEENS,11379.0,2023,5,Wednesday,0.0,Low
2021-07-26,18:17,40.67098,-73.99996999999999,BAY STREET,0.0,0,0,0,0,0,0,0,Passing Too Closely,Station Wagon/Sport Utility Vehicle,BROOKLYN,11231.0,2021,7,Monday,0.0,Low
2021-12-06,21:00,40.828854,-73.89931999999999,UNION AVENUE,0.0,0,0,0,0,0,0,0,Driver Inexperience,E-Bike,BRONX,10459.0,2021,12,Monday,0.0,Low
2025-02-17,19:10,40.765522,-73.980034,W 57 ST,0.0,0,0,0,1,0,0,0,Failure to Yield Right-of-Way,Taxi,MANHATTAN,10019.0,2025,2,Monday,0.0,Low
2021-02-22,20:02,40.668415,-73.91042,ROCKAWAY AVENUE                 ,0.0,0,0,0,0,0,2,0,Unspecified,Station Wagon/Sport Utility Vehicle,BROOKLYN,11212.0,2021,2,Monday,0.0,Low
2022-12-08,18:14,40.835793,-73.93989599999999,AMSTERDAM AVENUE,0.0,0,0,0,1,0,0,0,Turning Improperly,Station Wagon/Sport Utility Vehicle,MANHATTAN,10032.0,2022,12,Thursday,0.0,Low
2023-04-30,20:08,40.79653,-73.97596999999999,HENRY HUDSON PARKWAY,0.0,0,0,0,0,0,0,0,Driver Inexperience,Station Wagon/Sport Utility Vehicle,Unknown,,2023,4,Sunday,0.0,Low
2026-01-30,15:40,40.685425,-73.76525,178 PL,0.0,0,0,0,0,0,0,0,Pavement Slippery,Station Wagon/Sport Utility Vehicle,Unknown,,2026,1,Friday,0.0,Low
2022-02-20,10:45,40.679756,-73.816956,LINDEN BOULEVARD,0.0,0,0,0,0,0,0,0,Failure to Yield Right-of-Way,Station Wagon/Sport Utility Vehicle,QUEENS,11420.0,2022,2,Sunday,0.0,Low
2025-03-11,20:52,40.673634,-73.76383,137 AVE,0.0,0,1,0,0,0,0,0,Failure to Yield Right-of-Way,Station Wagon/Sport Utility Vehicle,QUEENS,11413.0,2025,3,Tuesday,0.0,Low
2025-07-25,00:00,40.608757000000004,-74.03808599999999,VERRAZANO BRIDGE UPPER,0.0,0,0,0,0,0,1,0,Unspecified,Sedan,Unknown,,2025,7,Friday,0.0,Low
2024-04-06,14:50,40.749752,-73.863785,,0.0,0,0,0,0,0,0,0,Unspecified,Sedan,QUEENS,11368.0,2024,4,Saturday,0.0,Low
2021-05-10,14:58,40.846138,-73.93424,WEST 177 STREET,0.0,0,0,0,0,0,0,0,Driver Inattention/Distraction,E-Scooter,MANHATTAN,10033.0,2021,5,Monday,0.0,Low
2023-04-26,08:24,40.828346,-73.94906,BROADWAY,0.0,0,0,0,1,0,0,0,Passing or Lane Usage Improper,E-Bike,MANHATTAN,10031.0,2023,4,Wednesday,0.0,Low
2025-04-13,16:20,40.879047,-73.85251,,0.0,0,0,0,0,0,1,0,Passing or Lane Usage Improper,Station Wagon/Sport Utility Vehicle,BRONX,10469.0,2025,4,Sunday,0.0,Low
2024-07-17,15:06,40.65217,-73.96141,OCEAN AVENUE,0.0,0,0,0,0,0,0,0,Driver Inattention/Distraction,Station Wagon/Sport Utility Vehicle,BROOKLYN,11226.0,2024,7,Wednesday,0.0,Low
2023-07-16,08:47,40.70384,-73.88441999999999,,0.0,0,0,0,0,0,0,0,Unspecified,Sedan,QUEENS,11385.0,2023,7,Sunday,0.0,Low
2024-04-17,08:07,40.673965,-73.84156999999999,LINDEN BOULEVARD,0.0,0,0,0,0,0,1,0,Illnes,Sedan,QUEENS,11417.0,2024,4,Wednesday,0.0,Low
2024-02-05,19:20,40.751521999999994,-73.99396,WEST 33 STREET,0.0,0,0,0,0,0,0,0,Driver Inattention/Distraction,Sedan,MANHATTAN,10001.0,2024,2,Monday,0.0,Low
2025-02-07,18:00,40.70708,-73.95402,HOOPER ST,0.0,0,0,0,0,0,0,0,Passing or Lane Usage Improper,Station Wagon/Sport Utility Vehicle,Unknown,,2025,2,Friday,0.0,Low
2024-03-15,14:08,40.689003,-73.97697,,0.0,0,1,0,0,0,0,0,Failure to Yield Right-of-Way,Sedan,BROOKLYN,11217.0,2024,3,Friday,0.0,Low
2021-10-27,11:00,40.862064000000004,-73.89484,TIEBOUT AVENUE,0.0,0,0,0,0,0,0,0,Driver Inattention/Distraction,Sedan,BRONX,10458.0,2021,10,Wednesday,0.0,Low
2023-09-27,08:11,40.621109999999994,-73.99185,17 AVENUE,0.0,0,1,0,0,0,0,0,Driver Inattention/Distraction,Station Wagon/Sport Utility Vehicle,BROOKLYN,11204.0,2023,9,Wednesday,0.0,Low
2025-10-25,20:15,40.83623,-73.9074,WEBSTER AVE,0.0,0,0,0,0,0,0,0,Driver Inattention/Distraction,Station Wagon/Sport Utility Vehicle,BRONX,10456.0,2025,10,Saturday,0.0,Low
2021-12-27,05:00,40.710274,-73.77774000000001,183 STREET,0.0,0,0,0,0,0,0,0,Driver Inattention/Distraction,Sedan,Unknown,,2021,12,Monday,0.0,Low
2022-05-19,08:30,40.85962,-73.91329,FAME HALL TERRACE,0.0,0,0,0,0,0,0,0,Pavement Slippery,Sedan,BRONX,10453.0,2022,5,Thursday,0.0,Low
2022-12-30,02:54,40.676193,-74.001335,HAMILTON AVENUE,0.0,0,0,0,0,0,0,0,Traffic Control Disregarded,Sedan,Unknown,,2022,12,Friday,0.0,Low
2025-05-07,00:39,40.680386,-73.90263,,0.0,0,0,0,0,0,1,0,Unsafe Speed,Sedan,BROOKLYN,11207.0,2025,5,Wednesday,0.0,Low
2026-11-02,20:00,40.72082,-73.806366,161 ST,0.0,0,0,0,0,0,0,0,Driver Inattention/Distraction,Sedan,QUEENS,11366.0,2026,11,Monday,0.0,Low
2025-11-20,13:32,40.748470000000005,-73.99246,7 AVE,0.0,0,0,0,0,0,0,0,Unspecified,Sedan,MANHATTAN,10001.0,2025,11,Thursday,0.0,Low
2024-05-30,19:14,40.623497,-73.92838,EAST 49 STREET,0.0,0,0,0,0,0,0,0,Unspecified,Sedan,BROOKLYN,11234.0,2024,5,Thursday,0.0,Low
2021-05-08,05:41,40.677054999999996,-73.798485,119 ROAD,0.0,0,0,0,0,0,0,0,Passing or Lane Usage Improper,Station Wagon/Sport Utility Vehicle,QUEENS,11436.0,2021,5,Saturday,0.0,Low
2021-03-01,19:38,40.629684000000005,-74.11123,FOREST AVENUE                   ,0.0,0,0,0,0,0,2,0,Driver Inexperience,Station Wagon/Sport Utility Vehicle,STATEN ISLAND,10310.0,2021,3,Monday,0.0,Low
2022-11-06,14:09,40.745174,-73.93726,THOMSON AVENUE,0.0,0,0,0,0,0,0,0,Driver Inattention/Distraction,Sedan,QUEENS,11101.0,2022,11,Sunday,0.0,Low
2023-01-04,00:50,40.690917999999996,-73.7623,FARMERS BOULEVARD,0.0,0,0,0,0,0,0,0,Unsafe Lane Changing,Sedan,QUEENS,11412.0,2023,1,Wednesday,0.0,Low
2023-03-17,07:00,40.731809999999996,-73.866646,QUEENS BOULEVARD,0.0,0,0,0,0,0,0,0,Driver Inattention/Distraction,Garbage or Refuse,Unknown,,2023,3,Friday,0.0,Low
2022-07-19,18:10,40.737536999999996,-73.929955,HUNTERS POINT AVENUE,0.0,0,0,0,0,0,0,0,Driver Inattention/Distraction,Station Wagon/Sport Utility Vehicle,QUEENS,11101.0,2022,7,Tuesday,0.0,Low
2022-08-16,11:43,40.608955,-74.09046,STATEN ISLAND EXPRESSWAY,0.0,0,0,0,0,0,1,0,Following Too Closely,Station Wagon/Sport Utility Vehicle,Unknown,,2022,8,Tuesday,0.0,Low
2022-01-08,16:00,40.73169,-73.8204,,0.0,0,0,0,0,0,0,0,Unspecified,Sedan,QUEENS,11367.0,2022,1,Saturday,0.0,Low
2025-10-04,08:00,40.68588,-73.83785,105 ST,0.0,0,0,0,0,0,0,0,Driver Inattention/Distraction,Sedan,QUEENS,11416.0,2025,10,Saturday,0.0,Low
2025-11-04,18:00,0.0,0.0,,0.0,0,0,0,0,0,0,0,Other Vehicular,Sedan,BROOKLYN,11236.0,2025,11,Tuesday,0.0,Low
2025-11-20,22:40,40.532078000000006,-74.2213,,0.0,0,0,0,0,0,0,0,Backing Unsafely,Sedan,STATEN ISLAND,10309.0,2025,11,Thursday,0.0,Low
2024-05-27,03:19,40.650055,-73.93094,,0.0,0,0,0,0,0,0,0,Passing Too Closely,Sedan,BROOKLYN,11203.0,2024,5,Monday,0.0,Low
2021-06-26,09:40,40.684227,-73.93531,HANCOCK STREET,0.0,0,0,0,0,0,0,0,Outside Car Distraction,Box Truck,Unknown,,2021,6,Saturday,0.0,Low
2022-11-16,19:55,40.833675,-73.87391,BRONX RIVER PARKWAY,0.0,0,0,0,0,0,0,0,Unsafe Lane Changing,Sedan,Unknown,,2022,11,Wednesday,0.0,Low
2025-05-05,11:10,40.852142,-73.83719,,0.0,0,0,0,0,0,0,0,Unspecified,Station Wagon/Sport Utility Vehicle,BRONX,10461.0,2025,5,Monday,0.0,Low
2021-09-18,15:45,40.714523,-74.0071,,0.0,0,0,0,0,0,0,0,Driver Inattention/Distraction,Tow Truck / Wrecker,MANHATTAN,10007.0,2021,9,Saturday,0.0,Low
2025-09-08,04:30,40.71702,-73.830505,GRAND CENTRAL PKWY,0.0,0,0,0,0,0,1,0,Unspecified,Sedan,Unknown,,2025,9,Monday,0.0,Low
2024-03-03,15:00,40.753014,-73.87164,,0.0,0,0,0,1,0,0,0,Turning Improperly,Sedan,QUEENS,11368.0,2024,3,Sunday,0.0,Low
2026-02-15,00:11,40.598890000000004,-73.99336,BENSON AVE,0.0,0,1,0,1,0,0,0,Obstruction/Debris,Bike,BROOKLYN,11214.0,2026,2,Sunday,0.0,Low
2021-06-19,16:00,40.684258,-73.84604,WOODHAVEN BOULEVARD,0.0,0,0,0,0,0,1,0,Driver Inattention/Distraction,Station Wagon/Sport Utility Vehicle,QUEENS,11416.0,2021,6,Saturday,0.0,Low
2024-01-31,16:00,40.671640000000004,-73.95034,NOSTRAND AVENUE,0.0,0,0,0,0,0,1,0,Following Too Closely,Box Truck,BROOKLYN,11216.0,2024,1,Wednesday,0.0,Low
2021-12-29,06:30,40.557567999999996,-74.207,ARTHUR KILL ROAD,0.0,0,0,0,0,0,0,0,Pavement Slippery,Station Wagon/Sport Utility Vehicle,Unknown,,2021,12,Wednesday,0.0,Low
2023-11-15,15:58,40.730152000000004,-74.00413,,0.0,0,0,0,0,0,0,0,Driver Inattention/Distraction,Sedan,MANHATTAN,10014.0,2023,11,Wednesday,0.0,Low
2023-01-23,12:38,40.67416,-73.94731999999999,PROSPECT PLACE,0.0,0,0,0,0,0,1,0,Driver Inattention/Distraction,Pick-up Truck,Unknown,,2023,1,Monday,0.0,Low
2024-11-25,20:15,40.681087,-73.84634,ROCKAWAY BLVD,0.0,0,0,0,0,0,3,0,Traffic Control Disregarded,Sedan,QUEENS,11417.0,2024,11,Monday,0.0,Low
2024-12-30,04:30,40.639214,-73.9596,,0.0,0,0,0,0,0,0,0,Unspecified,Station Wagon/Sport Utility Vehicle,BROOKLYN,11226.0,2024,12,Monday,0.0,Low
2025-12-04,17:07,40.762917,-73.98565,W 51 ST,0.0,0,0,0,0,0,0,0,Driver Inattention/Distraction,Station Wagon/Sport Utility Vehicle,MANHATTAN,10019.0,2025,12,Thursday,0.0,Low
2025-01-03,00:37,40.750084,-73.816574,UNION ST,0.0,0,0,0,0,0,0,0,Driver Inattention/Distraction,Sedan,QUEENS,11355.0,2025,1,Friday,0.0,Low
2023-01-13,13:59,40.652879999999996,-74.013,,0.0,0,0,0,0,0,0,0,Other Vehicular,Sedan,BROOKLYN,11232.0,2023,1,Friday,0.0,Low
2023-11-06,19:40,40.726240000000004,-73.93178,THOMAS STREET,0.0,0,0,0,0,0,0,0,Driver Inexperience,Box Truck,BROOKLYN,11222.0,2023,11,Monday,0.0,Low
2021-08-22,01:35,40.724552,-73.72452,CROSS ISLAND PARKWAY,0.0,0,0,0,0,0,0,0,Reaction to Uninvolved Vehicle,Station Wagon/Sport Utility Vehicle,Unknown,,2021,8,Sunday,0.0,Low
2026-03-17,12:51,40.727634,-74.00084,,0.0,0,0,0,1,0,0,0,Driver Inattention/Distraction,Box Truck,MANHATTAN,10012.0,2026,3,Tuesday,0.0,Low
2023-06-27,09:21,40.830067,-73.92915,EAST 161 STREET,0.0,0,0,0,0,0,0,0,Passing or Lane Usage Improper,Station Wagon/Sport Utility Vehicle,Unknown,,2023,6,Tuesday,0.0,Low
2026-10-02,06:50,40.706554,-73.916794,,0.0,0,0,0,0,0,0,0,Driver Inexperience,Station Wagon/Sport Utility Vehicle,QUEENS,11385.0,2026,10,Friday,0.0,Low
2023-11-30,00:00,40.63024,-74.139915,PORT RICHMOND AVENUE,0.0,0,0,0,0,0,0,0,Unspecified,Sedan,Unknown,,2023,11,Thursday,0.0,Low
2025-12-28,00:33,40.863341999999996,-73.89606500000001,,0.0,0,0,0,0,0,0,0,Unspecified,Sedan,BRONX,10458.0,2025,12,Sunday,0.0,Low
2022-03-26,17:55,40.705738000000004,-73.944695,MANHATTAN AVENUE,0.0,0,0,0,0,0,0,0,Driver Inattention/Distraction,Sedan,BROOKLYN,11206.0,2022,3,Saturday,0.0,Low
2022-03-03,21:00,40.63261,-73.99465,,0.0,0,0,0,0,0,0,0,Oversized Vehicle,Station Wagon/Sport Utility Vehicle,BROOKLYN,11219.0,2022,3,Thursday,0.0,Low
2021-06-20,02:46,40.838359999999994,-73.91271,SHERIDAN AVENUE,0.0,0,6,0,0,0,0,0,Unsafe Speed,Station Wagon/Sport Utility Vehicle,BRONX,10456.0,2021,6,Sunday,0.0,Low
2022-02-03,07:40,40.672979999999995,-73.88852,PITKIN AVENUE,0.0,0,0,0,0,0,5,0,Driver Inattention/Distraction,Sedan,BROOKLYN,11207.0,2022,2,Thursday,0.0,Low
2021-10-30,21:29,40.67626,-74.01418000000001,VAN BRUNT STREET,0.0,0,0,0,0,0,2,0,Passing or Lane Usage Improper,LIMO,BROOKLYN,11231.0,2021,10,Saturday,0.0,Low
2025-10-16,16:30,40.839893,-73.86188,,0.0,0,0,0,0,0,0,0,Driver Inattention/Distraction,Bus,BRONX,10462.0,2025,10,Thursday,0.0,Low
2024-02-26,23:00,40.804066,-73.93117,HARLEM RIVER DRIVE,0.0,0,0,0,0,0,0,0,Alcohol Involvement,Station Wagon/Sport Utility Vehicle,Unknown,,2024,2,Monday,0.0,Low
2024-10-07,11:06,40.647526,-73.978195,CATON AVENUE,0.0,0,1,0,0,0,0,0,Unspecified,Motorcycle,BROOKLYN,11218.0,2024,10,Monday,0.0,Low
2026-02-18,09:10,40.673702,-74.00443,HENRY ST,0.0,0,0,0,0,0,0,0,Turning Improperly,Sedan,BROOKLYN,11231.0,2026,2,Wednesday,0.0,Low
2023-11-09,15:48,40.71997,-73.99290500000001,CHRYSTIE STREET,0.0,0,0,0,0,0,0,0,Driver Inattention/Distraction,Sedan,MANHATTAN,10002.0,2023,11,Thursday,0.0,Low
2021-06-12,07:50,40.810062,-73.95496999999999,WEST 123 STREET,0.0,0,0,0,0,0,0,0,Unspecified,Convertible,Unknown,,2021,6,Saturday,0.0,Low
2025-10-26,15:45,40.608425,-73.75211999999999,,0.0,0,1,0,0,0,0,0,Unspecified,Sedan,QUEENS,11691.0,2025,10,Sunday,0.0,Low
2024-07-13,21:25,40.65149,-73.91475,,0.0,0,0,0,0,0,2,0,Alcohol Involvement,Sedan,BROOKLYN,11236.0,2024,7,Saturday,0.0,Low
2021-08-28,21:30,40.661983,-73.84447,89 STREET,0.0,0,0,0,0,0,0,0,Following Too Closely,Station Wagon/Sport Utility Vehicle,QUEENS,11414.0,2021,8,Saturday,0.0,Low
2022-01-09,09:49,40.872890000000005,-73.8807,BAINBRIDGE AVENUE,0.0,0,0,0,0,0,0,0,Unspecified,Dump,BRONX,10467.0,2022,1,Sunday,0.0,Low
2023-02-10,16:40,40.684321999999995,-73.87710600000001,RIDGEWOOD AVENUE,0.0,0,0,0,0,0,1,0,Traffic Control Disregarded,Sedan,BROOKLYN,11208.0,2023,2,Friday,0.0,Low
2022-01-23,16:45,40.78221,-73.78151,,0.0,0,0,0,0,0,0,0,Steering Failure,Sedan,QUEENS,11360.0,2022,1,Sunday,0.0,Low
2022-09-21,10:25,40.820656,-73.897865,,0.0,0,0,0,0,0,1,0,Unspecified,Sedan,BRONX,10459.0,2022,9,Wednesday,0.0,Low
2023-04-28,19:00,40.6867,-73.9982,HENRY STREET,0.0,0,0,0,0,0,0,0,Unspecified,Sedan,BROOKLYN,11201.0,2023,4,Friday,0.0,Low
2024-08-10,10:30,40.740359999999995,-73.97318,EAST 30 STREET,0.0,0,0,0,0,0,0,0,Driver Inattention/Distraction,Sedan,MANHATTAN,10016.0,2024,8,Saturday,0.0,Low
2021-01-25,18:30,40.8946,-73.86120600000001,,0.0,0,0,0,0,0,0,0,Unsafe Lane Changing,Sedan,BRONX,10466.0,2021,1,Monday,0.0,Low
2021-09-26,12:50,40.742657,-73.846214,GRAND CENTRAL PKWY,0.0,0,0,0,0,0,0,0,Following Too Closely,Station Wagon/Sport Utility Vehicle,Unknown,,2021,9,Sunday,0.0,Low
2023-01-02,00:00,40.755505,-73.96807,2 AVENUE,0.0,0,0,0,0,0,0,0,Driver Inattention/Distraction,Sedan,MANHATTAN,10022.0,2023,1,Monday,0.0,Low
2025-03-24,05:05,40.604973,-74.17059,VICTORY BLVD,0.0,0,0,0,0,0,0,0,Passing Too Closely,Station Wagon/Sport Utility Vehicle,Unknown,,2025,3,Monday,0.0,Low
2023-03-05,07:45,40.68646,-73.961395,,0.0,0,0,0,0,0,0,0,Unspecified,Sedan,BROOKLYN,11238.0,2023,3,Sunday,0.0,Low
2021-06-04,20:49,40.729735999999995,-73.833725,VAN WYCK EXPWY,0.0,0,0,0,0,0,0,0,Reaction to Uninvolved Vehicle,Sedan,Unknown,,2021,6,Friday,0.0,Low
2023-03-10,18:40,40.724083,-73.994446,,0.0,0,0,0,0,0,0,0,Passing Too Closely,Flat Rack,MANHATTAN,10012.0,2023,3,Friday,0.0,Low
2024-05-31,19:26,40.872414,-73.839966,HAMMERSLEY AVENUE,0.0,0,0,0,0,0,2,0,Failure to Yield Right-of-Way,Sedan,BRONX,10469.0,2024,5,Friday,0.0,Low
2021-09-06,03:10,40.676632,-73.7555,137 AVENUE,0.0,0,0,0,0,0,0,0,Driver Inattention/Distraction,Station Wagon/Sport Utility Vehicle,QUEENS,11413.0,2021,9,Monday,0.0,Low
2021-05-14,15:51,40.82483,-73.85424,,0.0,0,0,0,0,0,1,0,Driver Inexperience,Station Wagon/Sport Utility Vehicle,BRONX,10473.0,2021,5,Friday,0.0,Low
2023-04-30,09:35,40.70543,-73.9181,DE KALB AVENUE,0.0,0,0,0,1,0,0,0,Alcohol Involvement,Station Wagon/Sport Utility Vehicle,BROOKLYN,11237.0,2023,4,Sunday,0.0,Low
2025-05-30,11:30,40.75585,-73.88258,NORTHERN BLVD,0.0,0,0,0,0,0,1,0,Unsafe Speed,Station Wagon/Sport Utility Vehicle,QUEENS,11372.0,2025,5,Friday,0.0,Low
2024-04-02,16:10,40.58569,-73.94881,,0.0,0,0,0,0,0,0,0,Unspecified,Station Wagon/Sport Utility Vehicle,BROOKLYN,11235.0,2024,4,Tuesday,0.0,Low
2021-03-26,13:30,40.879463,-73.85249,LACONIA AVENUE                  ,0.0,0,0,0,0,0,0,0,Traffic Control Disregarded,Station Wagon/Sport Utility Vehicle,BRONX,10469.0,2021,3,Friday,0.0,Low
2021-04-18,16:38,40.76197,-73.92539000000001,31 STREET,0.0,0,0,0,0,0,3,0,Driver Inexperience,Station Wagon/Sport Utility Vehicle,QUEENS,11106.0,2021,4,Sunday,0.0,Low
2023-06-04,01:45,40.615615999999996,-74.09645,,0.0,0,0,0,0,0,0,0,Other Vehicular,Sedan,STATEN ISLAND,10301.0,2023,6,Sunday,0.0,Low
2022-01-08,06:00,40.84442,-73.92505,UNDERCLIFF AVENUE,0.0,0,0,0,0,0,0,0,Passing Too Closely,Sedan,BRONX,10452.0,2022,1,Saturday,0.0,Low
2023-05-01,12:00,40.68573,-74.002365,DE GRAW STREET,0.0,0,0,0,0,0,0,0,Driver Inattention/Distraction,Sedan,BROOKLYN,11231.0,2023,5,Monday,0.0,Low
2022-02-22,14:26,40.68161,-73.75465,PINEVILLE LANE,0.0,0,0,0,0,0,1,0,Passing or Lane Usage Improper,Sedan,QUEENS,11413.0,2022,2,Tuesday,0.0,Low
2025-07-16,07:40,40.641009999999994,-74.07932,,0.0,0,0,0,0,0,0,0,Driver Inattention/Distraction,Sedan,STATEN ISLAND,10301.0,2025,7,Wednesday,0.0,Low
2023-07-30,11:40,40.71991,-73.809044,PARSONS BOULEVARD,0.0,0,0,0,0,0,1,0,Failure to Yield Right-of-Way,Station Wagon/Sport Utility Vehicle,QUEENS,11367.0,2023,7,Sunday,0.0,Low
2025-09-01,08:30,40.761272,-73.95571,FDR DRIVE,0.0,0,0,0,0,0,0,0,Following Too Closely,Station Wagon/Sport Utility Vehicle,Unknown,,2025,9,Monday,0.0,Low
2021-07-16,18:30,40.862732,-73.90333000000001,WEST FORDHAM ROAD,0.0,0,0,0,0,0,1,0,Aggressive Driving/Road Rage,Station Wagon/Sport Utility Vehicle,BRONX,10468.0,2021,7,Friday,0.0,Low
2025-04-13,05:23,40.713463,-73.915215,FLUSHING AVE,0.0,0,0,0,0,0,4,0,Unspecified,Sedan,Unknown,,2025,4,Sunday,0.0,Low
2024-07-02,07:00,40.7431,-73.974014,1 AVENUE,0.0,0,0,0,0,0,0,0,Driver Inattention/Distraction,E-Scooter,Unknown,,2024,7,Tuesday,0.0,Low
2022-06-11,01:00,40.67989,-73.94034,FULTON STREET,0.0,0,0,0,0,0,0,0,Failure to Yield Right-of-Way,Taxi,Unknown,,2022,6,Saturday,0.0,Low
2023-11-04,14:15,40.837303000000006,-73.90785,EAST 170 STREET,0.0,0,1,0,0,0,0,0,Passing or Lane Usage Improper,Unknown,Unknown,,2023,11,Saturday,0.0,Low
2023-02-10,18:30,40.581184,-73.82513,,0.0,0,0,0,0,0,0,0,Unspecified,Station Wagon/Sport Utility Vehicle,QUEENS,11694.0,2023,2,Friday,0.0,Low
2026-09-01,09:00,0.0,0.0,,0.0,0,2,0,0,0,0,0,Aggressive Driving/Road Rage,Sedan,QUEENS,11691.0,2026,9,Tuesday,0.0,Low
2025-08-13,13:35,40.831196000000006,-73.90025,BOSTON ROAD,0.0,0,0,0,0,0,1,0,Driver Inattention/Distraction,Sedan,Unknown,,2025,8,Wednesday,0.0,Low
2021-07-30,01:32,40.720573,-73.93621999999999,VANDERVORT AVENUE,0.0,0,0,0,0,0,1,0,Fell Asleep,Sedan,BROOKLYN,11222.0,2021,7,Friday,0.0,Low
2025-05-12,11:20,40.743446,-73.73383000000001,,0.0,0,0,0,0,0,0,0,Backing Unsafely,Station Wagon/Sport Utility Vehicle,QUEENS,11364.0,2025,5,Monday,0.0,Low
2021-09-15,14:30,40.818084999999996,-73.96048,12 AVENUE,0.0,0,0,0,0,0,2,0,Passing Too Closely,Sedan,Unknown,,2021,9,Wednesday,0.0,Low
2025-10-21,15:19,40.84337,-73.91544,JEROME AVE,0.0,0,0,0,0,0,0,0,Steering Failure,Bus,BRONX,10452.0,2025,10,Tuesday,0.0,Low
2023-09-04,18:30,40.624268,-74.01948,GOWANUS EXPRESSWAY,0.0,0,0,0,0,0,0,0,Unspecified,Sedan,Unknown,,2023,9,Monday,0.0,Low
2021-04-08,00:35,40.662186,-73.737946,243 STREET,0.0,0,0,0,0,0,1,0,Unspecified,Sedan,QUEENS,11422.0,2021,4,Thursday,0.0,Low
2021-02-19,18:47,40.788998,-73.942635,,0.0,0,0,0,0,0,1,0,Passing or Lane Usage Improper,Sedan,MANHATTAN,10029.0,2021,2,Friday,0.0,Low
2021-11-02,14:50,40.615623,-74.105354,VICTORY BOULEVARD               ,0.0,0,0,0,0,0,0,0,Alcohol Involvement,Sedan,STATEN ISLAND,10301.0,2021,11,Tuesday,0.0,Low
2022-06-16,15:30,40.781684999999996,-73.844124,124 STREET,0.0,0,0,0,0,0,0,0,Passing Too Closely,Sedan,QUEENS,11356.0,2022,6,Thursday,0.0,Low
2022-12-30,23:05,40.66858,-73.84223,CROSS BAY BOULEVARD,0.0,0,0,0,0,0,2,0,Driver Inattention/Distraction,Ambulance,Unknown,,2022,12,Friday,0.0,Low
2022-05-27,10:08,40.692066,-73.7654,NEWBURG STREET,0.0,0,0,0,0,0,0,0,Traffic Control Disregarded,Sedan,Unknown,,2022,5,Friday,0.0,Low
2023-08-26,22:00,40.65802,-73.739746,,0.0,0,0,0,0,0,0,0,Unspecified,Station Wagon/Sport Utility Vehicle,QUEENS,11422.0,2023,8,Saturday,0.0,Low
2021-02-11,11:19,40.8236,-73.9497,WEST 142 STREET,0.0,0,0,0,0,0,0,0,Unspecified,Sedan,Unknown,,2021,2,Thursday,0.0,Low
2025-11-16,15:20,40.737274,-73.804955,,0.0,0,0,0,0,0,0,0,Following Too Closely,Sedan,QUEENS,11365.0,2025,11,Sunday,0.0,Low
2023-03-10,00:00,40.720158000000005,-73.94605,BAYARD STREET,0.0,0,0,0,0,0,1,0,Aggressive Driving/Road Rage,Sedan,BROOKLYN,11222.0,2023,3,Friday,0.0,Low
2023-06-11,10:20,40.650079999999996,-73.96101,OCEAN AVENUE,0.0,0,0,0,1,0,0,0,Failure to Yield Right-of-Way,Box Truck,BROOKLYN,11226.0,2023,6,Sunday,0.0,Low
2024-11-28,09:12,40.69559,-73.74200400000001,,0.0,0,1,0,0,0,0,0,Backing Unsafely,Sedan,QUEENS,11411.0,2024,11,Thursday,0.0,Low
2022-01-06,12:33,40.623962,-73.97245,AVENUE J,0.0,0,0,0,1,0,0,0,Unspecified,Station Wagon/Sport Utility Vehicle,BROOKLYN,11230.0,2022,1,Thursday,0.0,Low
2021-04-06,17:28,40.747856,-74.00059499999999,,0.0,0,0,0,0,0,0,0,Alcohol Involvement,Sedan,MANHATTAN,10001.0,2021,4,Tuesday,0.0,Low
2021-10-08,04:00,40.80875,-73.91176,,0.0,0,0,0,0,0,0,0,Unspecified,Station Wagon/Sport Utility Vehicle,BRONX,10454.0,2021,10,Friday,0.0,Low
2026-03-15,13:00,40.63108,-73.99575,,0.0,0,0,0,0,0,0,0,Reaction to Uninvolved Vehicle,Bus,BROOKLYN,11219.0,2026,3,Sunday,0.0,Low
2021-02-04,21:48,40.573196,-74.13463,RICHMOND ROAD                   ,0.0,0,0,0,0,0,0,0,Alcohol Involvement,Pick-up Truck,STATEN ISLAND,10306.0,2021,2,Thursday,0.0,Low
2024-04-22,10:54,40.725628,-73.84585,68 DRIVE,0.0,0,0,0,0,0,1,0,Failure to Yield Right-of-Way,Sedan,QUEENS,11375.0,2024,4,Monday,0.0,Low
2022-08-02,12:26,40.672195,-73.74284,,0.0,0,0,0,0,0,1,0,Pavement Slippery,Sedan,QUEENS,11413.0,2022,8,Tuesday,0.0,Low
2022-08-07,20:45,40.6406,-74.08229,HENDRICKS AVENUE,0.0,0,0,0,0,0,0,0,Unspecified,Sedan,Unknown,,2022,8,Sunday,0.0,Low
2021-04-30,19:16,40.814170000000004,-73.92121999999999,EAST 145 STREET,0.0,0,0,0,0,0,1,0,Traffic Control Disregarded,Sedan,BRONX,10454.0,2021,4,Friday,0.0,Low
2022-08-08,01:55,40.638725,-74.00729,,0.0,0,0,0,0,0,0,0,Unspecified,Sedan,BROOKLYN,11220.0,2022,8,Monday,0.0,Low
2022-06-04,17:17,40.846540000000005,-73.93521,,0.0,0,0,0,0,0,0,0,Other Vehicular,Sedan,MANHATTAN,10033.0,2022,6,Saturday,0.0,Low
2025-05-23,14:23,40.744465000000005,-73.77179,CLEARVIEW EXPRESSWAY,0.0,0,0,0,0,0,1,0,Driver Inattention/Distraction,Station Wagon/Sport Utility Vehicle,Unknown,,2025,5,Friday,0.0,Low
2025-09-04,21:08,40.707954,-73.83714,PARK LN S,0.0,0,0,0,1,0,0,0,Pedestrian/Bicyclist/Other Pedestrian Error/Confusion,Sedan,QUEENS,11418.0,2025,9,Thursday,0.0,Low
2023-12-11,11:56,40.780753999999995,-73.95258000000001,3 AVENUE,0.0,0,0,0,0,0,0,0,Failure to Yield Right-of-Way,E-Scooter,MANHATTAN,10128.0,2023,12,Monday,0.0,Low
2023-04-22,18:47,40.809692,-73.94409,LENOX AVENUE,0.0,0,0,0,0,0,0,0,Alcohol Involvement,Station Wagon/Sport Utility Vehicle,MANHATTAN,10027.0,2023,4,Saturday,0.0,Low
2021-10-23,05:00,40.6668182,-73.9614782,,0.0,0,0,0,0,0,0,0,Unsafe Speed,Sedan,BROOKLYN,11225.0,2021,10,Saturday,0.0,Low
2026-01-28,18:55,40.574463,-74.0926,FREEBORN ST,0.0,0,0,0,0,0,1,0,Unspecified,Sedan,STATEN ISLAND,10306.0,2026,1,Wednesday,0.0,Low
2022-07-07,01:40,40.716488,-73.94643,MANHATTAN AVENUE,0.0,0,0,0,0,0,0,0,Driver Inattention/Distraction,Station Wagon/Sport Utility Vehicle,Unknown,,2022,7,Thursday,0.0,Low
2021-09-08,21:15,40.68379,-73.80978,111 AVENUE,0.0,0,0,0,0,0,0,0,Illnes,Sedan,QUEENS,11420.0,2021,9,Wednesday,0.0,Low
2025-05-05,12:39,40.776516,-73.95296,,0.0,0,0,0,0,0,4,0,Driver Inattention/Distraction,Station Wagon/Sport Utility Vehicle,MANHATTAN,10028.0,2025,5,Monday,0.0,Low
2025-04-10,05:06,40.66598,-73.88739,,0.0,0,0,0,0,0,0,0,Backing Unsafely,Station Wagon/Sport Utility Vehicle,BROOKLYN,11207.0,2025,4,Thursday,0.0,Low
2024-01-09,13:18,40.712646,-73.90597,FOREST AVENUE,0.0,0,0,0,0,0,1,0,Turning Improperly,Sedan,QUEENS,11385.0,2024,1,Tuesday,0.0,Low
2024-09-08,19:29,40.635822,-73.96781,,0.0,0,0,0,0,0,1,0,Aggressive Driving/Road Rage,Station Wagon/Sport Utility Vehicle,BROOKLYN,11218.0,2024,9,Sunday,0.0,Low
2024-04-20,17:45,40.706047,-73.80866999999999,,0.0,0,1,0,0,0,0,0,Failure to Yield Right-of-Way,Unknown,QUEENS,11435.0,2024,4,Saturday,0.0,Low
2022-09-10,11:50,40.70261,-73.99251600000001,FRONT STREET,0.0,0,0,0,1,0,0,0,Driver Inattention/Distraction,Bike,BROOKLYN,11201.0,2022,9,Saturday,0.0,Low
2022-11-20,02:55,40.67058,-73.93096,SAINT JOHNS PLACE,0.0,0,0,0,0,0,0,0,Passing Too Closely,Unknown,Unknown,,2022,11,Sunday,0.0,Low
2025-09-24,21:30,40.76657,-73.88846600000001,GRAND CENTRAL PKWY,0.0,0,0,0,0,0,0,0,Driver Inattention/Distraction,Sedan,Unknown,,2025,9,Wednesday,0.0,Low
2025-07-16,00:50,40.716072,-73.90351,60 LN,0.0,0,0,0,0,0,0,0,Failure to Yield Right-of-Way,Station Wagon/Sport Utility Vehicle,QUEENS,11378.0,2025,7,Wednesday,0.0,Low
2021-08-11,20:40,40.728024,-73.74764,217 STREET,0.0,0,0,0,0,0,0,0,Driver Inattention/Distraction,Sedan,QUEENS,11427.0,2021,8,Wednesday,0.0,Low
2025-04-09,19:40,40.84981,-73.864685,,0.0,0,0,0,0,0,0,0,Driver Inattention/Distraction,Sedan,BRONX,10462.0,2025,4,Wednesday,0.0,Low
2024-10-16,06:40,40.616479999999996,-74.004234,15 AVE,0.0,0,0,0,0,0,0,0,Driver Inattention/Distraction,Bus,BROOKLYN,11228.0,2024,10,Wednesday,0.0,Low
2021-01-01,16:14,40.705807,-73.93176,,0.0,0,0,0,0,0,0,0,Passing Too Closely,Sedan,BROOKLYN,11237.0,2021,1,Friday,0.0,Low
2024-12-07,15:25,40.697517,-73.78485,,0.0,0,0,0,0,0,0,0,Driver Inattention/Distraction,Sedan,QUEENS,11433.0,2024,12,Saturday,0.0,Low
2023-03-09,19:00,40.789623,-73.94006999999999,EAST 106 STREET,0.0,0,0,0,0,0,0,0,Unspecified,Station Wagon/Sport Utility Vehicle,MANHATTAN,10029.0,2023,3,Thursday,0.0,Low
2021-12-29,05:15,40.710735,-73.961815,SOUTH 5 STREET,0.0,0,0,0,0,0,0,0,Unsafe Speed,Station Wagon/Sport Utility Vehicle,Unknown,,2021,12,Wednesday,0.0,Low
2022-11-27,21:00,40.600629999999995,-73.75059,GATEWAY BOULEVARD,0.0,0,0,0,1,0,0,0,Passing or Lane Usage Improper,Bike,QUEENS,11691.0,2022,11,Sunday,0.0,Low
2024-11-01,22:00,40.725559999999994,-73.87965,80 STREET,0.0,0,0,0,0,0,1,0,Unspecified,Moped,QUEENS,11379.0,2024,11,Friday,0.0,Low
2022-01-14,19:30,40.762962,-73.97188,EAST 58 STREET,0.0,0,0,0,0,0,0,0,Other Vehicular,Sedan,MANHATTAN,10022.0,2022,1,Friday,0.0,Low
2023-10-21,13:53,40.66279,-73.99887,3 AVENUE,0.0,0,0,0,0,0,0,0,Unspecified,Pick-up Truck,Unknown,,2023,10,Saturday,0.0,Low
2021-03-16,13:19,40.805073,-73.92331,BRUCKNER BOULEVARD              ,0.0,0,0,0,0,0,0,0,Unsafe Lane Changing,Sedan,Unknown,,2021,3,Tuesday,0.0,Low
2025-06-09,05:25,40.756588,-73.98865,,0.0,0,0,0,0,0,2,0,Other Vehicular,Sedan,MANHATTAN,10036.0,2025,6,Monday,0.0,Low
2022-11-04,10:00,40.666187,-73.79176,BELT PARKWAY,0.0,0,0,0,0,0,0,0,Fell Asleep,Sedan,Unknown,,2022,11,Friday,0.0,Low
2021-11-19,17:00,40.807808,-73.92384,EAST 136 STREET,0.0,0,1,0,0,0,0,0,Unspecified,Station Wagon/Sport Utility Vehicle,BRONX,10454.0,2021,11,Friday,0.0,Low
2025-07-03,19:12,40.83238,-73.8927,INTERVALE AVE,0.0,0,0,0,0,0,0,0,Other Vehicular,Station Wagon/Sport Utility Vehicle,BRONX,10459.0,2025,7,Thursday,0.0,Low
2022-05-13,01:05,40.863632,-73.87168,BRONX RIVER PARKWAY,0.0,0,0,0,0,0,2,0,Other Vehicular,Station Wagon/Sport Utility Vehicle,Unknown,,2022,5,Friday,0.0,Low
2021-07-12,17:44,40.623055,-74.11327,CLOVE ROAD,0.0,0,0,0,0,0,0,0,Driver Inexperience,Sedan,STATEN ISLAND,10301.0,2021,7,Monday,0.0,Low
2023-12-05,17:45,40.681847,-73.8026,115 AVENUE,0.0,0,0,0,0,0,0,0,Other Vehicular,Sedan,QUEENS,11436.0,2023,12,Tuesday,0.0,Low
2022-10-28,19:30,40.704792,-74.01155,,0.0,0,0,0,0,0,0,0,Unspecified,Sedan,MANHATTAN,10004.0,2022,10,Friday,0.0,Low
2022-12-15,08:25,40.669918,-73.91889,SAINT JOHNS PLACE,0.0,0,0,0,0,0,0,0,Unspecified,Sedan,BROOKLYN,11233.0,2022,12,Thursday,0.0,Low
2024-08-11,11:51,40.68079,-73.8063,135 ST,0.0,0,0,0,0,0,2,0,Traffic Control Disregarded,Taxi,QUEENS,11420.0,2024,8,Sunday,0.0,Low
2022-11-24,22:50,40.64642,-73.97077,,0.0,0,0,0,0,0,0,0,Unspecified,Sedan,BROOKLYN,11218.0,2022,11,Thursday,0.0,Low
2026-03-15,14:10,40.674853999999996,-73.97078,FLATBUSH AVE,0.0,0,0,0,0,0,1,0,Following Too Closely,Taxi,Unknown,,2026,3,Sunday,0.0,Low
2022-02-20,00:00,40.87143,-73.88701999999999,,0.0,0,0,0,0,0,0,0,Driver Inexperience,Sedan,BRONX,10458.0,2022,2,Sunday,0.0,Low
2023-12-10,08:00,40.763653000000005,-73.999054,WEST 45 STREET,0.0,0,0,0,0,0,0,0,Driver Inattention/Distraction,Van,Unknown,,2023,12,Sunday,0.0,Low
2024-11-05,16:52,40.560629999999996,-74.16304000000001,,0.0,0,0,0,0,0,1,0,Backing Unsafely,Station Wagon/Sport Utility Vehicle,STATEN ISLAND,10308.0,2024,11,Tuesday,0.0,Low
2022-03-04,14:40,40.64953,-73.91633,REMSEN AVENUE,0.0,0,0,0,0,0,0,0,Unspecified,Station Wagon/Sport Utility Vehicle,BROOKLYN,11236.0,2022,3,Friday,0.0,Low
2021-06-07,20:38,40.607662,-73.98348,WEST 10 STREET,0.0,0,0,0,0,0,0,0,Unspecified,Sedan,Unknown,,2021,6,Monday,0.0,Low
2025-10-02,00:30,40.692825,-73.9268,,0.0,0,0,0,0,0,0,0,Alcohol Involvement,Sedan,BROOKLYN,11221.0,2025,10,Thursday,0.0,Low
2022-07-24,15:46,40.663727,-73.89573,,0.0,0,0,0,0,0,0,0,Unspecified,Sedan,BROOKLYN,11207.0,2022,7,Sunday,0.0,Low
2022-07-27,12:50,40.858044,-73.90527,DAVIDSON AVENUE,0.0,0,1,0,0,0,0,0,Unknown,Unknown,BRONX,10453.0,2022,7,Wednesday,0.0,Low
2021-06-14,00:00,40.630590000000005,-74.028145,,0.0,0,1,0,0,0,0,0,Unspecified,Station Wagon/Sport Utility Vehicle,BROOKLYN,11209.0,2021,6,Monday,0.0,Low
2025-07-24,16:10,40.576965,-74.16973,RICHMOND AVE,0.0,0,0,0,0,0,1,0,Unspecified,Station Wagon/Sport Utility Vehicle,Unknown,,2025,7,Thursday,0.0,Low
2024-10-10,13:00,40.668293,-73.97924,,0.0,0,0,0,0,0,0,0,Passenger Distraction,Station Wagon/Sport Utility Vehicle,BROOKLYN,11215.0,2024,10,Thursday,0.0,Low
2021-11-27,16:18,40.67745,-73.97236,CARLTON AVENUE,0.0,0,1,0,0,0,0,0,Driver Inattention/Distraction,Pick-up Truck,BROOKLYN,11238.0,2021,11,Saturday,0.0,Low
2021-05-31,12:00,40.65214,-73.944885,,0.0,0,0,0,0,0,0,0,Unspecified,Station Wagon/Sport Utility Vehicle,BROOKLYN,11203.0,2021,5,Monday,0.0,Low
2021-05-17,00:00,40.630547,-74.00934000000001,,0.0,0,0,0,0,0,0,0,Driver Inattention/Distraction,Station Wagon/Sport Utility Vehicle,BROOKLYN,11219.0,2021,5,Monday,0.0,Low
2024-04-21,15:31,40.82925,-73.897255,,0.0,0,1,0,0,0,1,0,Unspecified,Moped,BRONX,10459.0,2024,4,Sunday,0.0,Low
2025-06-23,13:05,40.848606,-73.88979,E 180 ST,0.0,0,0,0,0,0,0,0,Passing Too Closely,Sedan,BRONX,10457.0,2025,6,Monday,0.0,Low
2021-04-15,19:49,40.741028,-73.99417,WEST 20 STREET,0.0,0,1,0,0,0,0,0,Failure to Yield Right-of-Way,Sedan,MANHATTAN,10010.0,2021,4,Thursday,0.0,Low
2021-01-14,03:00,40.598873,-73.98085999999999,,0.0,0,0,0,0,0,0,0,Unspecified,Sedan,BROOKLYN,11223.0,2021,1,Thursday,0.0,Low
2021-01-22,08:45,40.674416,-73.9042,,0.0,0,0,0,0,0,0,0,Unspecified,Station Wagon/Sport Utility Vehicle,BROOKLYN,11212.0,2021,1,Friday,0.0,Low
2022-10-22,16:40,40.84042,-73.86269,UNIONPORT ROAD,0.0,0,0,0,1,0,0,0,Other Vehicular,Sedan,Unknown,,2022,10,Saturday,0.0,Low
2022-12-13,15:30,40.850674,-73.89763,,0.0,0,0,0,0,0,0,0,Other Vehicular,Station Wagon/Sport Utility Vehicle,BRONX,10457.0,2022,12,Tuesday,0.0,Low
2025-03-18,18:00,40.827103,-73.94996,W 146 ST,0.0,0,0,0,0,0,0,0,Unspecified,Sedan,MANHATTAN,10031.0,2025,3,Tuesday,0.0,Low
2021-09-22,14:45,40.847854999999996,-73.895584,EAST 178 STREET,0.0,0,0,0,0,0,1,0,Traffic Control Disregarded,Motorscooter,BRONX,10457.0,2021,9,Wednesday,0.0,Low
2026-01-29,16:39,40.6746,-73.938896,ALBANY AVE,0.0,0,0,0,0,0,0,0,Driver Inattention/Distraction,Station Wagon/Sport Utility Vehicle,BROOKLYN,11213.0,2026,1,Thursday,0.0,Low
2021-05-18,17:25,40.71552,-74.00925,WEST BROADWAY,0.0,0,0,0,0,0,0,0,Passenger Distraction,Station Wagon/Sport Utility Vehicle,MANHATTAN,10007.0,2021,5,Tuesday,0.0,Low
2025-05-28,00:55,40.662693,-73.9957,21 ST,0.0,0,0,0,0,0,0,0,Traffic Control Disregarded,Sedan,BROOKLYN,11232.0,2025,5,Wednesday,0.0,Low
2024-11-09,18:30,40.845985,-73.884476,EAST 180 STREET,0.0,0,0,0,0,0,0,0,Pedestrian/Bicyclist/Other Pedestrian Error/Confusion,Station Wagon/Sport Utility Vehicle,BRONX,10460.0,2024,11,Saturday,0.0,Low
2021-06-19,23:00,40.77124,-73.84371,30 AVENUE,0.0,0,0,0,0,0,0,0,Reaction to Uninvolved Vehicle,Sedan,QUEENS,11354.0,2021,6,Saturday,0.0,Low
2022-10-08,17:00,40.748436,-73.984566,WEST 34 STREET,0.0,0,0,0,0,0,0,0,Unspecified,Station Wagon/Sport Utility Vehicle,MANHATTAN,10016.0,2022,10,Saturday,0.0,Low
2025-09-06,11:25,40.61335,-74.084305,,0.0,0,0,0,0,0,0,0,Driver Inattention/Distraction,Pick-up Truck,STATEN ISLAND,10304.0,2025,9,Saturday,0.0,Low
2021-06-30,18:50,40.729248,-73.98368,,0.0,0,0,0,1,0,0,0,Driver Inattention/Distraction,Sedan,MANHATTAN,10009.0,2021,6,Wednesday,0.0,Low
2023-01-03,14:15,40.579758,-73.96131,BRIGHTON 7 STREET,0.0,0,1,0,0,0,0,0,Unknown,Unknown,BROOKLYN,11235.0,2023,1,Tuesday,0.0,Low
2025-08-25,09:20,40.68468,-73.93654000000001,,0.0,0,0,0,0,0,0,0,Backing Unsafely,Station Wagon/Sport Utility Vehicle,BROOKLYN,11221.0,2025,8,Monday,0.0,Low
2024-09-11,00:10,40.666756,-73.83653000000001,BELT PARKWAY,0.0,0,0,0,0,0,0,0,Passing or Lane Usage Improper,Sedan,Unknown,,2024,9,Wednesday,0.0,Low
2021-09-26,22:48,40.712727,-73.72899,CROSS ISLAND PARKWAY,0.0,0,0,0,0,0,0,0,Tire Failure/Inadequate,Station Wagon/Sport Utility Vehicle,Unknown,,2021,9,Sunday,0.0,Low
2021-07-16,08:30,40.737526,-73.87725,,0.0,0,0,0,0,0,0,0,Driver Inattention/Distraction,Station Wagon/Sport Utility Vehicle,QUEENS,11373.0,2021,7,Friday,0.0,Low
2024-06-26,09:50,40.819416,-73.94168,,0.0,0,0,0,0,0,0,0,Unspecified,Station Wagon/Sport Utility Vehicle,MANHATTAN,10030.0,2024,6,Wednesday,0.0,Low
2022-05-08,14:16,40.843433000000005,-73.94164,FORT WASHINGTON AVENUE,0.0,0,0,0,1,0,0,0,Turning Improperly,Bike,MANHATTAN,10032.0,2022,5,Sunday,0.0,Low
2022-10-11,12:15,40.765987,-73.98713000000001,9 AVENUE,0.0,0,0,0,0,0,2,0,Unspecified,Sedan,MANHATTAN,10019.0,2022,10,Tuesday,0.0,Low
2024-01-24,12:01,40.720524,-73.90493000000001,FLUSHING AVENUE,0.0,0,0,0,0,0,1,0,Following Too Closely,Pick-up Truck,QUEENS,11378.0,2024,1,Wednesday,0.0,Low
2023-12-05,09:59,40.75457,-73.97169,EAST 48 STREET,0.0,0,1,0,0,0,1,0,Brakes Defective,Taxi,MANHATTAN,10017.0,2023,12,Tuesday,0.0,Low
2024-01-19,18:30,40.753407,-73.852356,GRAND CENTRAL PKWY,0.0,0,0,0,0,0,0,0,Unspecified,Sedan,Unknown,,2024,1,Friday,0.0,Low
2025-10-16,17:43,40.542429999999996,-74.145905,HYLAN BLVD,0.0,0,0,0,0,0,0,0,Driver Inattention/Distraction,Station Wagon/Sport Utility Vehicle,STATEN ISLAND,10308.0,2025,10,Thursday,0.0,Low
2024-12-07,18:46,40.849284999999995,-73.93894,WEST 179 STREET,0.0,0,1,0,0,0,0,0,Failure to Yield Right-of-Way,Station Wagon/Sport Utility Vehicle,MANHATTAN,10033.0,2024,12,Saturday,0.0,Low
2026-02-18,09:22,40.829174,-73.90012,,0.0,0,0,0,0,0,0,0,Passing Too Closely,Dump,BRONX,10456.0,2026,2,Wednesday,0.0,Low
2024-02-29,17:15,40.663857,-73.89383000000001,,0.0,0,0,0,0,0,5,0,Unspecified,Sedan,BROOKLYN,11207.0,2024,2,Thursday,0.0,Low
2021-02-28,11:00,40.608128,-73.99817,,0.0,0,1,0,0,0,0,0,Driver Inattention/Distraction,Sedan,BROOKLYN,11214.0,2021,2,Sunday,0.0,Low
2024-12-23,17:00,40.631363,-73.94636,,0.0,0,1,0,0,0,0,0,Backing Unsafely,Station Wagon/Sport Utility Vehicle,BROOKLYN,11210.0,2024,12,Monday,0.0,Low
2021-06-13,05:22,40.728413,-73.88078,LONG ISLAND EXPRESSWAY,0.0,0,0,0,0,0,0,0,Driver Inattention/Distraction,Sedan,Unknown,,2021,6,Sunday,0.0,Low
2021-09-30,09:45,40.775925,-73.90893,,0.0,0,0,0,0,0,0,0,Passing or Lane Usage Improper,Box Truck,QUEENS,11105.0,2021,9,Thursday,0.0,Low
2025-04-30,19:52,40.663517,-73.95721,BEDFORD AVE,0.0,0,0,0,0,0,1,0,Turning Improperly,Motorcycle,BROOKLYN,11225.0,2025,4,Wednesday,0.0,Low
2021-03-20,00:15,40.877796000000004,-73.86806,EAST GUN HILL ROAD              ,0.0,0,0,0,0,0,0,0,Failure to Yield Right-of-Way,Station Wagon/Sport Utility Vehicle,BRONX,10467.0,2021,3,Saturday,0.0,Low
2021-12-15,17:00,40.663090000000004,-73.962395,FLATBUSH AVENUE,0.0,0,0,0,0,0,0,0,Unsafe Lane Changing,Sedan,BROOKLYN,11225.0,2021,12,Wednesday,0.0,Low
2024-10-25,21:56,0.0,0.0,,0.0,0,0,0,0,0,0,0,Alcohol Involvement,Sedan,QUEENS,11433.0,2024,10,Friday,0.0,Low
2022-03-07,00:45,40.679534999999994,-73.900475,BUSHWICK AVENUE,0.0,0,0,0,0,0,0,0,Driver Inattention/Distraction,Sedan,BROOKLYN,11207.0,2022,3,Monday,0.0,Low
2021-08-20,13:10,40.619021999999994,-74.029915,,0.0,0,0,0,0,0,0,0,Passing Too Closely,Station Wagon/Sport Utility Vehicle,BROOKLYN,11209.0,2021,8,Friday,0.0,Low
2023-09-03,23:39,40.65245,-73.96345,SAINT PAULS PLACE,0.0,0,0,0,0,0,0,0,Unsafe Speed,Sedan,BROOKLYN,11226.0,2023,9,Sunday,0.0,Low
2023-03-30,15:15,40.65161,-74.01061999999999,GOWANUS EXPY (BQE),0.0,0,0,0,0,0,0,0,Unsafe Speed,Station Wagon/Sport Utility Vehicle,Unknown,,2023,3,Thursday,0.0,Low
2026-02-18,16:20,40.816936,-73.934814,,0.0,0,0,0,0,0,4,0,Unsafe Speed,Sedan,MANHATTAN,10037.0,2026,2,Wednesday,0.0,Low
2023-11-07,13:42,40.86226,-73.89589000000001,EAST FORDHAM ROAD,0.0,0,0,0,0,0,1,0,Traffic Control Disregarded,Motorcycle,BRONX,10458.0,2023,11,Tuesday,0.0,Low
2024-06-05,11:30,40.737536999999996,-73.929955,HUNTERS POINT AVENUE,0.0,0,0,0,0,0,0,0,Driver Inattention/Distraction,Sedan,QUEENS,11101.0,2024,6,Wednesday,0.0,Low
2024-12-06,14:00,40.661503,-73.91256,,0.0,0,1,0,0,0,0,0,Unspecified,Pick-up Truck,BROOKLYN,11212.0,2024,12,Friday,0.0,Low
2022-12-10,08:45,40.58897,-73.90895,BELT PARKWAY,0.0,0,0,0,0,0,0,0,Driver Inattention/Distraction,Station Wagon/Sport Utility Vehicle,Unknown,,2022,12,Saturday,0.0,Low
2024-06-27,15:58,40.59682,-73.92957,AVENUE X,0.0,0,0,0,0,0,0,0,Alcohol Involvement,Station Wagon/Sport Utility Vehicle,BROOKLYN,11229.0,2024,6,Thursday,0.0,Low
2025-12-13,21:01,40.574329999999996,-74.08546,IROQUOIS ST,0.0,0,0,0,0,0,0,0,Driver Inattention/Distraction,Station Wagon/Sport Utility Vehicle,STATEN ISLAND,10305.0,2025,12,Saturday,0.0,Low
2023-11-06,21:30,40.60595,-74.07601,STATEN ISLAND EXPRESSWAY,0.0,0,0,0,0,0,0,0,Failure to Yield Right-of-Way,Sedan,Unknown,,2023,11,Monday,0.0,Low
2023-08-08,13:50,40.7571,-73.73657,57 DRIVE,0.0,0,0,0,0,0,0,0,Unspecified,Station Wagon/Sport Utility Vehicle,QUEENS,11362.0,2023,8,Tuesday,0.0,Low
2024-08-05,09:15,40.60742,-73.95992,,0.0,0,0,0,0,0,0,0,Unspecified,Box Truck,BROOKLYN,11229.0,2024,8,Monday,0.0,Low
2022-07-04,21:46,40.81889,-73.89609,BECK STREET,0.0,0,0,0,1,0,0,0,Passing or Lane Usage Improper,Pick-up Truck,BRONX,10459.0,2022,7,Monday,0.0,Low
2021-01-05,21:50,40.675606,-73.870575,,0.0,0,0,0,0,0,1,0,Unspecified,Station Wagon/Sport Utility Vehicle,BROOKLYN,11208.0,2021,1,Tuesday,0.0,Low
2022-03-23,08:10,40.78322,-73.84679,121 STREET,0.0,0,0,0,0,0,0,0,Driver Inexperience,Station Wagon/Sport Utility Vehicle,QUEENS,11356.0,2022,3,Wednesday,0.0,Low
2025-09-12,15:58,40.690044,-73.81480400000001,131 ST,0.0,0,0,0,0,0,1,0,Driver Inattention/Distraction,Station Wagon/Sport Utility Vehicle,QUEENS,11419.0,2025,9,Friday,0.0,Low
2022-06-30,10:00,40.836384,-73.87039,,0.0,0,0,0,0,0,0,0,Following Too Closely,Station Wagon/Sport Utility Vehicle,BRONX,10460.0,2022,6,Thursday,0.0,Low
2023-03-27,16:25,40.818798,-73.89213000000001,BRUCKNER BOULEVARD,0.0,0,0,0,0,0,0,0,Driver Inattention/Distraction,Sedan,BRONX,10459.0,2023,3,Monday,0.0,Low
2025-09-05,11:55,40.68975,-73.97994,,0.0,0,0,0,0,0,0,0,Unspecified,Sedan,BROOKLYN,11201.0,2025,9,Friday,0.0,Low
2022-02-09,18:19,40.88919,-73.83131,EAST 233 STREET,0.0,0,0,0,1,0,0,0,Failure to Yield Right-of-Way,Taxi,BRONX,10466.0,2022,2,Wednesday,0.0,Low
2025-08-01,16:20,40.7547,-73.860596,,0.0,0,0,0,1,0,0,0,Driver Inattention/Distraction,Sedan,QUEENS,11368.0,2025,8,Friday,0.0,Low
2023-10-24,11:17,40.753147,-73.92113,,0.0,0,0,0,1,0,0,0,Failure to Yield Right-of-Way,Station Wagon/Sport Utility Vehicle,QUEENS,11101.0,2023,10,Tuesday,0.0,Low
2021-08-14,15:07,40.730109999999996,-73.86509000000001,SAUNDERS STREET,0.0,0,0,0,0,0,0,0,Tire Failure/Inadequate,Sedan,QUEENS,11374.0,2021,8,Saturday,0.0,Low
2021-05-20,16:03,40.881744,-73.85706,EAST 219 STREET,0.0,0,0,0,0,0,0,0,Passing Too Closely,SCHOOL BUS,BRONX,10469.0,2021,5,Thursday,0.0,Low
2021-03-11,08:45,40.746906,-73.90160999999999,62 STREET,0.0,0,0,0,0,0,1,0,Driver Inattention/Distraction,Station Wagon/Sport Utility Vehicle,QUEENS,11377.0,2021,3,Thursday,0.0,Low
2025-09-27,10:20,40.861996000000005,-73.84294,,0.0,0,0,0,0,0,0,0,Unspecified,Sedan,BRONX,10469.0,2025,9,Saturday,0.0,Low
2021-07-11,05:31,40.834187,-73.909584,CLAY AVENUE,0.0,0,0,0,0,0,0,0,Fell Asleep,Station Wagon/Sport Utility Vehicle,Unknown,,2021,7,Sunday,0.0,Low
2023-04-03,21:10,40.845776,-73.86346400000001,MORRIS PARK AVENUE,0.0,0,0,0,0,0,0,0,Traffic Control Disregarded,Station Wagon/Sport Utility Vehicle,Unknown,,2023,4,Monday,0.0,Low
2026-01-18,08:35,40.84197,-73.90416,WEBSTER AVE,0.0,0,0,0,0,0,1,0,Driver Inattention/Distraction,Station Wagon/Sport Utility Vehicle,BRONX,10457.0,2026,1,Sunday,0.0,Low
2022-07-26,07:30,40.88051,-73.9007,WEST 234 STREET,0.0,0,0,0,0,0,0,0,Unspecified,Station Wagon/Sport Utility Vehicle,Unknown,,2022,7,Tuesday,0.0,Low
2022-10-03,16:43,40.647197999999996,-73.98111999999999,,0.0,0,0,0,0,0,0,0,Unspecified,Stake or Rack,BROOKLYN,11218.0,2022,10,Monday,0.0,Low
2022-05-28,01:27,40.763023,-73.86465,,0.0,0,0,0,0,0,0,0,Unspecified,Station Wagon/Sport Utility Vehicle,QUEENS,11369.0,2022,5,Saturday,0.0,Low
2021-06-17,05:26,40.670074,-73.90818,,0.0,0,0,0,0,0,0,0,Unspecified,Station Wagon/Sport Utility Vehicle,BROOKLYN,11212.0,2021,6,Thursday,0.0,Low
2025-04-05,12:10,40.728516,-73.88428,LONG ISLAND EXPRESSWAY,0.0,0,0,0,0,0,1,0,Following Too Closely,Station Wagon/Sport Utility Vehicle,Unknown,,2025,4,Saturday,0.0,Low
2022-11-06,07:30,40.74622,-73.94553,23 STREET,0.0,0,0,0,0,0,0,0,Passing or Lane Usage Improper,Box Truck,QUEENS,11101.0,2022,11,Sunday,0.0,Low
2021-07-29,23:50,40.67264,-73.87281,CHESTNUT STREET,0.0,0,0,0,0,0,1,0,Unspecified,Sedan,BROOKLYN,11208.0,2021,7,Thursday,0.0,Low
2025-03-05,17:58,40.65039,-74.0085,43 ST,0.0,0,0,0,0,0,1,0,Alcohol Involvement,Sedan,BROOKLYN,11232.0,2025,3,Wednesday,0.0,Low
2021-02-04,13:00,40.639854,-73.98350500000001,38 STREET                       ,0.0,0,0,0,0,0,0,0,Driver Inattention/Distraction,Station Wagon/Sport Utility Vehicle,BROOKLYN,11218.0,2021,2,Thursday,0.0,Low
2025-05-19,21:55,40.635742,-73.90853,AVENUE J,0.0,0,0,0,0,0,2,0,Failure to Yield Right-of-Way,Station Wagon/Sport Utility Vehicle,BROOKLYN,11236.0,2025,5,Monday,0.0,Low
2024-12-10,17:30,40.713253,-73.97759,FDR DRIVE,0.0,0,0,0,0,0,0,0,Traffic Control Disregarded,Sedan,MANHATTAN,10002.0,2024,12,Tuesday,0.0,Low
2025-07-24,20:00,40.75196,-73.97685,,0.0,0,1,0,0,0,0,0,Driver Inattention/Distraction,Taxi,MANHATTAN,10017.0,2025,7,Thursday,0.0,Low
2026-02-01,00:00,40.666332000000004,-73.99235999999999,,0.0,0,0,0,0,0,0,0,Turning Improperly,Standing S,BROOKLYN,11215.0,2026,2,Sunday,0.0,Low
2023-10-25,01:35,40.71504,-73.99681,BAYARD STREET,0.0,0,0,0,0,0,0,0,Alcohol Involvement,Station Wagon/Sport Utility Vehicle,MANHATTAN,10002.0,2023,10,Wednesday,0.0,Low
2025-09-12,10:00,40.76399,-73.97814,,0.0,0,0,0,0,0,0,0,Backing Unsafely,Station Wagon/Sport Utility Vehicle,MANHATTAN,10019.0,2025,9,Friday,0.0,Low
2026-01-03,04:18,40.742588,-73.98041500000001,E 29 ST,0.0,0,0,0,0,0,0,0,Failure to Yield Right-of-Way,Sedan,MANHATTAN,10016.0,2026,1,Saturday,0.0,Low
2023-02-15,09:00,40.67058,-73.93096,,0.0,0,0,0,0,0,1,0,Illnes,Concrete Mixer,Unknown,,2023,2,Wednesday,0.0,Low
2026-02-19,05:18,40.822838,-73.94192,W 145 ST,0.0,0,0,0,0,0,0,0,Unspecified,Taxi,MANHATTAN,10030.0,2026,2,Thursday,0.0,Low
2025-05-04,13:30,40.59814,-73.742165,JARVIS CT,0.0,0,0,0,0,0,0,0,Driver Inattention/Distraction,Station Wagon/Sport Utility Vehicle,Unknown,,2025,5,Sunday,0.0,Low
2025-09-13,23:13,40.738945,-73.81505,LONG ISLAND EXPRESSWAY,0.0,0,0,0,0,0,1,0,Passing or Lane Usage Improper,Sedan,Unknown,,2025,9,Saturday,0.0,Low
2022-07-24,00:15,40.75367,-73.873665,34 ROAD,0.0,0,0,0,0,0,1,0,Driver Inattention/Distraction,Station Wagon/Sport Utility Vehicle,QUEENS,11372.0,2022,7,Sunday,0.0,Low
2023-06-21,12:02,40.60739,-73.943214,NOSTRAND AVENUE,0.0,0,1,0,0,0,0,0,Failure to Yield Right-of-Way,Tk,BROOKLYN,11229.0,2023,6,Wednesday,0.0,Low
2021-05-29,13:30,40.62488,-74.01964,7 AVENUE,0.0,0,0,0,0,0,0,0,Driver Inattention/Distraction,Box Truck,Unknown,,2021,5,Saturday,0.0,Low
2023-01-02,13:57,40.835396,-73.92031,EAST 167 STREET,0.0,0,0,0,0,0,0,0,Driver Inattention/Distraction,Sedan,BRONX,10452.0,2023,1,Monday,0.0,Low
2021-05-21,10:15,40.693259999999995,-73.73098,,0.0,0,0,0,0,0,0,0,Unspecified,Station Wagon/Sport Utility Vehicle,QUEENS,11411.0,2021,5,Friday,0.0,Low
2025-09-13,18:20,40.751984,-73.88283,84 ST,0.0,0,1,0,0,0,0,0,Turning Improperly,Sedan,QUEENS,11372.0,2025,9,Saturday,0.0,Low
2025-12-19,11:00,40.676487,-73.72654,HOOK CREEK BLVD,0.0,0,0,0,0,0,0,0,Unspecified,Station Wagon/Sport Utility Vehicle,Unknown,,2025,12,Friday,0.0,Low
2024-02-28,00:00,40.7242,-73.93765,MEEKER AVENUE,0.0,0,0,0,0,0,0,0,Passing Too Closely,Tractor Truck Diesel,Unknown,,2024,2,Wednesday,0.0,Low
2022-05-25,14:20,40.602191999999995,-73.75523000000001,BEACH 22 STREET,0.0,0,0,0,0,0,0,0,Tow Hitch Defective,Pick-up Truck,Unknown,,2022,5,Wednesday,0.0,Low
2025-03-29,08:00,40.750890000000005,-73.81940999999999,KISSENA BLVD,0.0,0,1,0,0,0,0,0,Unspecified,Station Wagon/Sport Utility Vehicle,Unknown,,2025,3,Saturday,0.0,Low
2021-04-07,23:30,40.72878,-73.81108,,0.0,0,0,0,0,0,0,0,Unspecified,Station Wagon/Sport Utility Vehicle,QUEENS,11365.0,2021,4,Wednesday,0.0,Low
2023-05-24,07:35,40.831965999999994,-73.8967,JENNINGS STREET,0.0,0,1,0,0,0,0,0,Unspecified,Bike,BRONX,10459.0,2023,5,Wednesday,0.0,Low
2022-05-31,23:05,40.74762,-73.99046,,0.0,0,0,0,1,0,0,0,Pedestrian/Bicyclist/Other Pedestrian Error/Confusion,Station Wagon/Sport Utility Vehicle,MANHATTAN,10001.0,2022,5,Tuesday,0.0,Low
2024-06-01,18:30,40.702927,-73.74925999999999,FRANCIS LEWIS BOULEVARD,0.0,0,0,0,0,0,5,0,Unsafe Speed,Station Wagon/Sport Utility Vehicle,QUEENS,11412.0,2024,6,Saturday,0.0,Low
2021-11-21,07:45,40.73701,-73.89993,65 PLACE,0.0,0,0,0,0,0,0,0,Alcohol Involvement,Sedan,QUEENS,11377.0,2021,11,Sunday,0.0,Low
2023-05-21,14:00,40.77323,-73.76513,CROSS ISLAND PARKWAY,0.0,0,0,0,0,0,0,0,Unsafe Lane Changing,Station Wagon/Sport Utility Vehicle,Unknown,,2023,5,Sunday,0.0,Low
2023-12-01,19:15,40.898113,-73.85123399999999,NEREID AVENUE,0.0,0,1,0,0,0,0,0,Failure to Yield Right-of-Way,Unknown,BRONX,10466.0,2023,12,Friday,0.0,Low
2021-01-16,22:00,40.716454,-73.98058,DELANCEY STREET                 ,0.0,0,0,0,0,0,0,0,Following Too Closely,Sedan,Unknown,,2021,1,Saturday,0.0,Low
2023-09-02,17:19,40.59137,-73.99025,,0.0,0,0,0,0,0,0,0,Driver Inattention/Distraction,Sedan,BROOKLYN,11214.0,2023,9,Saturday,0.0,Low
2025-10-30,05:07,40.798534000000004,-73.923035,TRIBOROUGH BRIDGE,0.0,0,0,0,0,0,1,0,Unsafe Speed,Sedan,Unknown,,2025,10,Thursday,0.0,Low
2024-11-24,21:45,40.738026,-73.81354499999999,,0.0,0,0,0,0,0,0,0,Unspecified,Sedan,QUEENS,11367.0,2024,11,Sunday,0.0,Low
2022-02-12,10:00,40.762104,-73.960144,1 AVENUE,0.0,0,0,0,0,0,0,0,Driver Inattention/Distraction,Sedan,MANHATTAN,10065.0,2022,2,Saturday,0.0,Low
2022-12-20,08:00,40.8396,-73.929474,MAJOR DEEGAN EXPRESSWAY,0.0,0,0,0,0,0,0,0,Following Too Closely,Station Wagon/Sport Utility Vehicle,Unknown,,2022,12,Tuesday,0.0,Low
2024-07-25,19:40,40.704184999999995,-73.781715,177 STREET,0.0,0,0,0,0,0,1,0,Unspecified,Station Wagon/Sport Utility Vehicle,QUEENS,11433.0,2024,7,Thursday,0.0,Low
2023-04-15,12:45,40.69291,-73.83205,,0.0,0,0,0,1,0,0,0,Traffic Control Disregarded,Sedan,QUEENS,11419.0,2023,4,Saturday,0.0,Low
2025-01-21,17:30,40.702614000000004,-73.96058000000001,BROOKLYN QUEENS EXPRESSWAY,0.0,0,0,0,0,0,1,0,Driver Inexperience,Pick-up Truck,Unknown,,2025,1,Tuesday,0.0,Low
2023-03-25,05:40,40.712284000000004,-73.78536,HILLSIDE AVENUE,0.0,0,0,0,0,0,1,0,Driver Inattention/Distraction,Sedan,QUEENS,11432.0,2023,3,Saturday,0.0,Low
2023-05-30,13:00,40.703163,-73.81662,VAN WYCK EXPWY,0.0,0,0,0,0,0,0,0,Failure to Yield Right-of-Way,Tractor Truck Diesel,Unknown,,2023,5,Tuesday,0.0,Low
2024-04-10,10:20,40.628593,-73.90575,PAERDEGAT AVENUE NORTH,0.0,0,0,0,0,0,0,0,Unspecified,Sedan,BROOKLYN,11236.0,2024,4,Wednesday,0.0,Low
2022-01-30,22:55,40.686783,-73.859985,91 AVENUE,0.0,0,0,0,0,0,4,0,Failure to Yield Right-of-Way,Sedan,QUEENS,11421.0,2022,1,Sunday,0.0,Low
2021-03-25,10:46,40.717552000000005,-73.73153,222 STREET                      ,0.0,0,0,0,0,0,1,0,Driver Inattention/Distraction,Station Wagon/Sport Utility Vehicle,QUEENS,11429.0,2021,3,Thursday,0.0,Low
2023-06-12,10:00,40.679367,-73.931335,FULTON STREET,0.0,0,0,0,0,0,0,0,Driver Inattention/Distraction,Pick-up Truck,BROOKLYN,11213.0,2023,6,Monday,0.0,Low
2022-05-31,14:00,40.669059999999995,-73.82330999999999,117 STREET,0.0,0,0,0,0,0,0,0,Failure to Yield Right-of-Way,Station Wagon/Sport Utility Vehicle,QUEENS,11420.0,2022,5,Tuesday,0.0,Low
2022-11-08,20:33,40.709340000000005,-73.80485,PARSONS BOULEVARD,0.0,0,0,0,0,0,0,0,Driver Inattention/Distraction,Sedan,Unknown,,2022,11,Tuesday,0.0,Low
2024-07-28,22:00,40.78915,-73.78789499999999,CROSS ISLAND PARKWAY,0.0,0,0,0,0,0,3,0,Failure to Yield Right-of-Way,Station Wagon/Sport Utility Vehicle,Unknown,,2024,7,Sunday,0.0,Low
2022-09-30,01:20,40.67046,-73.88788000000001,SUTTER AVENUE,0.0,0,0,0,0,0,0,0,Unspecified,Sedan,BROOKLYN,11207.0,2022,9,Friday,0.0,Low
2022-05-01,06:55,40.749590000000005,-74.00279,10 AVENUE,0.0,0,0,0,0,0,0,0,Failure to Yield Right-of-Way,Taxi,MANHATTAN,10001.0,2022,5,Sunday,0.0,Low
2021-09-23,14:25,40.677208,-73.89723000000001,FULTON STREET,0.0,0,0,0,0,0,0,0,Other Vehicular,Station Wagon/Sport Utility Vehicle,BROOKLYN,11207.0,2021,9,Thursday,0.0,Low
2023-05-13,12:02,40.639915,-73.92716999999999,FOSTER AVENUE,0.0,0,0,0,0,0,1,0,Driver Inattention/Distraction,Sedan,Unknown,,2023,5,Saturday,0.0,Low
2023-12-07,16:51,40.61208,-74.08527,TARGEE STREET,0.0,0,0,0,1,0,0,0,View Obstructed/Limited,Sedan,STATEN ISLAND,10304.0,2023,12,Thursday,0.0,Low
2021-12-26,14:06,40.725853,-73.719025,,0.0,0,0,0,0,0,1,0,Unsafe Speed,Sedan,QUEENS,11426.0,2021,12,Sunday,0.0,Low
2026-10-01,05:35,40.696564,-73.79124499999999,GUY R BREWER BLVD,0.0,0,0,0,0,0,1,0,Backing Unsafely,Sedan,QUEENS,11433.0,2026,10,Thursday,0.0,Low
2024-03-29,13:10,40.822906,-73.9093,,0.0,0,0,0,1,0,0,0,Unspecified,Bike,BRONX,10451.0,2024,3,Friday,0.0,Low
2024-08-26,22:23,40.635740000000006,-74.08374,VICTORY BOULEVARD,0.0,0,0,0,1,0,0,0,Unspecified,Station Wagon/Sport Utility Vehicle,STATEN ISLAND,10301.0,2024,8,Monday,0.0,Low
2024-10-27,05:35,40.87787,-73.8701,BRONX RIVER PARKWAY,0.0,0,0,0,0,0,2,0,Passing or Lane Usage Improper,Station Wagon/Sport Utility Vehicle,Unknown,,2024,10,Sunday,0.0,Low
2024-09-13,18:19,40.70321,-73.94626,BROADWAY,0.0,0,0,0,1,0,0,0,Failure to Yield Right-of-Way,Bike,BROOKLYN,11206.0,2024,9,Friday,0.0,Low
2021-12-24,21:30,40.87016,-73.89099,EAST 198 STREET,0.0,0,0,0,0,0,0,0,Unspecified,Station Wagon/Sport Utility Vehicle,Unknown,,2021,12,Friday,0.0,Low
2022-04-13,15:50,40.748226,-73.75979,LONG ISLAND EXPRESSWAY,0.0,0,0,0,0,0,2,0,Unsafe Lane Changing,Sedan,Unknown,,2022,4,Wednesday,0.0,Low
2023-10-23,16:40,40.710316,-73.75247,104 AVENUE,0.0,0,0,0,1,0,0,0,Failure to Yield Right-of-Way,Sedan,QUEENS,11412.0,2023,10,Monday,0.0,Low
2025-05-03,17:55,40.638668,-74.00267,52 ST,0.0,0,1,0,0,0,0,0,Unspecified,Station Wagon/Sport Utility Vehicle,BROOKLYN,11220.0,2025,5,Saturday,0.0,Low
2024-04-07,22:35,40.75435,-73.77955,,0.0,0,0,0,0,0,0,0,Unsafe Speed,Sedan,QUEENS,11361.0,2024,4,Sunday,0.0,Low
2022-08-26,16:03,40.689735,-73.97610999999999,DE KALB AVENUE,0.0,0,0,0,1,0,0,0,Driver Inattention/Distraction,Sedan,BROOKLYN,11217.0,2022,8,Friday,0.0,Low
2021-12-23,11:30,40.904472,-73.90716,ARLINGTON AVENUE,0.0,0,0,0,0,0,0,0,Unspecified,Sedan,BRONX,10471.0,2021,12,Thursday,0.0,Low
2022-02-19,06:30,40.73826,-73.87928000000001,VANLOON STREET,0.0,0,0,0,0,0,0,0,Reaction to Uninvolved Vehicle,Sedan,QUEENS,11373.0,2022,2,Saturday,0.0,Low
2022-07-29,15:43,40.78542,-73.98399,HENRY HUDSON PARKWAY,0.0,0,0,0,0,0,0,0,Driver Inattention/Distraction,Station Wagon/Sport Utility Vehicle,Unknown,,2022,7,Friday,0.0,Low
2021-09-10,13:00,40.6059418,-73.9792777,WEST 6 STREET,0.0,0,0,0,0,0,0,0,Driver Inattention/Distraction,Station Wagon/Sport Utility Vehicle,Unknown,,2021,9,Friday,0.0,Low
2021-09-22,14:54,40.724068,-73.988396,,0.0,0,0,0,0,0,0,0,Driver Inattention/Distraction,Box Truck,MANHATTAN,10003.0,2021,9,Wednesday,0.0,Low
2025-04-20,15:07,40.840004,-73.87739,E TREMONT AVE,0.0,0,0,0,0,0,0,0,Driver Inattention/Distraction,Sedan,BRONX,10460.0,2025,4,Sunday,0.0,Low
2025-12-03,11:06,40.7092,-73.9919,MANHATTAN BR UPPER,0.0,0,0,0,0,0,1,0,Driver Inattention/Distraction,Station Wagon/Sport Utility Vehicle,Unknown,,2025,12,Wednesday,0.0,Low
2023-04-27,17:30,40.685992999999996,-73.83993000000001,103 STREET,0.0,0,1,0,0,0,0,0,Failure to Yield Right-of-Way,Station Wagon/Sport Utility Vehicle,QUEENS,11416.0,2023,4,Thursday,0.0,Low
2024-09-05,14:45,40.70854,-73.927414,VARICK AVENUE,0.0,0,0,0,0,0,0,0,Obstruction/Debris,PK,BROOKLYN,11237.0,2024,9,Thursday,0.0,Low
2026-01-13,07:05,40.722972999999996,-73.94449,,0.0,0,0,0,0,0,0,0,Driver Inattention/Distraction,Sedan,BROOKLYN,11222.0,2026,1,Tuesday,0.0,Low
2022-02-01,12:24,40.852875,-73.88854,,0.0,0,0,0,0,0,0,0,Driver Inattention/Distraction,Sedan,BRONX,10458.0,2022,2,Tuesday,0.0,Low
2024-02-05,22:10,40.672405,-73.88223,,0.0,0,0,0,0,0,0,0,Unspecified,Station Wagon/Sport Utility Vehicle,BROOKLYN,11208.0,2024,2,Monday,0.0,Low
2022-12-29,15:15,40.78069,-73.9466,EAST 92 STREET,0.0,0,1,0,0,0,0,0,Unspecified,Station Wagon/Sport Utility Vehicle,MANHATTAN,10128.0,2022,12,Thursday,0.0,Low
2025-03-04,20:30,40.802624,-73.9554,,0.0,0,0,0,0,0,0,0,Other Vehicular,3-Door,MANHATTAN,10026.0,2025,3,Tuesday,0.0,Low
2024-06-14,22:00,40.82054,-73.930786,EAST 150 STREET,0.0,0,0,0,0,0,2,0,Unsafe Speed,Taxi,Unknown,,2024,6,Friday,0.0,Low
2022-08-09,13:00,40.714146,-73.98914,,0.0,0,0,0,0,0,1,0,Driver Inattention/Distraction,Station Wagon/Sport Utility Vehicle,MANHATTAN,10002.0,2022,8,Tuesday,0.0,Low
2023-08-31,08:35,40.607563,-73.98796999999999,76 STREET,0.0,0,1,0,0,0,0,0,Driver Inattention/Distraction,Station Wagon/Sport Utility Vehicle,BROOKLYN,11214.0,2023,8,Thursday,0.0,Low
2022-01-06,06:11,40.669094,-73.89711,SUTTER AVENUE,0.0,0,0,0,0,0,0,0,Traffic Control Disregarded,Sedan,Unknown,,2022,1,Thursday,0.0,Low
2022-05-01,16:45,40.754505,-73.96570600000001,1 AVENUE,0.0,0,0,0,0,0,0,0,Driver Inattention/Distraction,Sedan,Unknown,,2022,5,Sunday,0.0,Low
2025-11-06,11:20,40.657140000000005,-73.90364,NEW LOTS AVE,0.0,0,0,0,0,0,0,0,Driver Inattention/Distraction,Station Wagon/Sport Utility Vehicle,BROOKLYN,11212.0,2025,11,Thursday,0.0,Low
2023-07-13,16:15,40.682056,-73.990875,HOYT STREET,0.0,0,0,0,0,0,0,0,Unspecified,Bus,BROOKLYN,11217.0,2023,7,Thursday,0.0,Low
2023-05-21,18:40,40.81881,-73.92828,EAST 149 STREET,0.0,0,0,0,0,0,0,0,Outside Car Distraction,Sedan,BRONX,10451.0,2023,5,Sunday,0.0,Low
2022-09-07,14:20,40.577637,-73.99696999999999,NEPTUNE AVENUE,0.0,0,0,0,0,0,0,0,Unspecified,Station Wagon/Sport Utility Vehicle,Unknown,,2022,9,Wednesday,0.0,Low
2024-04-30,14:57,40.87296,-73.87495,WEBSTER AVENUE,0.0,0,1,0,0,0,2,0,Reaction to Uninvolved Vehicle,Sedan,Unknown,,2024,4,Tuesday,0.0,Low
2024-02-22,10:54,40.82458,-73.870544,BRUCKNER EXPRESSWAY,0.0,0,0,0,0,0,0,0,Driver Inattention/Distraction,Station Wagon/Sport Utility Vehicle,Unknown,,2024,2,Thursday,0.0,Low
2022-01-31,18:22,40.713497,-73.75622,204 STREET,0.0,0,0,0,0,0,1,0,Driver Inattention/Distraction,Sedan,QUEENS,11423.0,2022,1,Monday,0.0,Low
2024-12-06,16:30,40.843174,-73.91196,GRAND CONCOURSE,0.0,0,0,0,0,0,1,0,Passing or Lane Usage Improper,E-Bike,BRONX,10452.0,2024,12,Friday,0.0,Low
2021-11-22,17:30,40.646515,-73.974655,PROSPECT EXPRESSWAY EAST,0.0,0,0,0,0,0,4,0,Driver Inattention/Distraction,Sedan,Unknown,,2021,11,Monday,0.0,Low
2022-10-30,01:03,40.724117,-73.949715,,0.0,0,0,0,0,0,0,0,Unspecified,Sedan,BROOKLYN,11222.0,2022,10,Sunday,0.0,Low
2021-04-14,11:54,40.698116,-73.977325,,0.0,0,1,0,0,0,0,0,Failure to Yield Right-of-Way,Station Wagon/Sport Utility Vehicle,BROOKLYN,11201.0,2021,4,Wednesday,0.0,Low
2025-07-30,19:25,40.743687,-73.98825,,0.0,0,0,0,0,0,0,0,Other Vehicular,Sedan,MANHATTAN,10001.0,2025,7,Wednesday,0.0,Low
2026-03-13,03:00,40.738285,-73.86171,,0.0,0,0,0,0,0,0,0,Driver Inattention/Distraction,Station Wagon/Sport Utility Vehicle,QUEENS,11368.0,2026,3,Friday,0.0,Low
2023-02-14,22:36,40.795326,-73.9713,WEST 97 STREET,0.0,0,0,0,0,0,1,0,Driver Inattention/Distraction,Taxi,MANHATTAN,10025.0,2023,2,Tuesday,0.0,Low
2022-12-28,14:27,40.61135,-74.09846999999999,NARROWS ROAD NORTH,0.0,0,0,0,0,0,1,0,Driver Inattention/Distraction,Station Wagon/Sport Utility Vehicle,Unknown,,2022,12,Wednesday,0.0,Low
2025-05-09,15:15,40.845905,-73.863625,,0.0,0,0,0,0,0,1,0,Driver Inattention/Distraction,Station Wagon/Sport Utility Vehicle,BRONX,10462.0,2025,5,Friday,0.0,Low
2024-10-18,12:41,40.823315,-73.94901,WEST 142 STREET,0.0,0,0,0,0,0,1,0,Driver Inattention/Distraction,Station Wagon/Sport Utility Vehicle,Unknown,,2024,10,Friday,0.0,Low
2021-04-26,07:20,40.859444,-73.91598499999999,MAJOR DEEGAN EXPRESSWAY,0.0,0,0,0,0,0,0,0,Following Too Closely,Sedan,Unknown,,2021,4,Monday,0.0,Low
2023-08-16,20:30,40.679485,-73.94682,HERKIMER STREET,0.0,0,0,0,0,0,0,0,Turning Improperly,Sedan,Unknown,,2023,8,Wednesday,0.0,Low
2021-11-14,00:31,40.791405,-73.93569000000001,FDR DRIVE,0.0,0,0,0,0,0,1,0,Following Too Closely,Sedan,Unknown,,2021,11,Sunday,0.0,Low
2022-01-09,12:50,40.665356,-73.89421,,0.0,0,0,0,0,0,1,0,Driver Inattention/Distraction,Station Wagon/Sport Utility Vehicle,BROOKLYN,11207.0,2022,1,Sunday,0.0,Low
2026-11-03,13:00,40.595284,-73.800804,,0.0,0,0,0,0,0,0,0,Driver Inattention/Distraction,Box Truck,QUEENS,11692.0,2026,11,Tuesday,0.0,Low
2024-12-04,11:20,40.748806,-73.75655,,0.0,0,0,0,0,0,0,0,Passing Too Closely,Station Wagon/Sport Utility Vehicle,QUEENS,11364.0,2024,12,Wednesday,0.0,Low
2021-05-02,08:50,40.856987,-73.90897,WEST 181 STREET                 ,0.0,0,0,0,0,0,3,0,Driver Inattention/Distraction,Sedan,BRONX,10453.0,2021,5,Sunday,0.0,Low
2025-10-07,18:35,40.767815,-73.96200999999999,3 AVE,0.0,0,0,0,0,0,0,0,Failure to Yield Right-of-Way,Motorcycle,MANHATTAN,10021.0,2025,10,Tuesday,0.0,Low
2023-04-20,15:13,40.665490000000005,-73.75236,SOUTH CONDUIT AVENUE,0.0,0,0,0,0,0,0,0,Unspecified,Station Wagon/Sport Utility Vehicle,QUEENS,11413.0,2023,4,Thursday,0.0,Low
2022-10-19,00:00,40.63941,-74.00842,,0.0,0,0,0,0,0,0,0,Unspecified,Station Wagon/Sport Utility Vehicle,BROOKLYN,11220.0,2022,10,Wednesday,0.0,Low
2025-10-28,08:50,40.773598,-73.91178000000001,33 ST,0.0,0,0,0,0,0,0,0,Following Too Closely,Station Wagon/Sport Utility Vehicle,QUEENS,11105.0,2025,10,Tuesday,0.0,Low
2021-10-30,23:00,40.73065,-73.98308,1 AVENUE,0.0,0,0,0,0,0,1,0,Driver Inattention/Distraction,Sedan,Unknown,,2021,10,Saturday,0.0,Low
2024-05-28,16:33,40.728176,-73.77766,192 STREET,0.0,0,0,0,0,0,0,0,Unspecified,Station Wagon/Sport Utility Vehicle,QUEENS,11432.0,2024,5,Tuesday,0.0,Low
2024-03-18,15:23,40.81151,-73.94649,7 AVENUE,0.0,0,0,0,0,0,1,0,Driver Inattention/Distraction,Station Wagon/Sport Utility Vehicle,Unknown,,2024,3,Monday,0.0,Low
2025-05-14,16:08,40.876022,-73.83386,BAYCHESTER AVE,0.0,0,1,0,0,0,0,0,Unspecified,Station Wagon/Sport Utility Vehicle,BRONX,10475.0,2025,5,Wednesday,0.0,Low
2021-05-27,15:20,40.72527,-73.816154,150 STREET,0.0,0,0,0,0,0,0,0,Driver Inattention/Distraction,Station Wagon/Sport Utility Vehicle,QUEENS,11367.0,2021,5,Thursday,0.0,Low
2023-12-14,19:34,40.810944,-73.963066,WEST 120 STREET,0.0,0,0,0,0,0,0,0,Driver Inattention/Distraction,Sedan,Unknown,,2023,12,Thursday,0.0,Low
2025-11-03,17:30,40.61132,-74.114716,STATEN ISLAND EXPRESSWAY,0.0,0,0,0,0,0,1,0,Driver Inattention/Distraction,Station Wagon/Sport Utility Vehicle,Unknown,,2025,11,Monday,0.0,Low
2023-07-26,20:43,40.83923,-73.94555,WEST 163 STREET,0.0,0,0,0,0,0,0,0,Driver Inattention/Distraction,Pick-up Truck,MANHATTAN,10032.0,2023,7,Wednesday,0.0,Low
2023-11-27,14:20,40.681767,-73.96754,ATLANTIC AVENUE,0.0,0,0,0,0,0,0,0,Backing Unsafely,Sedan,BROOKLYN,11238.0,2023,11,Monday,0.0,Low
2022-04-09,19:30,40.618725,-73.9895,,0.0,0,0,0,0,0,0,0,Unspecified,Sedan,BROOKLYN,11204.0,2022,4,Saturday,0.0,Low
2025-06-20,22:35,40.74576,-73.925804,43 AVE,0.0,0,0,0,1,0,0,0,Unspecified,VAN TRUCK,QUEENS,11104.0,2025,6,Friday,0.0,Low
2025-11-12,11:41,40.664753000000005,-73.89404,PENNSYLVANIA AVE,0.0,0,0,0,0,0,0,0,Unsafe Lane Changing,Sedan,BROOKLYN,11207.0,2025,11,Wednesday,0.0,Low
2022-06-13,12:17,40.74408,-73.94968399999999,47 ROAD,0.0,0,0,0,0,0,0,0,Driver Inattention/Distraction,Box Truck,QUEENS,11101.0,2022,6,Monday,0.0,Low
2022-08-24,08:53,40.838875,-73.90266,WASHINGTON AVENUE,0.0,0,0,0,0,0,0,0,Driver Inattention/Distraction,Station Wagon/Sport Utility Vehicle,BRONX,10457.0,2022,8,Wednesday,0.0,Low
2025-04-26,10:00,40.72645,-73.98791,,0.0,0,0,0,0,0,0,0,Unspecified,Sedan,MANHATTAN,10003.0,2025,4,Saturday,0.0,Low
2023-03-18,07:00,40.90347,-73.88628,HENRY HUDSON PARKWAY,0.0,0,0,0,0,0,0,0,Unspecified,Sedan,Unknown,,2023,3,Saturday,0.0,Low
2025-08-18,12:10,40.844864,-73.92256,CROSS BRONX EXPY,0.0,0,0,0,0,0,0,0,Unsafe Speed,Station Wagon/Sport Utility Vehicle,Unknown,,2025,8,Monday,0.0,Low
2021-07-29,12:00,40.78076,-73.9487,,0.0,0,0,0,0,0,0,0,Passing or Lane Usage Improper,Sedan,MANHATTAN,10128.0,2021,7,Thursday,0.0,Low
2023-02-22,09:21,40.7103,-74.00106,,0.0,0,0,0,0,0,0,0,Unspecified,Bus,MANHATTAN,10038.0,2023,2,Wednesday,0.0,Low
2022-02-08,09:57,40.733290000000004,-73.98994,,0.0,0,0,0,0,0,0,0,Driver Inattention/Distraction,Station Wagon/Sport Utility Vehicle,MANHATTAN,10003.0,2022,2,Tuesday,0.0,Low
2024-01-12,21:23,40.895374,-73.863556,WEBSTER AVE,0.0,1,0,0,0,1,0,0,Driver Inattention/Distraction,Bike,BRONX,10470.0,2024,1,Friday,1.0,Low
2022-03-13,10:24,40.846790000000006,-73.88998000000001,CROTONA AVENUE,0.0,0,0,0,0,0,0,0,Unsafe Speed,Station Wagon/Sport Utility Vehicle,BRONX,10457.0,2022,3,Sunday,0.0,Low
2024-06-17,18:20,40.74044,-73.9946,AVENUE OF THE AMERICAS,0.0,0,1,0,0,0,0,0,Driver Inattention/Distraction,Unknown,MANHATTAN,10011.0,2024,6,Monday,0.0,Low
2021-10-09,12:10,40.822712,-73.903145,EAST 163 STREET,0.0,0,0,0,0,0,0,0,Other Vehicular,Sedan,BRONX,10456.0,2021,10,Saturday,0.0,Low
2021-08-01,08:25,40.667095,-73.92276,EAST NEW YORK AVENUE            ,0.0,0,0,0,1,0,0,0,Driver Inattention/Distraction,Sedan,Unknown,,2021,8,Sunday,0.0,Low
2022-08-17,23:12,40.670116,-73.92248000000001,RALPH AVENUE,0.0,0,0,0,0,0,3,0,Driver Inattention/Distraction,Bus,Unknown,,2022,8,Wednesday,0.0,Low
2025-07-10,07:25,40.66922,-73.80109399999999,VAN WYCK EXPWY,0.0,0,0,0,0,0,0,0,Following Too Closely,Sedan,Unknown,,2025,7,Thursday,0.0,Low
2025-01-08,22:20,40.832679999999996,-73.86790500000001,,0.0,0,0,0,0,0,0,0,Passing or Lane Usage Improper,Sedan,BRONX,10472.0,2025,1,Wednesday,0.0,Low
2023-04-18,17:45,40.657436,-73.746185,147 AVENUE,0.0,0,0,0,0,0,0,0,Unspecified,Sedan,QUEENS,11422.0,2023,4,Tuesday,0.0,Low
2025-03-05,09:52,40.704823,-73.92458,IRVING AVE,0.0,0,0,0,0,0,0,0,Turning Improperly,Tractor Truck Gasoline,BROOKLYN,11237.0,2025,3,Wednesday,0.0,Low
2026-01-30,12:45,40.694720000000004,-73.94967,,0.0,0,0,0,0,0,0,0,Unspecified,Station Wagon/Sport Utility Vehicle,BROOKLYN,11206.0,2026,1,Friday,0.0,Low
2021-01-30,14:00,40.668964,-73.87666,MONTAUK AVENUE                  ,0.0,0,0,0,0,0,0,0,Unspecified,Sedan,Unknown,,2021,1,Saturday,0.0,Low
2022-11-07,14:25,40.768485999999996,-73.955505,EAST 73 STREET,0.0,0,0,0,1,0,0,0,View Obstructed/Limited,Station Wagon/Sport Utility Vehicle,MANHATTAN,10021.0,2022,11,Monday,0.0,Low
2021-05-30,15:00,40.719856,-73.91049,58 PLACE,0.0,0,0,0,0,0,0,0,Passing Too Closely,Station Wagon/Sport Utility Vehicle,QUEENS,11378.0,2021,5,Sunday,0.0,Low
2021-02-08,16:35,40.69421,-73.99492,,0.0,0,0,0,0,0,0,0,Driver Inattention/Distraction,Convertible,BROOKLYN,11201.0,2021,2,Monday,0.0,Low
2021-04-20,10:26,40.6915,-73.90956,HALSEY STREET,0.0,0,0,0,0,0,0,0,Passing Too Closely,Station Wagon/Sport Utility Vehicle,Unknown,,2021,4,Tuesday,0.0,Low
2023-02-16,23:20,40.601440000000004,-74.00155,BATH AVENUE,0.0,0,0,0,0,0,0,0,Traffic Control Disregarded,Sedan,Unknown,,2023,2,Thursday,0.0,Low
2024-11-30,07:41,40.723904,-73.82065,75 AVE,0.0,0,0,0,0,0,0,0,Unspecified,E-Scooter,QUEENS,11367.0,2024,11,Saturday,0.0,Low
2021-03-09,20:37,40.667429999999996,-73.76675999999999,FARMERS BOULEVARD,0.0,0,0,0,0,0,0,0,Following Too Closely,Sedan,QUEENS,11434.0,2021,3,Tuesday,0.0,Low
2023-10-10,06:00,40.622375,-73.91619,AVENUE M,0.0,0,0,0,0,0,0,0,Driver Inattention/Distraction,Station Wagon/Sport Utility Vehicle,BROOKLYN,11234.0,2023,10,Tuesday,0.0,Low
2021-08-14,17:10,40.849964,-73.91416,WEST TREMONT AVENUE,0.0,0,0,0,0,0,1,0,Alcohol Involvement,Sedan,BRONX,10453.0,2021,8,Saturday,0.0,Low
2021-05-27,22:43,40.737353999999996,-73.918915,50 AVENUE,0.0,0,0,0,1,0,0,0,Driver Inattention/Distraction,Bike,QUEENS,11377.0,2021,5,Thursday,0.0,Low
2023-09-13,10:00,40.61135,-74.09846999999999,CLOVE ROAD,0.0,0,0,0,0,0,1,0,Driver Inattention/Distraction,Box Truck,Unknown,,2023,9,Wednesday,0.0,Low
2025-10-10,10:30,40.68545,-73.99441,KANE ST,0.0,0,0,0,0,0,0,0,Turning Improperly,Sedan,BROOKLYN,11201.0,2025,10,Friday,0.0,Low
2021-12-05,16:05,40.733128,-73.783035,73 AVENUE,0.0,0,0,0,1,0,0,0,Driver Inattention/Distraction,Bike,QUEENS,11366.0,2021,12,Sunday,0.0,Low
2022-05-22,02:00,40.858055,-73.85932,,0.0,0,0,0,0,0,0,0,Unspecified,Station Wagon/Sport Utility Vehicle,BRONX,10469.0,2022,5,Sunday,0.0,Low
2025-09-29,19:26,40.77918,-73.95079,E 88 ST,0.0,0,0,0,0,0,0,0,Unspecified,Taxi,MANHATTAN,10128.0,2025,9,Monday,0.0,Low
2024-03-05,21:04,40.687553,-73.980385,LIVINGSTON STREET,0.0,0,0,0,0,0,1,0,Following Too Closely,Station Wagon/Sport Utility Vehicle,Unknown,,2024,3,Tuesday,0.0,Low
2021-02-06,14:00,40.595966,-74.08715,OLD TOWN ROAD,0.0,0,0,0,0,0,0,0,Driver Inattention/Distraction,Station Wagon/Sport Utility Vehicle,STATEN ISLAND,10305.0,2021,2,Saturday,0.0,Low
2021-10-20,20:19,40.8633692,-73.8233133,,0.0,0,0,0,0,0,0,0,Unspecified,Sedan,BRONX,10475.0,2021,10,Wednesday,0.0,Low
2021-06-12,02:50,40.645233000000005,-73.92000999999999,,0.0,0,0,0,0,0,0,0,Unspecified,Sedan,BROOKLYN,11236.0,2021,6,Saturday,0.0,Low
2022-01-06,20:14,40.72125,-73.93651,VANDERVORT AVENUE,0.0,0,0,0,0,0,0,0,Driver Inattention/Distraction,Station Wagon/Sport Utility Vehicle,BROOKLYN,11222.0,2022,1,Thursday,0.0,Low
2023-09-20,06:48,40.68176,-73.82390600000001,109 AVENUE,0.0,0,0,0,1,0,0,0,Pedestrian/Bicyclist/Other Pedestrian Error/Confusion,Sedan,Unknown,,2023,9,Wednesday,0.0,Low
2021-04-12,17:00,40.85468,-73.92983000000001,,0.0,0,0,0,0,0,0,0,Driver Inattention/Distraction,Sedan,MANHATTAN,10040.0,2021,4,Monday,0.0,Low
2021-08-28,13:40,40.76903,-73.92475,,0.0,0,0,0,0,0,0,0,Unspecified,Sedan,QUEENS,11102.0,2021,8,Saturday,0.0,Low
2025-05-11,15:03,40.61998,-74.02368,86 ST,0.0,0,0,0,0,0,0,0,Unspecified,Station Wagon/Sport Utility Vehicle,BROOKLYN,11209.0,2025,5,Sunday,0.0,Low
2021-11-03,16:30,40.617805,-73.96189,EAST 13 STREET                  ,0.0,0,0,0,0,0,0,0,Unspecified,Sedan,BROOKLYN,11230.0,2021,11,Wednesday,0.0,Low
2021-08-01,12:30,40.58425,-73.9638,BELT PARKWAY                    ,0.0,0,0,0,0,0,0,0,Driver Inattention/Distraction,Station Wagon/Sport Utility Vehicle,Unknown,,2021,8,Sunday,0.0,Low
2025-07-31,17:00,40.849453000000004,-73.906,E TREMONT AVE,0.0,0,0,0,0,0,2,0,Following Too Closely,Sedan,BRONX,10453.0,2025,7,Thursday,0.0,Low
2022-03-24,13:35,40.891674,-73.864685,BRONX RIVER PARKWAY,0.0,0,0,0,0,0,1,0,Unsafe Speed,Sedan,Unknown,,2022,3,Thursday,0.0,Low
2021-10-29,16:00,40.76202,-73.78819,194 STREET,0.0,0,0,0,0,0,0,0,Driver Inattention/Distraction,Station Wagon/Sport Utility Vehicle,QUEENS,11358.0,2021,10,Friday,0.0,Low
2022-08-02,10:51,40.595463,-73.967384,AVENUE V,0.0,0,1,0,0,0,0,0,Driver Inattention/Distraction,Tanker,BROOKLYN,11223.0,2022,8,Tuesday,0.0,Low
2022-12-23,15:30,0.0,0.0,BEDFORD AVENUE,0.0,0,1,0,0,0,0,0,Unspecified,Station Wagon/Sport Utility Vehicle,BROOKLYN,11210.0,2022,12,Friday,0.0,Low
2021-07-25,18:15,40.887547,-73.81512,HUTCHINSON RIVER PARKWAY,0.0,0,0,0,0,0,1,0,Unspecified,Sedan,Unknown,,2021,7,Sunday,0.0,Low
2021-07-27,19:20,40.67412,-73.972534,8 AVENUE,0.0,0,0,0,0,0,0,0,Unspecified,Sedan,BROOKLYN,11217.0,2021,7,Tuesday,0.0,Low
2022-11-08,01:03,40.848995,-73.94109,CABRINI BOULEVARD,0.0,0,0,0,0,0,0,0,Driver Inattention/Distraction,Station Wagon/Sport Utility Vehicle,MANHATTAN,10033.0,2022,11,Tuesday,0.0,Low
2022-03-27,18:35,40.715046,-73.96480600000001,SOUTH 1 STREET,0.0,0,0,0,0,0,1,0,Failure to Yield Right-of-Way,Sedan,BROOKLYN,11249.0,2022,3,Sunday,0.0,Low
2026-07-01,07:07,40.65605,-73.9236,REMSEN AVE,0.0,0,0,0,0,0,0,0,Unsafe Lane Changing,Station Wagon/Sport Utility Vehicle,Unknown,,2026,7,Wednesday,0.0,Low
2021-07-06,16:00,40.653812,-73.95567,,0.0,0,0,0,0,0,0,0,Unspecified,Sedan,BROOKLYN,11226.0,2021,7,Tuesday,0.0,Low
2025-11-25,00:33,40.58493,-73.95269,BELT PARKWAY,0.0,0,0,0,0,0,0,0,Driver Inattention/Distraction,Tractor Truck Diesel,Unknown,,2025,11,Tuesday,0.0,Low
2024-03-19,15:40,40.68611,-73.994095,COURT STREET,0.0,0,0,0,2,0,0,0,Passing or Lane Usage Improper,Bike,Unknown,,2024,3,Tuesday,0.0,Low
2021-11-12,03:55,40.651863,-73.86536,BELT PARKWAY,0.0,0,0,0,0,0,0,0,Following Too Closely,Station Wagon/Sport Utility Vehicle,Unknown,,2021,11,Friday,0.0,Low
2021-08-04,18:58,40.598606,-73.97893,AVENUE T                        ,0.0,0,1,0,0,0,0,0,Driver Inattention/Distraction,Station Wagon/Sport Utility Vehicle,BROOKLYN,11223.0,2021,8,Wednesday,0.0,Low
2022-12-07,17:20,40.709846,-73.859566,WOODHAVEN BOULEVARD,0.0,0,0,0,0,0,0,0,Alcohol Involvement,Pick-up Truck,QUEENS,11385.0,2022,12,Wednesday,0.0,Low
2023-10-08,11:28,40.824127000000004,-73.95483399999999,WEST 140 STREET,0.0,0,0,0,0,0,0,0,Unspecified,Sedan,Unknown,,2023,10,Sunday,0.0,Low
2022-05-20,15:44,40.74478,-73.93262,QUEENS BOULEVARD,0.0,0,0,0,0,0,2,0,Driver Inattention/Distraction,Station Wagon/Sport Utility Vehicle,Unknown,,2022,5,Friday,0.0,Low
2025-12-20,06:26,40.680884999999996,-73.895325,,0.0,0,0,0,0,0,1,0,Fell Asleep,Sedan,BROOKLYN,11207.0,2025,12,Saturday,0.0,Low
2022-09-17,11:00,40.721138,-73.90391,,0.0,0,0,0,0,0,0,0,Passing Too Closely,Sedan,QUEENS,11378.0,2022,9,Saturday,0.0,Low
2023-07-13,02:14,40.64712,-74.01528,GOWANUS EXPY (BQE),0.0,0,0,0,0,0,1,0,Driver Inattention/Distraction,Sedan,Unknown,,2023,7,Thursday,0.0,Low
2021-10-14,15:45,40.7524705,-73.9125397,,0.0,0,0,0,0,0,0,0,Driver Inattention/Distraction,Sedan,QUEENS,11101.0,2021,10,Thursday,0.0,Low
2024-03-25,17:14,40.654315999999994,-73.922165,LINDEN BOULEVARD,0.0,0,0,0,0,0,0,0,Unsafe Speed,Bus,BROOKLYN,11203.0,2024,3,Monday,0.0,Low
2023-11-29,00:00,40.753809999999994,-73.706314,76 AVENUE,0.0,0,0,0,0,0,0,0,Driver Inattention/Distraction,Sedan,QUEENS,11004.0,2023,11,Wednesday,0.0,Low
2022-10-31,15:30,40.734673,-73.99459,WEST 12 STREET,0.0,0,0,0,0,0,0,0,Unspecified,Sedan,Unknown,,2022,10,Monday,0.0,Low
2021-02-14,15:58,40.821740000000005,-73.89895,EAST 163 STREET                 ,0.0,0,0,0,0,0,0,0,Unspecified,Pick-up Truck,Unknown,,2021,2,Sunday,0.0,Low
2023-08-06,15:05,40.759678,-73.83236,PRINCE STREET,0.0,0,1,0,0,0,0,0,Failure to Yield Right-of-Way,Sedan,QUEENS,11354.0,2023,8,Sunday,0.0,Low
2025-05-02,16:40,40.834427000000005,-73.90929399999999,,0.0,0,0,0,0,0,0,0,Alcohol Involvement,Sedan,BRONX,10456.0,2025,5,Friday,0.0,Low
2024-09-12,22:33,40.611675,-73.97333499999999,,0.0,0,0,0,0,0,1,0,Alcohol Involvement,Sedan,BROOKLYN,11230.0,2024,9,Thursday,0.0,Low
2021-03-26,08:45,40.670734,-73.93373000000001,SCHENECTADY AVENUE              ,0.0,0,0,0,0,0,0,0,Traffic Control Disregarded,Station Wagon/Sport Utility Vehicle,Unknown,,2021,3,Friday,0.0,Low
2025-12-14,16:45,40.814938,-73.914955,BROOK AVE,0.0,0,1,0,0,0,0,0,Driver Inattention/Distraction,Sedan,BRONX,10455.0,2025,12,Sunday,0.0,Low
2025-09-11,03:04,40.72782,-73.99475,BROADWAY,0.0,0,0,0,1,0,0,0,Traffic Control Disregarded,Station Wagon/Sport Utility Vehicle,MANHATTAN,10012.0,2025,9,Thursday,0.0,Low
2021-06-02,11:10,40.875557,-73.90616999999999,,0.0,0,0,0,0,0,0,0,Unspecified,Sedan,BRONX,10463.0,2021,6,Wednesday,0.0,Low
2025-01-25,17:13,40.659485,-73.9183,ROCKAWAY PKWY,0.0,0,0,0,1,0,0,0,Unspecified,Bike,BROOKLYN,11212.0,2025,1,Saturday,0.0,Low
2024-10-23,00:00,40.66615,-73.80575,SOUTH CONDUIT AVENUE,0.0,0,0,0,0,0,0,0,Passing or Lane Usage Improper,Station Wagon/Sport Utility Vehicle,QUEENS,11430.0,2024,10,Wednesday,0.0,Low
2025-12-01,19:25,40.880947,-73.85455,E 219 ST,0.0,0,0,0,0,0,0,0,Traffic Control Disregarded,Taxi,BRONX,10469.0,2025,12,Monday,0.0,Low
2023-04-14,16:26,40.821476000000004,-73.90363,,0.0,0,2,0,0,0,0,0,Driver Inexperience,Station Wagon/Sport Utility Vehicle,BRONX,10456.0,2023,4,Friday,0.0,Low
2023-02-07,07:53,40.667557,-73.98643,,0.0,0,0,0,0,0,0,0,Passing Too Closely,Sedan,BROOKLYN,11215.0,2023,2,Tuesday,0.0,Low
2023-12-22,03:50,40.710957,-73.951126,GRAND STREET,0.0,0,0,0,0,0,0,0,Alcohol Involvement,Station Wagon/Sport Utility Vehicle,Unknown,,2023,12,Friday,0.0,Low
2025-09-09,18:20,40.754204,-73.81336999999999,PARSONS BLVD,0.0,0,1,0,0,0,0,0,Failure to Yield Right-of-Way,Sedan,QUEENS,11355.0,2025,9,Tuesday,0.0,Low
2023-02-19,11:30,40.702686,-73.92084,IRVING AVENUE,0.0,0,0,0,0,0,0,0,Driver Inattention/Distraction,Van,BROOKLYN,11237.0,2023,2,Sunday,0.0,Low
2023-10-21,19:08,40.852985,-73.85466,,0.0,0,0,0,0,0,0,0,Driver Inattention/Distraction,Sedan,BRONX,10461.0,2023,10,Saturday,0.0,Low
2023-12-19,11:50,40.820107,-73.90541,,0.0,0,0,0,0,0,0,0,Driver Inattention/Distraction,Sedan,BRONX,10456.0,2023,12,Tuesday,0.0,Low
2022-01-07,19:55,40.657173,-73.921074,EAST 93 STREET,0.0,0,0,0,0,0,0,0,Passing Too Closely,Station Wagon/Sport Utility Vehicle,Unknown,,2022,1,Friday,0.0,Low
2021-08-24,00:35,40.692112,-73.77729000000001,LINDEN BOULEVARD,0.0,0,0,0,0,0,3,0,Aggressive Driving/Road Rage,Taxi,QUEENS,11434.0,2021,8,Tuesday,0.0,Low
2026-03-02,16:25,40.72654,-73.9894,,0.0,0,0,0,0,0,0,0,Driver Inattention/Distraction,Taxi,MANHATTAN,10003.0,2026,3,Monday,0.0,Low
2024-10-07,09:00,40.668377,-73.92012,HOWARD AVENUE,0.0,0,0,0,0,0,0,0,Driver Inattention/Distraction,Sedan,BROOKLYN,11233.0,2024,10,Monday,0.0,Low
2021-01-31,03:10,40.856873,-73.88771,HOFFMAN STREET                  ,0.0,0,0,0,0,0,0,0,Unsafe Speed,Sedan,BRONX,10458.0,2021,1,Sunday,0.0,Low
2022-07-16,00:54,40.630309999999994,-74.16640500000001,SOUTH AVENUE,0.0,0,0,0,0,0,0,0,Driver Inattention/Distraction,Bus,Unknown,,2022,7,Saturday,0.0,Low
2021-11-02,17:00,40.665516,-73.91049,,0.0,0,0,0,0,0,0,0,Driver Inattention/Distraction,Ambulance,BROOKLYN,11212.0,2021,11,Tuesday,0.0,Low
2023-09-09,09:00,40.691235,-73.98535,,0.0,0,0,0,0,0,0,0,Unspecified,Sedan,BROOKLYN,11201.0,2023,9,Saturday,0.0,Low
2023-06-27,22:30,40.83504,-73.93552,,0.0,0,0,0,0,0,0,0,Passing Too Closely,Pick-up Truck,MANHATTAN,10039.0,2023,6,Tuesday,0.0,Low
2023-06-11,11:35,40.850315,-73.843124,,0.0,0,1,0,0,0,0,0,Driver Inattention/Distraction,Truck,BRONX,10461.0,2023,6,Sunday,0.0,Low
2022-08-22,12:10,40.718044,-73.99604000000001,,0.0,0,0,0,0,0,0,0,Driver Inattention/Distraction,Station Wagon/Sport Utility Vehicle,MANHATTAN,10013.0,2022,8,Monday,0.0,Low
2022-09-23,20:30,40.699688,-73.73575,115 AVENUE,0.0,0,0,0,0,0,0,0,Passing or Lane Usage Improper,Sedan,QUEENS,11411.0,2022,9,Friday,0.0,Low
2024-06-20,19:34,40.810627000000004,-73.95828,WEST 122 STREET,0.0,0,0,0,0,0,3,0,Other Vehicular,Sedan,MANHATTAN,10027.0,2024,6,Thursday,0.0,Low
2023-10-02,17:30,40.893482,-73.84104,EDENWALD AVENUE,0.0,0,1,0,0,0,0,0,Driver Inattention/Distraction,Station Wagon/Sport Utility Vehicle,BRONX,10466.0,2023,10,Monday,0.0,Low
2024-07-26,00:00,40.771374,-73.877144,GRAND CENTRAL PKWY,0.0,0,0,0,0,0,1,0,Driver Inattention/Distraction,Sedan,Unknown,,2024,7,Friday,0.0,Low
2025-02-17,12:05,40.742867,-73.88306999999999,,0.0,0,0,0,0,0,0,0,Passing Too Closely,Station Wagon/Sport Utility Vehicle,QUEENS,11373.0,2025,2,Monday,0.0,Low
2023-04-29,12:45,40.624805,-74.02955,,0.0,0,0,0,0,0,0,0,Unspecified,Sedan,BROOKLYN,11209.0,2023,4,Saturday,0.0,Low
2024-03-25,13:40,0.0,0.0,JAMAICA AVENUE,0.0,0,0,0,0,0,1,0,Passing or Lane Usage Improper,Motorcycle,BROOKLYN,11208.0,2024,3,Monday,0.0,Low
2021-12-17,03:15,40.72735,-73.72408,CROSS ISLAND PARKWAY,0.0,0,0,0,0,0,0,0,Unsafe Lane Changing,Sedan,Unknown,,2021,12,Friday,0.0,Low
2025-10-04,09:00,40.738052,-74.00085,,0.0,0,0,0,0,0,0,0,Driver Inattention/Distraction,Sedan,MANHATTAN,10011.0,2025,10,Saturday,0.0,Low
2021-03-23,18:00,40.707947,-73.78331,JAMAICA AVENUE                  ,0.0,0,0,0,0,0,4,0,Unsafe Lane Changing,Sedan,Unknown,,2021,3,Tuesday,0.0,Low
2024-09-05,20:45,40.775875,-73.798096,166 STREET,0.0,0,0,0,0,0,0,0,Alcohol Involvement,Pick-up Truck,QUEENS,11357.0,2024,9,Thursday,0.0,Low
2024-06-06,10:00,40.83272,-73.85621,,0.0,0,0,0,0,0,0,0,Unspecified,Sedan,BRONX,10462.0,2024,6,Thursday,0.0,Low
2026-07-02,21:32,40.8737,-73.82439000000001,BELLAMY LOOP,0.0,0,0,0,0,0,0,0,Following Too Closely,Sedan,Unknown,,2026,7,Thursday,0.0,Low
2024-11-15,09:09,40.818236999999996,-73.92718,,0.0,0,0,0,0,0,0,0,Aggressive Driving/Road Rage,Sedan,BRONX,10451.0,2024,11,Friday,0.0,Low
2022-08-30,12:13,40.707390000000004,-73.95054,UNION AVENUE,0.0,0,0,0,0,0,0,0,Driver Inattention/Distraction,Station Wagon/Sport Utility Vehicle,BROOKLYN,11206.0,2022,8,Tuesday,0.0,Low
2021-01-18,14:15,40.71528,-73.802864,164 STREET                      ,0.0,0,0,0,0,0,0,0,Driver Inattention/Distraction,Station Wagon/Sport Utility Vehicle,Unknown,,2021,1,Monday,0.0,Low
2024-06-18,19:30,40.73428,-73.79326999999999,,0.0,0,0,0,0,0,5,0,Following Too Closely,Sedan,QUEENS,11365.0,2024,6,Tuesday,0.0,Low
2021-04-06,20:00,40.798140000000004,-73.94051,,0.0,0,0,0,0,0,0,0,Passing or Lane Usage Improper,Sedan,MANHATTAN,10029.0,2021,4,Tuesday,0.0,Low
2022-04-25,00:40,40.773,-73.95217,,0.0,0,0,0,0,0,0,0,Driver Inattention/Distraction,Sedan,MANHATTAN,10075.0,2022,4,Monday,0.0,Low
2023-05-10,20:58,40.530567,-74.158516,HYLAN BOULEVARD,0.0,0,0,0,0,0,3,0,Alcohol Involvement,Station Wagon/Sport Utility Vehicle,STATEN ISLAND,10312.0,2023,5,Wednesday,0.0,Low
2026-06-02,16:22,40.69869,-73.83805,111 ST,0.0,0,1,0,0,0,0,0,Unspecified,Station Wagon/Sport Utility Vehicle,QUEENS,11418.0,2026,6,Tuesday,0.0,Low
2022-02-09,23:24,40.585840000000005,-73.93788,BELT PARKWAY,0.0,1,0,1,0,0,1,0,Pedestrian/Bicyclist/Other Pedestrian Error/Confusion,Sedan,Unknown,,2022,2,Wednesday,1.0,Low
2023-04-21,11:30,40.716064,-73.939026,MASPETH AVENUE,0.0,0,0,0,0,0,0,0,Turning Improperly,Motorcycle,BROOKLYN,11211.0,2023,4,Friday,0.0,Low
2025-10-09,13:30,40.686756,-73.97551999999999,FULTON ST,0.0,0,0,0,0,0,0,0,Driver Inattention/Distraction,Sedan,BROOKLYN,11217.0,2025,10,Thursday,0.0,Low
2021-02-13,19:00,40.620483,-74.00008000000001,15 AVENUE                       ,0.0,0,0,0,0,0,0,0,Unspecified,Station Wagon/Sport Utility Vehicle,Unknown,,2021,2,Saturday,0.0,Low
2026-01-14,14:15,40.686966,-73.73831,226 ST,0.0,0,0,0,0,0,1,0,Unspecified,Sedan,QUEENS,11411.0,2026,1,Wednesday,0.0,Low
2022-12-16,20:15,40.745540000000005,-73.7768,FRANCIS LEWIS BOULEVARD,0.0,0,0,0,0,0,3,0,Unspecified,Station Wagon/Sport Utility Vehicle,QUEENS,11364.0,2022,12,Friday,0.0,Low
2022-11-03,17:35,40.67988,-73.87794,,0.0,0,0,0,1,0,0,0,Unspecified,E-Bike,BROOKLYN,11208.0,2022,11,Thursday,0.0,Low
2022-12-06,12:00,40.635403000000004,-73.95718000000001,EAST 21 STREET,0.0,0,0,0,0,0,0,0,Reaction to Uninvolved Vehicle,Sedan,BROOKLYN,11210.0,2022,12,Tuesday,0.0,Low
2022-12-30,17:59,40.624763,-73.96518,CONEY ISLAND AVENUE,0.0,0,1,0,0,0,0,0,Unspecified,Van,BROOKLYN,11230.0,2022,12,Friday,0.0,Low
2022-02-09,14:10,40.72293,-73.847336,QUEENS BOULEVARD,0.0,0,0,0,0,0,2,0,Traffic Control Disregarded,Station Wagon/Sport Utility Vehicle,Unknown,,2022,2,Wednesday,0.0,Low
2022-09-09,09:30,40.717724,-73.98577,WILLIAMSBURG BRIDGE,0.0,0,1,0,0,0,0,0,Driver Inattention/Distraction,Moped,MANHATTAN,10002.0,2022,9,Friday,0.0,Low
2023-05-23,12:50,40.899895,-73.90668000000001,HENRY HUDSON PARKWAY,0.0,0,0,0,0,0,0,0,Driver Inattention/Distraction,Tractor Truck Diesel,Unknown,,2023,5,Tuesday,0.0,Low
2022-01-13,00:04,40.858387,-73.90279,EAST 183 STREET,0.0,0,0,0,0,0,2,0,Driver Inattention/Distraction,Sedan,BRONX,10453.0,2022,1,Thursday,0.0,Low
2025-11-19,19:01,40.720436,-74.0067,ERICSSON PL,0.0,0,2,0,0,0,0,0,Driver Inattention/Distraction,Sedan,MANHATTAN,10013.0,2025,11,Wednesday,0.0,Low
2022-01-13,07:14,40.6992,-73.92309,WILSON AVENUE,0.0,0,0,0,0,0,0,0,Traffic Control Disregarded,Station Wagon/Sport Utility Vehicle,Unknown,,2022,1,Thursday,0.0,Low
2025-11-10,07:35,40.761684,-73.76031,NORTHERN BLVD,0.0,0,0,0,0,0,1,0,Turning Improperly,Station Wagon/Sport Utility Vehicle,QUEENS,11361.0,2025,11,Monday,0.0,Low
2024-08-02,20:00,40.618614,-74.02145,,0.0,0,0,0,0,0,0,0,Passing or Lane Usage Improper,Bus,BROOKLYN,11228.0,2024,8,Friday,0.0,Low
2023-12-03,09:43,40.713795000000005,-73.99018000000001,,0.0,0,1,0,0,0,0,0,Following Too Closely,E-Scooter,MANHATTAN,10002.0,2023,12,Sunday,0.0,Low
2025-01-04,16:00,40.77878,-73.78286999999999,CORPORAL KENNEDY ST,0.0,0,0,0,0,0,0,0,Driver Inattention/Distraction,Station Wagon/Sport Utility Vehicle,QUEENS,11360.0,2025,1,Saturday,0.0,Low
2022-12-11,05:15,40.66278,-73.88086,LINDEN BOULEVARD,0.0,0,0,0,0,0,2,0,Failure to Yield Right-of-Way,Sedan,Unknown,,2022,12,Sunday,0.0,Low
2025-09-13,12:18,40.708324,-73.84314,JACKIE ROBINSON PKWY,0.0,0,0,0,0,0,2,0,Following Too Closely,Station Wagon/Sport Utility Vehicle,Unknown,,2025,9,Saturday,0.0,Low
2021-12-27,08:15,40.860577,-73.90255,JEROME AVENUE,0.0,0,0,0,0,0,0,0,Unspecified,Station Wagon/Sport Utility Vehicle,BRONX,10468.0,2021,12,Monday,0.0,Low
2023-12-10,19:00,40.69635,-73.94071,MYRTLE AVENUE,0.0,0,0,0,0,0,0,0,Driver Inattention/Distraction,Sedan,Unknown,,2023,12,Sunday,0.0,Low
2023-04-10,16:20,40.762177,-73.96613,3 AVENUE,0.0,0,0,0,0,0,0,0,Passing Too Closely,Taxi,MANHATTAN,10022.0,2023,4,Monday,0.0,Low
2026-12-02,16:30,40.823646999999994,-73.94385,EDGECOMBE AVE,0.0,0,1,0,0,0,0,0,Unspecified,Station Wagon/Sport Utility Vehicle,Unknown,,2026,12,Wednesday,0.0,Low
2022-12-27,11:55,40.777504,-73.95495600000001,3 AVENUE,0.0,0,1,0,0,0,0,0,Driver Inattention/Distraction,Station Wagon/Sport Utility Vehicle,MANHATTAN,10028.0,2022,12,Tuesday,0.0,Low
2023-07-11,14:20,0.0,0.0,NOSTRAND AVENUE,0.0,0,0,0,0,0,1,0,Unspecified,Sedan,Unknown,,2023,7,Tuesday,0.0,Low
2025-03-17,22:15,40.650806,-73.94957,CHURCH AVE,0.0,0,0,0,1,0,0,0,Pedestrian/Bicyclist/Other Pedestrian Error/Confusion,Station Wagon/Sport Utility Vehicle,BROOKLYN,11226.0,2025,3,Monday,0.0,Low
2024-12-28,19:35,40.75672,-73.914215,46 ST,0.0,0,1,0,0,0,0,0,Failure to Yield Right-of-Way,Sedan,QUEENS,11103.0,2024,12,Saturday,0.0,Low
2022-03-17,19:05,40.695583,-73.92078000000001,CENTRAL AVENUE,0.0,0,0,0,0,0,0,0,Passing Too Closely,Station Wagon/Sport Utility Vehicle,Unknown,,2022,3,Thursday,0.0,Low
2025-07-12,13:15,40.654796999999995,-73.8873,,0.0,0,1,0,0,0,0,0,Obstruction/Debris,Station Wagon/Sport Utility Vehicle,BROOKLYN,11207.0,2025,7,Saturday,0.0,Low
2021-11-14,22:52,40.866314,-73.9186,ISHAM STREET,0.0,0,0,0,0,0,0,0,Unsafe Speed,Station Wagon/Sport Utility Vehicle,MANHATTAN,10034.0,2021,11,Sunday,0.0,Low
2021-08-01,09:05,40.69613,-73.987114,JAY STREET                      ,0.0,0,0,0,2,0,0,0,Unspecified,Bike,BROOKLYN,11201.0,2021,8,Sunday,0.0,Low
2024-03-30,23:50,40.608906,-74.03452,BELT PARKWAY,0.0,0,0,0,0,0,1,0,Unsafe Speed,Sedan,Unknown,,2024,3,Saturday,0.0,Low
2022-09-08,23:50,40.71512,-73.82838000000001,JACKIE ROBINSON PKWY,0.0,0,0,0,0,0,0,0,Passing Too Closely,Sedan,Unknown,,2022,9,Thursday,0.0,Low
2024-11-19,11:09,40.68963,-73.9861,,0.0,0,0,0,0,0,0,0,Passing Too Closely,Sedan,BROOKLYN,11201.0,2024,11,Tuesday,0.0,Low
2021-06-23,22:50,40.745502,-73.888374,77 STREET,0.0,0,1,0,0,0,0,0,Driver Inattention/Distraction,Station Wagon/Sport Utility Vehicle,QUEENS,11373.0,2021,6,Wednesday,0.0,Low
2021-04-16,00:00,40.765266,-73.81517,NORTHERN BOULEVARD,0.0,0,0,0,0,0,0,0,Passing Too Closely,Station Wagon/Sport Utility Vehicle,QUEENS,11354.0,2021,4,Friday,0.0,Low
2021-11-26,01:33,40.583656,-73.98656,CROPSEY AVENUE,0.0,0,0,0,0,0,5,0,Driver Inattention/Distraction,Sedan,Unknown,,2021,11,Friday,0.0,Low
2025-10-07,08:02,40.64601,-73.91293,,0.0,0,0,0,0,0,0,0,Other Vehicular,Sedan,BROOKLYN,11236.0,2025,10,Tuesday,0.0,Low
2022-12-20,17:00,40.744644,-73.77041,LONG ISLAND EXPRESSWAY,0.0,0,0,0,0,0,0,0,Unsafe Lane Changing,Sedan,Unknown,,2022,12,Tuesday,0.0,Low
2022-05-19,10:35,40.64165,-73.879196,SEAVIEW AVENUE,0.0,0,0,0,0,0,0,0,Unspecified,Taxi,BROOKLYN,11239.0,2022,5,Thursday,0.0,Low
2024-08-03,05:20,40.728718,-73.75138000000001,GRAND CENTRAL PKWY,0.0,0,0,0,0,0,0,0,Reaction to Uninvolved Vehicle,Station Wagon/Sport Utility Vehicle,Unknown,,2024,8,Saturday,0.0,Low
2023-04-16,14:11,40.611603,-73.91971,EAST 55 STREET,0.0,0,0,0,0,0,0,0,Driver Inattention/Distraction,Station Wagon/Sport Utility Vehicle,BROOKLYN,11234.0,2023,4,Sunday,0.0,Low
2022-09-04,20:05,40.654263,-73.887024,,0.0,0,1,0,0,0,0,0,Pedestrian/Bicyclist/Other Pedestrian Error/Confusion,Sedan,BROOKLYN,11207.0,2022,9,Sunday,0.0,Low
2024-12-14,08:10,40.56752,-74.115685,CLAWSON ST,0.0,0,0,0,0,0,0,0,Turning Improperly,Sedan,STATEN ISLAND,10306.0,2024,12,Saturday,0.0,Low
2022-01-25,16:00,40.633959999999995,-74.01476,7 AVENUE,0.0,0,0,0,0,0,0,0,Turning Improperly,Station Wagon/Sport Utility Vehicle,BROOKLYN,11220.0,2022,1,Tuesday,0.0,Low
2022-11-09,08:40,40.86727,-73.86922,,0.0,0,0,0,0,0,0,0,Other Vehicular,Station Wagon/Sport Utility Vehicle,BRONX,10467.0,2022,11,Wednesday,0.0,Low
2023-10-19,11:02,0.0,0.0,SCHENCK AVENUE,0.0,0,0,0,0,0,2,0,Passing or Lane Usage Improper,Sedan,BROOKLYN,11207.0,2023,10,Thursday,0.0,Low
2022-04-14,03:35,40.880474,-73.91054,WEST 230 STREET,0.0,0,0,0,0,0,2,0,Unspecified,School bus,BRONX,10463.0,2022,4,Thursday,0.0,Low
2023-05-26,16:39,40.633293,-74.0211,,0.0,0,0,0,0,0,0,0,Driver Inattention/Distraction,Sedan,BROOKLYN,11209.0,2023,5,Friday,0.0,Low
2022-12-02,21:45,40.679703,-73.961685,GRAND AVENUE,0.0,0,0,0,0,0,3,0,Driver Inattention/Distraction,Pick-up Truck,BROOKLYN,11238.0,2022,12,Friday,0.0,Low
2021-06-05,08:00,40.78168,-73.83856999999999,,0.0,0,0,0,0,0,0,0,Backing Unsafely,Sedan,QUEENS,11356.0,2021,6,Saturday,0.0,Low
2022-10-18,22:00,40.746047999999995,-73.89903000000001,65 STREET,0.0,0,0,0,0,0,0,0,Unsafe Speed,Sedan,QUEENS,11377.0,2022,10,Tuesday,0.0,Low
2022-05-19,10:54,40.670757,-73.84173,149 AVENUE,0.0,0,0,0,0,0,1,0,Driver Inattention/Distraction,Tractor Truck Diesel,QUEENS,11417.0,2022,5,Thursday,0.0,Low
2024-07-02,12:00,40.7466,-73.76503000000001,LONG ISLAND EXPRESSWAY,0.0,0,0,0,0,0,0,0,Following Too Closely,Station Wagon/Sport Utility Vehicle,Unknown,,2024,7,Tuesday,0.0,Low
2025-11-06,12:25,0.0,0.0,,0.0,0,0,0,0,0,0,0,Passing Too Closely,Station Wagon/Sport Utility Vehicle,MANHATTAN,10017.0,2025,11,Thursday,0.0,Low
2021-11-29,12:50,40.661834999999996,-73.893105,PENNSYLVANIA AVENUE,0.0,0,1,0,0,0,0,0,Unknown,Unknown,Unknown,,2021,11,Monday,0.0,Low
2024-07-08,18:30,40.578765999999995,-73.96096,,0.0,0,0,0,0,0,0,0,Unspecified,Sedan,BROOKLYN,11235.0,2024,7,Monday,0.0,Low
2024-03-14,09:30,40.704792,-73.939644,,0.0,0,0,0,0,0,0,0,Other Vehicular,Sedan,BROOKLYN,11206.0,2024,3,Thursday,0.0,Low
2022-08-12,11:32,40.674812,-73.906265,,0.0,0,0,0,0,0,0,0,Unspecified,Dump,BROOKLYN,11233.0,2022,8,Friday,0.0,Low
2023-09-07,17:32,40.715862,-73.942894,,0.0,0,0,0,0,0,0,0,Driver Inexperience,Motorcycle,BROOKLYN,11211.0,2023,9,Thursday,0.0,Low
2022-10-25,08:07,40.690098,-73.726616,CROSS ISLAND PARKWAY,0.0,0,0,0,0,0,0,0,Unsafe Lane Changing,Station Wagon/Sport Utility Vehicle,Unknown,,2022,10,Tuesday,0.0,Low
2022-06-06,23:30,40.667576000000004,-73.74013000000001,,0.0,0,0,0,0,0,0,0,Unspecified,Sedan,QUEENS,11422.0,2022,6,Monday,0.0,Low
2022-06-28,05:50,40.710316,-73.77173,187 PLACE,0.0,0,0,0,0,0,1,0,Unsafe Speed,Station Wagon/Sport Utility Vehicle,Unknown,,2022,6,Tuesday,0.0,Low
2021-09-04,20:05,40.744890000000005,-73.99135,,0.0,0,0,0,1,0,0,0,Following Too Closely,E-Bike,MANHATTAN,10001.0,2021,9,Saturday,0.0,Low
2022-10-15,00:15,40.58814,-73.93179,KNAPP STREET,0.0,0,0,0,0,0,0,0,Driver Inattention/Distraction,Sedan,Unknown,,2022,10,Saturday,0.0,Low
2025-09-10,18:00,40.635937,-74.07584,BAY ST,0.0,0,0,0,0,0,0,0,Unsafe Speed,Sedan,STATEN ISLAND,10301.0,2025,9,Wednesday,0.0,Low
2025-09-25,15:37,40.65586,-73.955185,,0.0,0,0,0,0,0,0,0,Passing Too Closely,Sedan,BROOKLYN,11226.0,2025,9,Thursday,0.0,Low
2023-03-18,22:55,40.75383,-74.00715,WEST 29 STREET,0.0,0,0,0,0,0,0,0,Turning Improperly,Station Wagon/Sport Utility Vehicle,MANHATTAN,10001.0,2023,3,Saturday,0.0,Low
2024-12-28,23:00,40.767212,-73.73571,,0.0,0,0,0,0,0,0,0,Unspecified,Sedan,QUEENS,11362.0,2024,12,Saturday,0.0,Low
2024-01-06,01:56,40.69644,-73.92228,HARMAN STREET,0.0,0,0,0,0,0,0,0,Other Vehicular,Station Wagon/Sport Utility Vehicle,Unknown,,2024,1,Saturday,0.0,Low
2023-12-31,04:39,40.80543,-73.95985,,0.0,0,0,0,0,0,0,0,Driver Inattention/Distraction,Sedan,MANHATTAN,10025.0,2023,12,Sunday,0.0,Low
2023-04-30,10:40,40.85941,-73.88539,HOFFMAN STREET,0.0,0,0,0,0,0,0,0,Driver Inattention/Distraction,Station Wagon/Sport Utility Vehicle,Unknown,,2023,4,Sunday,0.0,Low
2021-12-17,17:38,40.654133,-73.91234,LINDEN BOULEVARD,0.0,0,0,0,0,0,0,0,View Obstructed/Limited,Station Wagon/Sport Utility Vehicle,BROOKLYN,11212.0,2021,12,Friday,0.0,Low
2026-01-19,15:25,40.749736999999996,-73.86521,,0.0,0,0,0,0,0,1,0,Passing or Lane Usage Improper,Pick-up Truck,QUEENS,11368.0,2026,1,Monday,0.0,Low
2024-09-07,00:28,40.814102,-73.940865,WEST 135 STREET,0.0,0,0,0,0,0,0,0,Failure to Yield Right-of-Way,Sedan,MANHATTAN,10037.0,2024,9,Saturday,0.0,Low
2021-12-03,15:00,40.719654,-73.94068,,0.0,0,0,0,0,0,0,0,Passing or Lane Usage Improper,Sedan,BROOKLYN,11222.0,2021,12,Friday,0.0,Low
2022-12-14,04:00,40.843070000000004,-73.93694,,0.0,0,0,0,0,0,0,0,Unspecified,Station Wagon/Sport Utility Vehicle,MANHATTAN,10032.0,2022,12,Wednesday,0.0,Low
2023-06-06,17:59,40.670113,-73.910866,,0.0,0,0,0,0,0,0,0,Driver Inattention/Distraction,Tractor Truck Gasoline,BROOKLYN,11212.0,2023,6,Tuesday,0.0,Low
2022-03-07,11:00,40.622634999999995,-74.03729,COLONIAL ROAD,0.0,0,0,0,0,0,1,0,Driver Inattention/Distraction,Motorcycle,BROOKLYN,11209.0,2022,3,Monday,0.0,Low
2022-10-30,18:53,40.842964,-73.91045,MOUNT EDEN PARKWAY,0.0,0,0,0,0,0,1,0,Failure to Yield Right-of-Way,Pick-up Truck,BRONX,10457.0,2022,10,Sunday,0.0,Low
2021-05-21,10:40,40.70024,-73.94782,,0.0,0,0,0,0,0,0,0,Unsafe Speed,Motorcycle,BROOKLYN,11206.0,2021,5,Friday,0.0,Low
2025-10-19,03:35,40.6974,-73.80951,143 ST,0.0,0,0,0,0,0,0,0,Unspecified,Sedan,QUEENS,11435.0,2025,10,Sunday,0.0,Low
2024-07-03,06:27,40.604324,-73.89885,BELT PARKWAY,0.0,0,0,0,0,0,1,0,Following Too Closely,Taxi,Unknown,,2024,7,Wednesday,0.0,Low
2022-06-05,17:00,40.73937,-73.79189000000001,LONG ISLAND EXPRESSWAY,0.0,0,0,0,0,0,1,0,Fell Asleep,Station Wagon/Sport Utility Vehicle,Unknown,,2022,6,Sunday,0.0,Low
2023-02-05,19:25,40.76093,-73.96914,EAST 57 STREET,0.0,0,0,0,0,0,1,0,Unspecified,Station Wagon/Sport Utility Vehicle,Unknown,,2023,2,Sunday,0.0,Low
2021-08-01,19:30,40.596745,-74.093765,RICHMOND ROAD                   ,0.0,0,0,0,0,0,0,0,Failure to Yield Right-of-Way,Sedan,STATEN ISLAND,10304.0,2021,8,Sunday,0.0,Low
2024-01-24,14:06,40.66834,-73.77094,144 ROAD,0.0,0,0,0,0,0,1,0,Failure to Yield Right-of-Way,Sedan,QUEENS,11434.0,2024,1,Wednesday,0.0,Low
2024-08-04,20:30,40.650079999999996,-73.96101,CHURCH AVENUE,0.0,0,0,0,0,0,1,0,Driver Inattention/Distraction,Bus,BROOKLYN,11226.0,2024,8,Sunday,0.0,Low
2025-06-21,19:41,40.687553,-73.98038000000001,LIVINGSTON ST,0.0,0,0,0,0,0,0,0,Passing or Lane Usage Improper,Sedan,Unknown,,2025,6,Saturday,0.0,Low
2025-11-08,09:00,40.830259999999996,-73.91485,E 166 ST,0.0,0,0,0,0,0,0,0,Backing Unsafely,Station Wagon/Sport Utility Vehicle,BRONX,10456.0,2025,11,Saturday,0.0,Low
2022-01-13,22:34,40.84271,-73.885666,EAST TREMONT AVENUE,0.0,0,0,0,0,0,2,0,Driver Inattention/Distraction,Ambulance,BRONX,10460.0,2022,1,Thursday,0.0,Low
2024-12-19,13:45,40.712215,-73.83566,,0.0,0,0,0,0,0,0,0,Unspecified,Sedan,QUEENS,11375.0,2024,12,Thursday,0.0,Low
2025-07-01,12:14,40.8433,-73.88684,E TREMONT AVE,0.0,0,1,0,0,0,0,0,Following Too Closely,Pick-up Truck,BRONX,10460.0,2025,7,Tuesday,0.0,Low
2025-05-17,16:00,40.636448,-73.94511999999999,NEW YORK AVE,0.0,0,0,0,0,0,0,0,Unspecified,Sedan,BROOKLYN,11210.0,2025,5,Saturday,0.0,Low
2023-11-17,19:10,40.812571999999996,-73.950935,SAINT NICHOLAS AVENUE,0.0,0,0,0,0,0,0,0,Unspecified,Station Wagon/Sport Utility Vehicle,Unknown,,2023,11,Friday,0.0,Low
2024-07-22,13:32,40.72593,-73.99791,,0.0,0,0,0,0,0,0,0,Unspecified,Sedan,MANHATTAN,10012.0,2024,7,Monday,0.0,Low
2024-10-21,09:05,40.728446999999996,-73.9818,EAST 11 STREET,0.0,0,0,0,1,0,0,0,Driver Inattention/Distraction,Bike,MANHATTAN,10009.0,2024,10,Monday,0.0,Low
2024-10-24,16:07,40.694813,-73.98328000000001,GOLD STREET,0.0,0,0,0,0,0,0,0,Passing Too Closely,Sedan,BROOKLYN,11201.0,2024,10,Thursday,0.0,Low
2021-09-06,16:09,40.839664,-73.87104000000001,,0.0,0,0,0,0,0,1,0,Driver Inattention/Distraction,Station Wagon/Sport Utility Vehicle,BRONX,10460.0,2021,9,Monday,0.0,Low
2022-02-05,14:00,0.0,0.0,,0.0,0,0,0,0,0,1,0,Backing Unsafely,Sedan,BROOKLYN,11229.0,2022,2,Saturday,0.0,Low
2026-02-25,04:43,40.78675,-73.82401,14 AVENUE,0.0,0,0,0,0,0,0,0,Other Vehicular,Sedan,Unknown,,2026,2,Wednesday,0.0,Low
2024-03-05,15:40,40.69392,-73.96410999999999,,0.0,0,0,0,0,0,1,0,Passing Too Closely,Station Wagon/Sport Utility Vehicle,BROOKLYN,11205.0,2024,3,Tuesday,0.0,Low
2021-05-20,11:24,40.76635,-73.88756,23 AVENUE,0.0,0,0,0,0,0,0,0,Driver Inattention/Distraction,Sedan,QUEENS,11370.0,2021,5,Thursday,0.0,Low
2023-07-11,00:00,40.750240000000005,-73.94208,24 STREET,0.0,0,0,0,0,0,0,0,Driver Inattention/Distraction,Station Wagon/Sport Utility Vehicle,QUEENS,11101.0,2023,7,Tuesday,0.0,Low
2023-05-08,17:07,40.654309999999995,-74.004425,4 AVENUE,0.0,0,0,0,1,0,0,0,Unspecified,Station Wagon/Sport Utility Vehicle,BROOKLYN,11232.0,2023,5,Monday,0.0,Low
2023-05-23,14:15,40.65909,-73.852554,80 STREET,0.0,0,0,0,0,0,2,0,Traffic Control Disregarded,Sedan,QUEENS,11414.0,2023,5,Tuesday,0.0,Low
2022-04-08,05:14,40.671479999999995,-73.898674,PITKIN AVENUE,0.0,0,0,0,0,0,1,0,Traffic Control Disregarded,Station Wagon/Sport Utility Vehicle,Unknown,,2022,4,Friday,0.0,Low
2025-03-22,12:18,40.595467,-73.97846,,0.0,0,0,0,0,0,0,0,Unspecified,Station Wagon/Sport Utility Vehicle,BROOKLYN,11223.0,2025,3,Saturday,0.0,Low
2024-09-07,08:30,40.666603,-73.91386999999999,SUTTER AVENUE,0.0,0,0,0,0,0,0,0,Driver Inattention/Distraction,Bus,BROOKLYN,11212.0,2024,9,Saturday,0.0,Low
2023-03-09,22:11,40.67788,-73.795586,,0.0,0,0,0,0,0,0,0,Unspecified,Station Wagon/Sport Utility Vehicle,QUEENS,11436.0,2023,3,Thursday,0.0,Low
2024-10-30,09:26,40.83723,-73.938835,AMSTERDAM AVE,0.0,0,0,0,0,0,0,0,Unspecified,Station Wagon/Sport Utility Vehicle,MANHATTAN,10032.0,2024,10,Wednesday,0.0,Low
2022-10-20,12:12,40.851620000000004,-73.8265,WILKINSON AVENUE,0.0,0,0,0,0,0,6,0,Unspecified,Sedan,Unknown,,2022,10,Thursday,0.0,Low
2023-01-25,18:51,40.736073,-73.77356,199 STREET,0.0,0,0,0,0,0,0,0,Driver Inattention/Distraction,Sedan,QUEENS,11366.0,2023,1,Wednesday,0.0,Low
2025-11-25,19:12,40.84292,-73.849396,E TREMONT AVE,0.0,0,0,0,0,0,1,0,Unspecified,Van,BRONX,10461.0,2025,11,Tuesday,0.0,Low
2025-03-24,07:35,40.563915,-74.11636,HYLAN BLVD,0.0,0,0,0,0,0,2,0,Failure to Yield Right-of-Way,Station Wagon/Sport Utility Vehicle,Unknown,,2025,3,Monday,0.0,Low
2021-10-16,00:15,40.8006946,-73.9411094,TRIBOROUGH BRIDGE,0.0,0,0,0,0,0,1,0,Traffic Control Disregarded,Sedan,Unknown,,2021,10,Saturday,0.0,Low
2024-07-20,00:00,40.72568,-73.89105,LONG ISLAND EXPRESSWAY,0.0,0,0,0,0,0,1,0,Obstruction/Debris,Motorcycle,Unknown,,2024,7,Saturday,0.0,Low
2023-10-04,14:35,40.634075,-73.99508,NEW UTRECHT AVENUE,0.0,0,0,0,0,0,2,0,Unspecified,Station Wagon/Sport Utility Vehicle,BROOKLYN,11219.0,2023,10,Wednesday,0.0,Low
2025-02-07,07:00,40.691795,-73.98214,,0.0,0,0,0,0,0,0,0,Unspecified,Station Wagon/Sport Utility Vehicle,BROOKLYN,11201.0,2025,2,Friday,0.0,Low
2024-05-12,15:36,40.670359999999995,-73.77778,137 AVE,0.0,0,0,0,0,0,0,0,Unspecified,Sedan,QUEENS,11434.0,2024,5,Sunday,0.0,Low
2023-04-24,02:55,40.751034000000004,-73.89716,BROOKLYN QUEENS EXPRESSWAY,0.0,0,0,0,0,0,2,0,Alcohol Involvement,Sedan,Unknown,,2023,4,Monday,0.0,Low
2022-07-23,18:04,40.761837,-73.921104,,0.0,0,0,0,0,0,0,0,Driver Inattention/Distraction,Station Wagon/Sport Utility Vehicle,QUEENS,11106.0,2022,7,Saturday,0.0,Low
2024-12-23,08:05,40.729620000000004,-73.95121999999999,,0.0,0,0,0,0,0,0,0,Unspecified,Sedan,BROOKLYN,11222.0,2024,12,Monday,0.0,Low
2022-08-28,15:41,40.610443,-73.96246,,0.0,0,0,0,0,0,1,0,Driver Inattention/Distraction,Sedan,BROOKLYN,11230.0,2022,8,Sunday,0.0,Low
2021-11-27,10:00,40.64962,-73.874306,,0.0,0,0,0,0,0,0,0,Driver Inattention/Distraction,Sedan,BROOKLYN,11239.0,2021,11,Saturday,0.0,Low
2021-11-11,06:40,40.613476,-74.09793,HOWARD AVENUE,0.0,0,0,0,0,0,0,0,Unsafe Speed,Sedan,STATEN ISLAND,10301.0,2021,11,Thursday,0.0,Low
2024-06-29,20:29,40.605470000000004,-73.96074,EAST 12 STREET,0.0,0,1,0,0,0,0,0,Failure to Yield Right-of-Way,Sedan,BROOKLYN,11229.0,2024,6,Saturday,0.0,Low
2025-10-06,06:50,40.71991,-73.80904,UNION TPKE,0.0,0,0,0,0,0,0,0,Unspecified,Station Wagon/Sport Utility Vehicle,QUEENS,11367.0,2025,10,Monday,0.0,Low
2022-01-26,13:05,40.75513,-73.96525,1 AVENUE,0.0,0,0,0,0,0,2,0,Unspecified,Sedan,Unknown,,2022,1,Wednesday,0.0,Low
2022-07-23,00:34,40.664047,-73.888115,NEW LOTS AVENUE,0.0,0,0,0,0,0,0,0,Unspecified,Sedan,BROOKLYN,11207.0,2022,7,Saturday,0.0,Low
2021-12-07,21:00,40.625004,-74.14761999999999,,0.0,0,0,0,0,0,0,0,Driver Inattention/Distraction,Station Wagon/Sport Utility Vehicle,Unknown,,2021,12,Tuesday,0.0,Low
2023-12-12,12:30,40.649204,-73.913055,,0.0,0,0,0,0,0,0,0,Unspecified,Van,BROOKLYN,11236.0,2023,12,Tuesday,0.0,Low
2022-01-31,17:52,40.76657,-73.83145,LINDEN PLACE,0.0,0,0,0,0,0,0,0,Failure to Yield Right-of-Way,Sedan,Unknown,,2022,1,Monday,0.0,Low
2022-11-07,09:12,40.75388,-73.822815,KISSENA BOULEVARD,0.0,0,0,0,0,0,0,0,Backing Unsafely,Station Wagon/Sport Utility Vehicle,QUEENS,11355.0,2022,11,Monday,0.0,Low
2025-09-24,15:40,40.75927,-73.98089,W 49 ST,0.0,0,0,0,0,0,0,0,Passing Too Closely,Sedan,MANHATTAN,10020.0,2025,9,Wednesday,0.0,Low
2021-04-25,16:45,40.731617,-73.85149,YELLOWSTONE BOULEVARD,0.0,0,0,0,0,0,0,0,Driver Inattention/Distraction,Station Wagon/Sport Utility Vehicle,QUEENS,11375.0,2021,4,Sunday,0.0,Low
2023-03-09,18:50,40.6682,-73.87021,,0.0,0,0,0,0,0,0,0,Backing Unsafely,Station Wagon/Sport Utility Vehicle,BROOKLYN,11208.0,2023,3,Thursday,0.0,Low
2024-03-05,21:44,40.683228,-73.907135,BUSHWICK AVENUE,0.0,0,1,0,0,0,0,0,Traffic Control Disregarded,Taxi,BROOKLYN,11207.0,2024,3,Tuesday,0.0,Low
2022-12-21,15:44,40.851616,-73.93368000000001,WEST 184 STREET,0.0,0,0,0,0,0,0,0,Passing or Lane Usage Improper,Sedan,MANHATTAN,10033.0,2022,12,Wednesday,0.0,Low
2022-12-02,17:15,0.0,0.0,,0.0,0,1,0,0,0,0,0,Reaction to Uninvolved Vehicle,Sedan,QUEENS,11419.0,2022,12,Friday,0.0,Low
2023-06-22,07:00,40.60181,-73.760605,OCEAN CREST BOULEVARD,0.0,0,0,0,0,0,0,0,Unspecified,Sedan,Unknown,,2023,6,Thursday,0.0,Low
2023-01-30,04:28,40.885033,-73.859604,,0.0,0,0,0,0,0,1,0,Following Too Closely,Station Wagon/Sport Utility Vehicle,BRONX,10467.0,2023,1,Monday,0.0,Low
2022-01-18,04:25,40.73937,-73.79189000000001,LONG ISLAND EXPRESSWAY,0.0,0,0,0,0,0,2,0,Driver Inattention/Distraction,Sedan,Unknown,,2022,1,Tuesday,0.0,Low
2022-09-20,17:31,40.798504,-73.96713000000001,WEST 103 STREET,0.0,0,0,0,1,0,0,0,Driver Inattention/Distraction,Station Wagon/Sport Utility Vehicle,MANHATTAN,10025.0,2022,9,Tuesday,0.0,Low
2022-05-22,20:00,40.835873,-73.88753,,0.0,0,0,0,0,0,0,0,Unspecified,Station Wagon/Sport Utility Vehicle,BRONX,10460.0,2022,5,Sunday,0.0,Low
2025-12-28,15:30,40.885307,-73.89825400000001,W 239 ST,0.0,0,0,0,0,0,0,0,Unspecified,Carry All,BRONX,10463.0,2025,12,Sunday,0.0,Low
2021-05-06,11:34,40.841770000000004,-73.92549,MERRIAM AVENUE,0.0,0,0,0,0,0,0,0,Traffic Control Disregarded,Tractor Truck Diesel,BRONX,10452.0,2021,5,Thursday,0.0,Low
2023-01-13,02:00,40.677067,-73.81243,,0.0,0,0,0,0,0,0,0,Passing or Lane Usage Improper,Station Wagon/Sport Utility Vehicle,QUEENS,11420.0,2023,1,Friday,0.0,Low
2025-11-01,09:30,40.83742,-73.942894,,0.0,0,0,0,0,0,0,0,Backing Unsafely,Station Wagon/Sport Utility Vehicle,MANHATTAN,10032.0,2025,11,Saturday,0.0,Low
2023-01-15,14:15,40.71832,-73.74386,94 AVENUE,0.0,0,0,0,0,0,0,0,Turning Improperly,Sedan,QUEENS,11428.0,2023,1,Sunday,0.0,Low
2022-11-01,16:50,40.7422,-73.840965,LONG ISLAND EXPRESSWAY,0.0,0,0,0,0,0,1,0,Driver Inexperience,Sedan,Unknown,,2022,11,Tuesday,0.0,Low
2025-02-03,05:02,40.66578,-73.91941,HOWARD AVE,0.0,0,0,0,0,0,1,0,Unspecified,Station Wagon/Sport Utility Vehicle,BROOKLYN,11212.0,2025,2,Monday,0.0,Low
2023-02-07,10:25,40.823315,-73.94901,AMSTERDAM AVENUE,0.0,0,0,0,0,0,1,0,Unspecified,Sedan,Unknown,,2023,2,Tuesday,0.0,Low
2024-03-01,17:25,40.758488,-73.97514,EAST 51 STREET,0.0,0,0,0,0,0,0,0,Turning Improperly,Box Truck,MANHATTAN,10022.0,2024,3,Friday,0.0,Low
2021-02-10,13:29,40.5956,-73.94098000000001,,0.0,0,0,0,0,0,0,0,Unspecified,Station Wagon/Sport Utility Vehicle,BROOKLYN,11229.0,2021,2,Wednesday,0.0,Low
2025-06-19,09:20,40.768159999999995,-73.90544,GRAND CENTRAL PKWY,0.0,0,0,0,0,0,0,0,Unsafe Lane Changing,Station Wagon/Sport Utility Vehicle,Unknown,,2025,6,Thursday,0.0,Low
2022-02-06,21:29,40.710453,-73.93734,WATERBURY STREET,0.0,0,0,0,0,0,0,0,Following Too Closely,Sedan,Unknown,,2022,2,Sunday,0.0,Low
2023-09-09,07:53,40.754345,-73.973114,,0.0,0,0,0,0,0,0,0,Driver Inattention/Distraction,Pick-up Truck,MANHATTAN,10017.0,2023,9,Saturday,0.0,Low
2025-12-26,18:00,40.707836,-73.80746500000001,,0.0,0,0,0,0,0,0,0,Unspecified,Sedan,QUEENS,11435.0,2025,12,Friday,0.0,Low
2024-01-10,05:51,40.65104,-74.0111,44 STREET,0.0,0,0,0,0,0,0,0,Traffic Control Disregarded,Station Wagon/Sport Utility Vehicle,BROOKLYN,11220.0,2024,1,Wednesday,0.0,Low
2024-11-16,14:04,40.82403,-73.94475600000001,W 145 ST,0.0,0,0,0,0,0,0,0,Failure to Yield Right-of-Way,Bike,MANHATTAN,10030.0,2024,11,Saturday,0.0,Low
2021-06-01,11:29,40.86367,-73.86740999999999,,0.0,0,0,0,0,0,2,0,Backing Unsafely,Station Wagon/Sport Utility Vehicle,BRONX,10467.0,2021,6,Tuesday,0.0,Low
2024-11-18,14:55,40.852734000000005,-73.89646,PARK AVE,0.0,0,0,0,0,0,0,0,Passing Too Closely,Sedan,BRONX,10457.0,2024,11,Monday,0.0,Low
2021-05-04,14:35,40.599503000000006,-74.067116,MAJOR AVENUE                    ,0.0,0,0,0,0,0,0,0,Passing or Lane Usage Improper,Station Wagon/Sport Utility Vehicle,STATEN ISLAND,10305.0,2021,5,Tuesday,0.0,Low
2022-05-09,20:40,40.67443,-73.87859,,0.0,0,0,0,0,0,1,0,Unspecified,Sedan,BROOKLYN,11208.0,2022,5,Monday,0.0,Low
2023-04-14,14:47,40.61895,-73.92689,UTICA AVENUE,0.0,0,0,0,0,0,0,0,Driver Inattention/Distraction,Sedan,BROOKLYN,11234.0,2023,4,Friday,0.0,Low
2023-06-27,15:00,40.856693,-73.88465,EAST 189 STREET,0.0,0,1,0,0,0,0,0,Pedestrian/Bicyclist/Other Pedestrian Error/Confusion,Sedan,BRONX,10458.0,2023,6,Tuesday,0.0,Low
2021-06-08,12:50,40.65525,-73.952965,ROGERS AVENUE,0.0,0,0,0,0,0,0,0,View Obstructed/Limited,Station Wagon/Sport Utility Vehicle,BROOKLYN,11226.0,2021,6,Tuesday,0.0,Low
2021-07-24,22:03,40.69697,-73.90653,WYCKOFF AVENUE,0.0,0,0,0,0,0,0,0,Unspecified,Sedan,BROOKLYN,11237.0,2021,7,Saturday,0.0,Low
2021-05-28,11:55,40.746113,-73.73576,CROSS ISLAND PARKWAY,0.0,0,0,0,0,0,0,0,Oversized Vehicle,Box Truck,Unknown,,2021,5,Friday,0.0,Low
2021-03-04,16:09,40.765755,-73.78935,,0.0,0,0,0,0,0,0,0,Tire Failure/Inadequate,Sedan,QUEENS,11358.0,2021,3,Thursday,0.0,Low
2021-09-26,08:57,40.830425,-73.86221,UNDERHILL AVENUE,0.0,0,0,0,0,0,0,0,Unspecified,Station Wagon/Sport Utility Vehicle,BRONX,10472.0,2021,9,Sunday,0.0,Low
2022-03-19,19:05,40.71893,-73.74529,,0.0,0,0,0,0,0,0,0,Unspecified,Station Wagon/Sport Utility Vehicle,QUEENS,11428.0,2022,3,Saturday,0.0,Low
2021-07-08,09:10,40.756107,-73.90071,62 STREET,0.0,0,0,0,0,0,0,0,Driver Inattention/Distraction,Station Wagon/Sport Utility Vehicle,QUEENS,11377.0,2021,7,Thursday,0.0,Low
2021-08-27,02:40,40.747536,-73.884865,81 STREET,0.0,0,0,0,0,0,0,0,Traffic Control Disregarded,Bike,QUEENS,11372.0,2021,8,Friday,0.0,Low
2022-11-23,23:18,40.69773,-73.81409000000001,VAN WYCK EXPWY,0.0,0,0,0,0,0,0,0,Outside Car Distraction,Pick-up Truck,Unknown,,2022,11,Wednesday,0.0,Low
2024-10-30,15:00,40.622623,-74.11017,,0.0,0,1,0,0,0,0,0,Failure to Yield Right-of-Way,Sedan,STATEN ISLAND,10310.0,2024,10,Wednesday,0.0,Low
2021-05-23,01:00,40.663643,-73.89084,WYONA STREET,0.0,0,0,0,0,0,2,0,Aggressive Driving/Road Rage,Sedan,BROOKLYN,11207.0,2021,5,Sunday,0.0,Low
2024-10-14,00:10,40.756664,-73.78282,FRANCIS LEWIS BOULEVARD,0.0,0,0,0,0,0,0,0,Driver Inattention/Distraction,Station Wagon/Sport Utility Vehicle,QUEENS,11361.0,2024,10,Monday,0.0,Low
2021-11-13,18:50,40.669117,-73.905716,BELMONT AVENUE,0.0,0,0,0,0,0,0,0,Traffic Control Disregarded,Sedan,BROOKLYN,11212.0,2021,11,Saturday,0.0,Low
2021-03-21,22:29,40.822678,-73.81748,,0.0,0,0,0,0,0,0,0,Unspecified,Sedan,BRONX,10465.0,2021,3,Sunday,0.0,Low
2022-01-18,07:25,40.837672999999995,-73.86548,ARCHER STREET,0.0,0,1,0,0,0,0,0,Driver Inattention/Distraction,Carry All,BRONX,10460.0,2022,1,Tuesday,0.0,Low
2024-07-13,18:50,40.66426,-73.893936,,0.0,0,0,0,0,0,0,0,Unsafe Speed,Station Wagon/Sport Utility Vehicle,BROOKLYN,11207.0,2024,7,Saturday,0.0,Low
2024-04-13,22:30,40.678425,-73.92744,HERKIMER STREET,0.0,0,0,0,0,0,1,0,Unspecified,Sedan,BROOKLYN,11233.0,2024,4,Saturday,0.0,Low
2021-12-30,00:00,40.865466999999995,-73.86541,HOLLAND AVENUE,0.0,0,1,0,0,0,0,0,Driver Inattention/Distraction,Station Wagon/Sport Utility Vehicle,BRONX,10467.0,2021,12,Thursday,0.0,Low
2022-07-01,09:00,40.69412,-73.96016999999999,MYRTLE AVENUE,0.0,0,0,0,0,0,0,0,Driver Inattention/Distraction,Sedan,Unknown,,2022,7,Friday,0.0,Low
2023-08-07,16:45,40.66675,-73.80157,NORTH CONDUIT AVENUE,0.0,0,0,0,0,0,0,0,Unsafe Speed,Sedan,QUEENS,11420.0,2023,8,Monday,0.0,Low
2021-01-01,04:08,40.71634,-73.950645,,0.0,0,0,0,0,0,1,0,Alcohol Involvement,Sedan,BROOKLYN,11211.0,2021,1,Friday,0.0,Low
2025-01-28,00:30,40.754158000000004,-73.96271,FDR DRIVE,0.0,0,0,0,0,0,0,0,Failure to Yield Right-of-Way,Station Wagon/Sport Utility Vehicle,Unknown,,2025,1,Tuesday,0.0,Low
2022-06-08,20:09,40.710175,-74.001144,PEARL STREET,0.0,0,0,0,0,0,0,0,Unspecified,Sedan,Unknown,,2022,6,Wednesday,0.0,Low
2024-04-15,17:30,40.740707,-73.727135,UNION TURNPIKE,0.0,0,0,0,0,0,0,0,Driver Inattention/Distraction,Station Wagon/Sport Utility Vehicle,QUEENS,11427.0,2024,4,Monday,0.0,Low
2021-07-10,13:10,40.686682299999994,-73.97936440000001,FLATBUSH AVENUE,0.0,0,0,0,0,0,1,0,Driver Inattention/Distraction,Sedan,BROOKLYN,11217.0,2021,7,Saturday,0.0,Low
2022-10-19,12:00,40.787890000000004,-73.94194,,0.0,0,0,0,0,0,0,0,Backing Unsafely,Taxi,MANHATTAN,10029.0,2022,10,Wednesday,0.0,Low
2021-03-03,19:30,40.76001,-73.98653,,0.0,0,0,0,0,0,0,0,Driver Inattention/Distraction,Sedan,MANHATTAN,10036.0,2021,3,Wednesday,0.0,Low
2021-09-12,02:45,40.653023,-73.73895,149 AVENUE,0.0,0,0,0,0,0,1,0,Alcohol Involvement,Sedan,QUEENS,11422.0,2021,9,Sunday,0.0,Low
2024-03-27,21:02,40.671603999999995,-73.892845,,0.0,0,1,0,0,0,0,0,Unspecified,Motorcycle,BROOKLYN,11207.0,2024,3,Wednesday,0.0,Low
2023-10-18,07:05,40.66612,-73.82225,NORTH CONDUIT AVENUE,0.0,0,0,0,0,0,0,0,Driver Inattention/Distraction,Sedan,QUEENS,11420.0,2023,10,Wednesday,0.0,Low
2021-07-26,21:12,40.59565,-73.908165,BELT PARKWAY,0.0,0,0,0,0,0,2,0,Reaction to Uninvolved Vehicle,Station Wagon/Sport Utility Vehicle,Unknown,,2021,7,Monday,0.0,Low
2023-08-06,16:00,40.643738,-74.01863,3 AVENUE,0.0,0,0,0,0,0,0,0,Unspecified,Station Wagon/Sport Utility Vehicle,BROOKLYN,11220.0,2023,8,Sunday,0.0,Low
2025-10-28,09:30,40.73895,-73.97916,,0.0,0,0,0,0,0,0,0,Unspecified,Sedan,MANHATTAN,10010.0,2025,10,Tuesday,0.0,Low
2026-07-01,21:54,0.0,0.0,,0.0,0,0,0,0,0,0,0,Unspecified,Sedan,STATEN ISLAND,10309.0,2026,7,Wednesday,0.0,Low
2023-10-29,15:14,40.74433,-73.98266,,0.0,0,0,0,0,0,0,0,Driver Inattention/Distraction,Station Wagon/Sport Utility Vehicle,MANHATTAN,10016.0,2023,10,Sunday,0.0,Low
2021-02-24,15:05,40.77352,-73.951385,,0.0,0,0,0,0,0,0,0,Driver Inattention/Distraction,Moped,MANHATTAN,10028.0,2021,2,Wednesday,0.0,Low
2023-09-26,12:43,40.6026,-74.01491,BELT PARKWAY,0.0,0,0,0,0,0,1,0,Driver Inattention/Distraction,Sedan,Unknown,,2023,9,Tuesday,0.0,Low
2022-04-29,19:00,40.697998,-73.92605999999999,MYRTLE AVENUE,0.0,0,0,0,0,0,0,0,Unspecified,Sedan,BROOKLYN,11221.0,2022,4,Friday,0.0,Low
2026-03-23,09:45,40.698746,-73.99472,,0.0,0,0,0,0,0,0,0,Driver Inattention/Distraction,Sedan,BROOKLYN,11201.0,2026,3,Monday,0.0,Low
2023-04-26,20:30,40.800884,-73.952515,,0.0,0,0,0,0,0,0,0,Driver Inattention/Distraction,Station Wagon/Sport Utility Vehicle,MANHATTAN,10026.0,2023,4,Wednesday,0.0,Low
2021-08-05,15:30,40.58036,-73.96761,NEPTUNE AVENUE,0.0,0,0,0,0,0,0,0,Unspecified,Sedan,Unknown,,2021,8,Thursday,0.0,Low
2024-06-28,05:39,40.74006,-73.78989399999999,LONG ISLAND EXPRESSWAY,0.0,0,0,0,0,0,3,0,Following Too Closely,Station Wagon/Sport Utility Vehicle,Unknown,,2024,6,Friday,0.0,Low
2025-07-14,08:00,40.68029,-73.94773,FULTON ST,0.0,0,0,0,0,0,0,0,Driver Inattention/Distraction,Sedan,BROOKLYN,11216.0,2025,7,Monday,0.0,Low
2024-11-16,16:30,40.771285999999996,-73.9467,FDR DRIVE,0.0,0,0,0,0,0,0,0,Unsafe Lane Changing,Station Wagon/Sport Utility Vehicle,Unknown,,2024,11,Saturday,0.0,Low
2022-11-30,18:06,40.815265999999994,-73.859726,SOUND VIEW AVENUE,0.0,0,1,0,0,0,0,0,Unknown,Unknown,BRONX,10473.0,2022,11,Wednesday,0.0,Low
2024-04-13,19:31,40.75052,-73.940636,CRESCENT STREET,0.0,0,0,0,0,0,0,0,Aggressive Driving/Road Rage,Station Wagon/Sport Utility Vehicle,Unknown,,2024,4,Saturday,0.0,Low
2022-05-23,14:08,40.792255,-73.94839499999999,EAST 105 STREET,0.0,0,0,0,0,0,3,0,Passenger Distraction,Sedan,MANHATTAN,10029.0,2022,5,Monday,0.0,Low
2022-07-26,11:00,40.622093,-73.937515,KINGS HIGHWAY,0.0,0,0,0,0,0,0,0,Driver Inattention/Distraction,Box Truck,BROOKLYN,11234.0,2022,7,Tuesday,0.0,Low
2022-08-16,17:15,40.78717,-73.79295,CROSS ISLAND PARKWAY,0.0,0,0,0,0,0,1,0,Unspecified,Sedan,Unknown,,2022,8,Tuesday,0.0,Low
2023-04-10,15:33,40.864826,-73.89056,,0.0,0,0,0,0,0,0,0,Unspecified,Sedan,BRONX,10458.0,2023,4,Monday,0.0,Low
2022-05-27,12:16,40.820972,-73.89428000000001,,0.0,0,0,0,0,0,2,0,Following Too Closely,Sedan,BRONX,10459.0,2022,5,Friday,0.0,Low
2023-07-25,07:55,40.693090000000005,-73.94296,PULASKI STREET,0.0,0,1,0,0,0,0,0,Unspecified,Station Wagon/Sport Utility Vehicle,Unknown,,2023,7,Tuesday,0.0,Low
2024-11-18,18:00,40.845352,-73.92820999999999,CROSS BRONX EXPY,0.0,0,0,0,0,0,2,0,Driver Inattention/Distraction,Station Wagon/Sport Utility Vehicle,Unknown,,2024,11,Monday,0.0,Low
2022-10-21,14:50,40.619606,-73.945526,NOSTRAND AVENUE,0.0,0,0,0,0,0,0,0,Unspecified,Sedan,BROOKLYN,11210.0,2022,10,Friday,0.0,Low
2023-03-30,02:23,40.614872,-73.82165,CROSS BAY BOULEVARD,0.0,1,0,1,0,0,0,0,Unspecified,Station Wagon/Sport Utility Vehicle,Unknown,,2023,3,Thursday,1.0,Low
2024-04-04,15:54,40.8724,-73.88981,JEROME AVENUE,0.0,0,0,0,0,0,0,0,Unspecified,Station Wagon/Sport Utility Vehicle,BRONX,10468.0,2024,4,Thursday,0.0,Low
2023-09-25,00:00,40.844875,-73.8678,MORRIS PARK AVENUE,0.0,0,0,0,0,0,2,0,Driver Inattention/Distraction,Station Wagon/Sport Utility Vehicle,BRONX,10462.0,2023,9,Monday,0.0,Low
2021-05-18,12:15,40.848690000000005,-73.90329,EAST TREMONT AVENUE,0.0,0,0,0,0,0,0,0,Turning Improperly,Sedan,BRONX,10457.0,2021,5,Tuesday,0.0,Low
2022-06-29,08:40,40.67308,-73.91124,EASTERN PARKWAY,0.0,0,0,0,0,0,0,0,Unspecified,Sedan,BROOKLYN,11233.0,2022,6,Wednesday,0.0,Low
2022-04-25,12:45,40.781715000000005,-73.82384499999999,144 STREET,0.0,0,1,0,0,0,0,0,Backing Unsafely,Station Wagon/Sport Utility Vehicle,QUEENS,11357.0,2022,4,Monday,0.0,Low
2025-08-14,02:56,40.640923,-73.90050500000001,E 95 ST,0.0,0,0,0,0,0,0,0,Driver Inattention/Distraction,Station Wagon/Sport Utility Vehicle,BROOKLYN,11236.0,2025,8,Thursday,0.0,Low
2025-04-18,06:20,40.866673,-73.90896,MAJOR DEEGAN EXPRESSWAY,0.0,0,0,0,0,0,0,0,Following Too Closely,Sedan,Unknown,,2025,4,Friday,0.0,Low
2024-01-07,16:44,40.625336,-73.9653,,0.0,0,0,0,0,0,1,0,Driver Inattention/Distraction,Station Wagon/Sport Utility Vehicle,BROOKLYN,11230.0,2024,1,Sunday,0.0,Low
2021-02-17,20:30,40.606457,-73.989136,BAY PARKWAY                     ,0.0,0,0,0,0,0,2,0,Unsafe Speed,Sedan,BROOKLYN,11214.0,2021,2,Wednesday,0.0,Low
2025-11-27,14:40,40.67798,-73.91911999999999,HOWARD AVE,0.0,0,0,0,0,0,1,0,Unspecified,Sedan,BROOKLYN,11233.0,2025,11,Thursday,0.0,Low
2021-02-06,15:53,40.810303000000005,-73.93942,,0.0,0,0,0,0,0,0,0,Unspecified,Bike,MANHATTAN,10037.0,2021,2,Saturday,0.0,Low
2021-06-08,09:00,40.67272,-73.947464,,0.0,0,0,0,0,0,3,0,Unspecified,Sedan,BROOKLYN,11216.0,2021,6,Tuesday,0.0,Low
2024-07-21,12:00,40.685844,-73.94731999999999,MONROE STREET,0.0,0,0,0,0,0,0,0,Following Too Closely,Sedan,Unknown,,2024,7,Sunday,0.0,Low
2024-12-05,00:00,40.628387,-73.92430999999999,FLATLANDS AVENUE,0.0,0,1,0,0,0,0,0,Unknown,Unknown,BROOKLYN,11234.0,2024,12,Thursday,0.0,Low
2021-05-07,01:19,40.77233,-73.958725,3 AVENUE,0.0,0,0,0,0,0,0,0,Traffic Control Disregarded,Sedan,MANHATTAN,10021.0,2021,5,Friday,0.0,Low
2021-07-01,14:00,40.696384,-73.86017,85 STREET                       ,0.0,0,0,0,0,0,0,0,Driver Inattention/Distraction,Station Wagon/Sport Utility Vehicle,QUEENS,11421.0,2021,7,Thursday,0.0,Low
2023-03-24,06:29,40.8122,-73.94226,WEST 132 STREET,0.0,0,1,0,0,0,0,0,Pedestrian/Bicyclist/Other Pedestrian Error/Confusion,Bus,MANHATTAN,10037.0,2023,3,Friday,0.0,Low
2023-08-03,08:45,40.859646000000005,-73.86176,ASTOR AVENUE,0.0,0,0,0,0,0,0,0,Unspecified,Sedan,BRONX,10469.0,2023,8,Thursday,0.0,Low
2021-02-28,12:50,40.663227,-73.93159,EAST NEW YORK AVENUE            ,0.0,0,0,0,0,0,0,0,Driver Inattention/Distraction,Station Wagon/Sport Utility Vehicle,Unknown,,2021,2,Sunday,0.0,Low
2024-12-01,23:09,40.84559,-73.88091999999999,,0.0,0,0,0,0,0,0,0,Passing Too Closely,Ambulance,BRONX,10460.0,2024,12,Sunday,0.0,Low
2024-07-17,20:00,40.76566,-73.920204,,0.0,0,0,0,0,0,0,0,Driver Inattention/Distraction,Station Wagon/Sport Utility Vehicle,QUEENS,11102.0,2024,7,Wednesday,0.0,Low
2023-02-19,04:30,40.576496,-73.950874,,0.0,0,0,0,0,0,0,0,Driver Inattention/Distraction,Sedan,BROOKLYN,11235.0,2023,2,Sunday,0.0,Low
2022-07-02,00:00,40.84243,-73.89015,,0.0,0,0,0,0,0,0,0,Driver Inattention/Distraction,Sedan,BRONX,10460.0,2022,7,Saturday,0.0,Low
2021-06-12,00:45,40.74006,-73.87864,BROADWAY,0.0,0,0,0,0,0,0,0,Traffic Control Disregarded,Sedan,Unknown,,2021,6,Saturday,0.0,Low
2023-07-31,21:30,40.72165,-73.94196,MEEKER AVENUE,0.0,0,0,0,0,0,0,0,Unspecified,Sedan,Unknown,,2023,7,Monday,0.0,Low
2021-12-21,20:00,40.614307000000004,-74.06572,,0.0,0,0,0,0,0,0,0,Unspecified,Sedan,STATEN ISLAND,10305.0,2021,12,Tuesday,0.0,Low
2024-03-27,14:50,40.81009,-73.925224,,0.0,0,0,0,0,0,0,0,Unspecified,Van,BRONX,10454.0,2024,3,Wednesday,0.0,Low
2022-01-14,23:30,40.81183,-73.96112,WEST 122 STREET,0.0,0,0,0,0,0,0,0,Steering Failure,Station Wagon/Sport Utility Vehicle,Unknown,,2022,1,Friday,0.0,Low
2025-01-19,21:20,40.697109999999995,-73.77251,179 ST,0.0,0,0,0,0,0,0,0,Pavement Slippery,Station Wagon/Sport Utility Vehicle,QUEENS,11433.0,2025,1,Sunday,0.0,Low
2021-02-19,00:00,40.6381,-73.924576,,0.0,0,0,0,0,0,0,0,Unsafe Speed,Station Wagon/Sport Utility Vehicle,BROOKLYN,11234.0,2021,2,Friday,0.0,Low
2024-09-15,18:50,40.73321,-73.981064,EAST 17 STREET,0.0,0,1,0,0,0,0,0,Driver Inattention/Distraction,Sedan,MANHATTAN,10009.0,2024,9,Sunday,0.0,Low
2021-04-29,00:00,40.86309,-73.88946,WEBSTER AVENUE,0.0,0,0,0,0,0,0,0,Pedestrian/Bicyclist/Other Pedestrian Error/Confusion,Sedan,BRONX,10458.0,2021,4,Thursday,0.0,Low
2021-06-22,16:44,40.61132,-74.114716,STATEN ISLAND EXPRESSWAY,0.0,0,0,0,0,0,0,0,Passing or Lane Usage Improper,Station Wagon/Sport Utility Vehicle,Unknown,,2021,6,Tuesday,0.0,Low
2021-12-11,12:00,40.838577,-73.86916,,0.0,0,0,0,0,0,0,0,Unspecified,Station Wagon/Sport Utility Vehicle,BRONX,10460.0,2021,12,Saturday,0.0,Low
2022-01-16,15:20,40.605495,-73.98307,KINGS HIGHWAY,0.0,0,0,0,1,0,0,0,Driver Inattention/Distraction,Sedan,Unknown,,2022,1,Sunday,0.0,Low
2022-02-04,03:50,40.6406,-73.99434000000001,FORT HAMILTON PARKWAY,0.0,0,0,0,0,0,1,0,Fell Asleep,Sedan,BROOKLYN,11219.0,2022,2,Friday,0.0,Low
2021-01-28,16:18,40.667429999999996,-73.76675999999999,NORTH CONDUIT AVENUE            ,0.0,0,0,0,0,0,0,0,Unspecified,Sedan,QUEENS,11434.0,2021,1,Thursday,0.0,Low
2024-04-12,21:20,40.687016,-73.77486400000001,FOCH BLVD,0.0,0,0,0,0,0,0,0,Failure to Yield Right-of-Way,Sedan,QUEENS,11434.0,2024,4,Friday,0.0,Low
2023-11-19,18:36,40.674609999999994,-73.80428,134 STREET,0.0,0,0,0,0,0,0,0,Driver Inattention/Distraction,Sedan,Unknown,,2023,11,Sunday,0.0,Low
2022-03-06,12:15,40.8617,-73.89139,WEBSTER AVENUE,0.0,0,0,0,0,0,1,0,Other Vehicular,Sedan,BRONX,10458.0,2022,3,Sunday,0.0,Low
2025-06-23,04:54,40.674343,-73.801216,ROCKAWAY BOULEVARD,0.0,0,0,0,0,0,1,0,Steering Failure,Sedan,Unknown,,2025,6,Monday,0.0,Low
2026-01-21,07:20,40.86294,-73.93274,FORT TRYON PLACE,0.0,0,0,0,0,0,0,0,Driver Inattention/Distraction,Sedan,Unknown,,2026,1,Wednesday,0.0,Low
2025-11-29,08:50,40.749744,-73.88431,37 AVE,0.0,0,0,0,1,0,0,0,View Obstructed/Limited,Station Wagon/Sport Utility Vehicle,QUEENS,11372.0,2025,11,Saturday,0.0,Low
2026-02-02,05:00,40.816757,-73.926216,PARK AVE,0.0,0,0,0,0,0,0,0,Unspecified,Station Wagon/Sport Utility Vehicle,BRONX,10451.0,2026,2,Monday,0.0,Low
2024-03-25,02:00,40.758,-73.737595,LONG ISLAND EXPRESSWAY,0.0,0,0,0,0,0,0,0,Driver Inattention/Distraction,Sedan,Unknown,,2024,3,Monday,0.0,Low
2024-09-07,17:20,40.884014,-73.8791,EAST 212 STREET,0.0,0,1,0,0,0,0,0,Unspecified,Sedan,BRONX,10467.0,2024,9,Saturday,0.0,Low
2021-01-07,07:05,40.719105,-73.95635,,0.0,0,1,0,0,0,0,0,Backing Unsafely,Garbage or Refuse,BROOKLYN,11211.0,2021,1,Thursday,0.0,Low
2021-06-28,17:53,40.705868,-74.00376999999999,,0.0,0,0,0,1,0,0,0,Driver Inattention/Distraction,Bike,MANHATTAN,10038.0,2021,6,Monday,0.0,Low
2023-05-11,10:12,40.714766999999995,-73.73366999999999,,0.0,0,0,0,0,0,0,0,Unspecified,Station Wagon/Sport Utility Vehicle,QUEENS,11429.0,2023,5,Thursday,0.0,Low
2022-10-28,14:18,40.83882,-73.86825999999999,,0.0,0,0,0,0,0,0,0,Passing Too Closely,Box Truck,BRONX,10460.0,2022,10,Friday,0.0,Low
2023-05-20,14:30,40.895718,-73.849525,WICKHAM AVENUE,0.0,0,0,0,0,0,0,0,Unsafe Speed,Sedan,BRONX,10466.0,2023,5,Saturday,0.0,Low
2025-05-11,17:53,40.71946,-73.89116,69 ST,0.0,0,0,0,0,0,0,0,Failure to Yield Right-of-Way,Sedan,QUEENS,11379.0,2025,5,Sunday,0.0,Low
2025-08-14,15:15,40.679478,-73.75535,,0.0,0,0,0,0,0,0,0,Passing or Lane Usage Improper,Sedan,Unknown,,2025,8,Thursday,0.0,Low
2023-07-28,10:40,40.849403,-73.871445,BRONX RIVER PARKWAY,0.0,0,0,0,0,0,0,0,Following Too Closely,Sedan,Unknown,,2023,7,Friday,0.0,Low
2023-07-26,18:30,40.572914000000004,-74.16996999999999,,0.0,0,0,0,0,0,0,0,Unspecified,Sedan,Unknown,,2023,7,Wednesday,0.0,Low
2024-07-11,00:10,40.62236,-74.174355,STATEN ISLAND EXPRESSWAY,0.0,0,0,0,0,0,0,0,Reaction to Uninvolved Vehicle,Station Wagon/Sport Utility Vehicle,Unknown,,2024,7,Thursday,0.0,Low
2021-12-30,14:30,40.709938,-74.0045,,0.0,0,0,0,0,0,0,0,Unspecified,Sedan,MANHATTAN,10038.0,2021,12,Thursday,0.0,Low
2023-10-21,12:00,40.711220000000004,-73.78090999999999,90 AVENUE,0.0,0,0,0,0,0,1,0,Unspecified,Sedan,QUEENS,11423.0,2023,10,Saturday,0.0,Low
2021-07-20,14:46,40.66638,-73.9244,EAST NEW YORK AVENUE,0.0,0,0,0,0,0,1,0,Driver Inattention/Distraction,Station Wagon/Sport Utility Vehicle,BROOKLYN,11233.0,2021,7,Tuesday,0.0,Low
2021-09-12,09:55,40.632008,-74.02756,,0.0,0,0,0,0,0,0,0,Passing or Lane Usage Improper,Sedan,BROOKLYN,11209.0,2021,9,Sunday,0.0,Low
2022-12-12,07:17,40.802074,-73.93406999999999,2 AVENUE,0.0,0,0,0,0,0,0,0,Driver Inattention/Distraction,Sedan,Unknown,,2022,12,Monday,0.0,Low
2021-06-24,14:22,40.865795,-73.920006,SHERMAN AVENUE,0.0,0,0,0,0,0,1,0,Passing or Lane Usage Improper,Sedan,Unknown,,2021,6,Thursday,0.0,Low
2022-03-18,08:15,40.673297999999996,-73.78989399999999,ROCKAWAY BOULEVARD,0.0,0,0,0,0,0,1,0,Passing or Lane Usage Improper,Moped,Unknown,,2022,3,Friday,0.0,Low
2022-09-17,09:15,40.786255,-73.81353,150 STREET,0.0,0,0,0,0,0,0,0,Passing or Lane Usage Improper,Sedan,QUEENS,11357.0,2022,9,Saturday,0.0,Low
2024-01-24,22:05,40.77661,-73.92153,21 STREET,0.0,0,1,0,0,0,0,0,Failure to Yield Right-of-Way,Taxi,QUEENS,11102.0,2024,1,Wednesday,0.0,Low
2021-01-20,07:52,40.763344000000004,-73.75791,CROSS ISLAND PARKWAY            ,0.0,0,0,0,0,0,0,0,Following Too Closely,Station Wagon/Sport Utility Vehicle,Unknown,,2021,1,Wednesday,0.0,Low
2024-11-21,20:10,40.67492,-73.875275,FOUNTAIN AVE,0.0,0,0,0,0,0,0,0,Driver Inexperience,Box Truck,BROOKLYN,11208.0,2024,11,Thursday,0.0,Low
2021-02-17,16:30,40.701077000000005,-73.94043,HUMBOLDT STREET                 ,0.0,0,0,0,0,0,0,0,Driver Inattention/Distraction,Sedan,BROOKLYN,11206.0,2021,2,Wednesday,0.0,Low
2024-10-05,19:00,40.842194,-73.94541,HENRY HUDSON PARKWAY,0.0,0,0,0,0,0,0,0,Pavement Slippery,Sedan,Unknown,,2024,10,Saturday,0.0,Low
2022-04-15,19:50,40.6087,-73.97404,AVENUE P,0.0,0,0,0,0,0,1,0,Unsafe Speed,Sedan,Unknown,,2022,4,Friday,0.0,Low
2022-06-10,18:45,40.636044,-73.890686,AVENUE N,0.0,0,1,0,0,0,0,0,Unspecified,Station Wagon/Sport Utility Vehicle,Unknown,,2022,6,Friday,0.0,Low
2021-08-14,20:37,40.855920000000005,-73.9172,CEDAR AVENUE,0.0,0,0,0,0,0,0,0,Following Too Closely,Sedan,BRONX,10453.0,2021,8,Saturday,0.0,Low
2021-07-07,11:00,40.69854,-73.94116,PARK AVENUE,0.0,0,0,0,0,0,0,0,Backing Unsafely,Sedan,Unknown,,2021,7,Wednesday,0.0,Low
2025-09-15,14:25,40.817370000000004,-73.90258,PROSPECT AVE,0.0,0,0,0,0,0,0,0,Driver Inattention/Distraction,Standing S,BRONX,10455.0,2025,9,Monday,0.0,Low
2021-12-10,23:41,40.7674712,-73.9564643,,0.0,0,0,0,0,0,0,0,Pavement Slippery,E-Bike,MANHATTAN,10021.0,2021,12,Friday,0.0,Low
2022-03-24,21:22,40.659279999999995,-73.89116999999999,,0.0,0,0,0,0,0,0,0,Unspecified,Sedan,BROOKLYN,11207.0,2022,3,Thursday,0.0,Low
2022-02-24,23:00,40.705395,-73.73978000000001,,0.0,0,0,0,0,0,0,0,Driver Inattention/Distraction,Sedan,QUEENS,11429.0,2022,2,Thursday,0.0,Low
2024-06-16,11:52,40.680653,-73.97014,,0.0,0,0,0,0,0,0,0,Following Too Closely,LIMO,BROOKLYN,11238.0,2024,6,Sunday,0.0,Low
2025-07-17,09:50,40.80457,-73.9717,HENRY HUDSON PARKWAY,0.0,0,0,0,0,0,2,0,Unspecified,Sedan,Unknown,,2025,7,Thursday,0.0,Low
2023-07-14,16:10,40.748463,-74.00361,,0.0,0,1,0,0,0,0,0,Backing Unsafely,Commercial,MANHATTAN,10011.0,2023,7,Friday,0.0,Low
2025-01-29,08:44,40.63075,-73.97171,OCEAN PKWY,0.0,0,1,0,0,0,0,0,Failure to Yield Right-of-Way,Station Wagon/Sport Utility Vehicle,BROOKLYN,11230.0,2025,1,Wednesday,0.0,Low
2022-07-25,23:52,40.608078000000006,-73.97970600000001,WEST 6 STREET,0.0,0,0,0,0,0,0,0,Driver Inattention/Distraction,Station Wagon/Sport Utility Vehicle,Unknown,,2022,7,Monday,0.0,Low
2026-02-22,05:35,40.76186,-73.86513000000001,,0.0,0,0,0,0,0,0,0,Alcohol Involvement,Station Wagon/Sport Utility Vehicle,QUEENS,11369.0,2026,2,Sunday,0.0,Low
2024-11-18,13:11,40.704421999999994,-73.99491,BROOKLYN BRIDGE,0.0,0,0,0,0,0,0,0,Aggressive Driving/Road Rage,Station Wagon/Sport Utility Vehicle,Unknown,,2024,11,Monday,0.0,Low
2021-05-15,01:30,40.705982,-73.73956,SPRINGFIELD BOULEVARD,0.0,0,1,0,0,0,0,0,Failure to Yield Right-of-Way,Sedan,Unknown,,2021,5,Saturday,0.0,Low
2024-10-20,11:00,40.58227,-73.98612,CROPSEY AVENUE,0.0,0,0,0,0,0,2,0,Driver Inattention/Distraction,Sedan,BROOKLYN,11214.0,2024,10,Sunday,0.0,Low
2022-12-13,13:05,40.786625,-73.81085,CROSS ISLAND PARKWAY,0.0,0,0,0,0,0,2,0,Following Too Closely,Station Wagon/Sport Utility Vehicle,Unknown,,2022,12,Tuesday,0.0,Low
2021-05-11,14:10,40.844916999999995,-73.926384,CROSS BRONX EXPY,0.0,0,0,0,0,0,0,0,Driver Inattention/Distraction,Sedan,Unknown,,2021,5,Tuesday,0.0,Low
2024-01-08,21:06,40.600229999999996,-73.9956,BENSON AVENUE,0.0,0,0,0,1,0,0,0,Failure to Yield Right-of-Way,Bike,BROOKLYN,11214.0,2024,1,Monday,0.0,Low
2025-11-24,08:00,40.756744,-73.87565,,0.0,0,0,0,0,0,0,0,Backing Unsafely,Station Wagon/Sport Utility Vehicle,QUEENS,11372.0,2025,11,Monday,0.0,Low
2021-08-14,19:00,40.64962,-73.874306,,0.0,0,0,0,0,0,0,0,Unspecified,Sedan,BROOKLYN,11239.0,2021,8,Saturday,0.0,Low
2024-01-03,10:00,40.81881,-73.92828,WALTON AVENUE,0.0,0,1,0,0,0,0,0,Failure to Yield Right-of-Way,Sedan,BRONX,10451.0,2024,1,Wednesday,0.0,Low
2025-02-03,04:05,40.680805,-73.763885,MERRICK BLVD,0.0,0,0,0,0,0,0,0,Passing or Lane Usage Improper,Station Wagon/Sport Utility Vehicle,QUEENS,11434.0,2025,2,Monday,0.0,Low
2022-05-01,08:10,40.77926,-73.81931999999999,22 AVENUE,0.0,0,0,0,0,0,0,0,Passing Too Closely,Station Wagon/Sport Utility Vehicle,Unknown,,2022,5,Sunday,0.0,Low
2024-09-04,19:23,40.757233,-73.9898,WEST 42 STREET,0.0,0,0,0,0,0,0,0,Pedestrian/Bicyclist/Other Pedestrian Error/Confusion,Taxi,MANHATTAN,10036.0,2024,9,Wednesday,0.0,Low
2025-12-06,20:20,40.67812,-73.85826999999999,GLENMORE AVE,0.0,0,0,0,0,0,0,0,Unsafe Speed,Sedan,QUEENS,11417.0,2025,12,Saturday,0.0,Low
2024-06-01,11:30,40.905617,-73.9024,,0.0,0,0,0,0,0,0,0,Unspecified,Sedan,BRONX,10471.0,2024,6,Saturday,0.0,Low
2025-10-28,21:33,0.0,0.0,,0.0,0,0,0,0,0,0,0,Passing Too Closely,Sedan,BROOKLYN,11211.0,2025,10,Tuesday,0.0,Low
2021-03-13,08:50,40.543938,-74.18044,EDGEGROVE AVENUE                ,0.0,0,0,0,0,0,0,0,Unspecified,Station Wagon/Sport Utility Vehicle,Unknown,,2021,3,Saturday,0.0,Low
2024-01-05,17:50,40.84168,-73.93934,BROADWAY,0.0,0,0,0,1,0,0,0,Driver Inattention/Distraction,Bike,MANHATTAN,10032.0,2024,1,Friday,0.0,Low
2021-02-13,11:30,40.772040000000004,-73.93224000000001,MAIN AVENUE                     ,0.0,0,0,0,0,0,0,0,Unspecified,Sedan,QUEENS,11102.0,2021,2,Saturday,0.0,Low
2025-01-17,19:09,40.852375,-73.86582,BRADY AVE,0.0,0,0,0,0,0,0,0,Unspecified,Sedan,BRONX,10462.0,2025,1,Friday,0.0,Low
2023-07-03,07:25,40.82138,-73.86298000000001,TAYLOR AVENUE,0.0,0,0,0,1,0,0,0,Driver Inattention/Distraction,Station Wagon/Sport Utility Vehicle,BRONX,10473.0,2023,7,Monday,0.0,Low
2025-02-14,13:00,40.864525,-73.92662,DYCKMAN ST,0.0,0,0,0,0,0,0,0,Failure to Yield Right-of-Way,Station Wagon/Sport Utility Vehicle,MANHATTAN,10040.0,2025,2,Friday,0.0,Low
2025-08-02,21:49,40.694035,-73.72679000000001,CROSS ISLAND PARKWAY,0.0,0,0,0,0,0,0,0,Unspecified,Sedan,Unknown,,2025,8,Saturday,0.0,Low
2024-04-20,19:51,40.66709,-73.76375999999999,NORTH CONDUIT AVENUE,0.0,0,0,0,0,0,2,0,Unsafe Speed,Station Wagon/Sport Utility Vehicle,QUEENS,11413.0,2024,4,Saturday,0.0,Low
2022-07-07,01:35,40.7147,-73.97582,,0.0,0,0,0,1,0,0,0,Driver Inattention/Distraction,Bike,MANHATTAN,10002.0,2022,7,Thursday,0.0,Low
2025-12-14,20:00,40.711365,-73.97896999999999,FDR DRIVE,0.0,0,0,0,0,0,1,0,Unsafe Lane Changing,Sedan,Unknown,,2025,12,Sunday,0.0,Low
2022-05-09,18:39,40.673817,-73.95013,,0.0,0,0,0,0,0,0,0,Other Vehicular,Station Wagon/Sport Utility Vehicle,BROOKLYN,11216.0,2022,5,Monday,0.0,Low
2024-02-14,16:25,40.848545,-73.90679,,0.0,0,0,0,0,0,0,0,Brakes Defective,Station Wagon/Sport Utility Vehicle,Unknown,,2024,2,Wednesday,0.0,Low
2022-02-28,15:47,40.766308,-73.81424,150 PLACE,0.0,0,0,0,0,0,0,0,Passing or Lane Usage Improper,Sedan,Unknown,,2022,2,Monday,0.0,Low
2021-03-24,23:55,40.694363,-73.958,FRANKLIN AVENUE                 ,0.0,0,0,0,0,0,0,0,Passing Too Closely,Station Wagon/Sport Utility Vehicle,Unknown,,2021,3,Wednesday,0.0,Low
2026-09-03,05:44,40.640915,-73.97364,OCEAN PKWY,0.0,0,0,0,0,0,2,0,Passing or Lane Usage Improper,Station Wagon/Sport Utility Vehicle,BROOKLYN,11218.0,2026,9,Thursday,0.0,Low
2025-05-02,17:11,40.852306,-73.90798000000001,,0.0,0,0,0,1,0,0,0,Driver Inattention/Distraction,Station Wagon/Sport Utility Vehicle,BRONX,10453.0,2025,5,Friday,0.0,Low
2024-09-13,02:49,40.774223,-73.84663,,0.0,0,0,0,0,0,0,0,Backing Unsafely,Sedan,QUEENS,11354.0,2024,9,Friday,0.0,Low
2026-02-19,18:30,40.67888,-73.852936,,0.0,0,0,0,0,0,0,0,Other Vehicular,Station Wagon/Sport Utility Vehicle,QUEENS,11417.0,2026,2,Thursday,0.0,Low
2023-03-02,01:42,40.842846,-73.881424,VYSE AVENUE,0.0,0,0,0,0,0,0,0,Backing Unsafely,Station Wagon/Sport Utility Vehicle,BRONX,10460.0,2023,3,Thursday,0.0,Low
2021-12-18,19:36,40.65079,-73.903366,,0.0,0,1,0,0,0,0,0,Unspecified,Box Truck,BROOKLYN,11236.0,2021,12,Saturday,0.0,Low
2022-01-09,12:35,40.873795,-73.83582,HAMMERSLEY AVENUE,0.0,0,1,0,0,0,0,0,Driver Inattention/Distraction,Station Wagon/Sport Utility Vehicle,BRONX,10469.0,2022,1,Sunday,0.0,Low
2021-07-18,17:10,40.660114,-73.96391,EAST DRIVE,0.0,0,1,0,1,0,0,0,Following Too Closely,Bike,BROOKLYN,11226.0,2021,7,Sunday,0.0,Low
2025-07-20,03:05,40.706084999999995,-73.808495,HILLSIDE AVE,0.0,0,0,0,0,0,0,0,Driver Inattention/Distraction,Station Wagon/Sport Utility Vehicle,Unknown,,2025,7,Sunday,0.0,Low
2024-02-24,05:30,40.769867,-73.89081,,0.0,0,0,0,0,0,0,0,Turning Improperly,Pick-up Truck,QUEENS,11370.0,2024,2,Saturday,0.0,Low
2021-12-15,10:41,40.721436,-73.99555,,0.0,0,0,0,0,0,0,0,Oversized Vehicle,Box Truck,MANHATTAN,10012.0,2021,12,Wednesday,0.0,Low
2021-07-08,00:25,40.797717999999996,-73.946495,,0.0,0,1,0,0,0,0,0,Failure to Yield Right-of-Way,Station Wagon/Sport Utility Vehicle,MANHATTAN,10029.0,2021,7,Thursday,0.0,Low
2025-04-06,10:20,40.608204,-73.92071,FLATBUSH AVE,0.0,0,0,0,0,0,0,0,Driver Inattention/Distraction,Dump,BROOKLYN,11234.0,2025,4,Sunday,0.0,Low
2025-05-02,09:25,40.759357,-73.98272,,0.0,0,0,0,1,0,0,0,Oversized Vehicle,Box Truck,MANHATTAN,10036.0,2025,5,Friday,0.0,Low
2025-09-25,23:39,40.661570000000005,-73.95071999999999,NOSTRAND AVE,0.0,0,0,0,0,0,0,0,Driver Inattention/Distraction,Station Wagon/Sport Utility Vehicle,BROOKLYN,11225.0,2025,9,Thursday,0.0,Low
2025-12-19,03:49,40.717407,-73.98788,BROOME ST,0.0,0,1,0,0,0,0,0,Unspecified,Station Wagon/Sport Utility Vehicle,MANHATTAN,10002.0,2025,12,Friday,0.0,Low
2026-02-17,04:40,40.760838,-73.80205,NORTHERN BLVD,0.0,0,0,0,0,0,0,0,Traffic Control Disregarded,Sedan,QUEENS,11358.0,2026,2,Tuesday,0.0,Low
2025-03-09,07:35,40.815083,-73.90012,LEGGETT AVE,0.0,0,1,0,0,0,0,0,Failure to Yield Right-of-Way,Station Wagon/Sport Utility Vehicle,BRONX,10455.0,2025,3,Sunday,0.0,Low
2022-08-28,13:33,40.594257,-73.9623,,0.0,0,0,0,0,0,0,0,Unspecified,Sedan,BROOKLYN,11223.0,2022,8,Sunday,0.0,Low
2021-06-02,01:55,40.60915,-74.14986999999999,STATEN ISLAND EXPRESSWAY        ,0.0,0,0,0,0,0,0,0,Driver Inattention/Distraction,Sedan,Unknown,,2021,6,Wednesday,0.0,Low
2022-01-11,05:20,40.712696,-73.900604,FRESH POND ROAD,0.0,0,0,0,0,0,0,0,Unspecified,Station Wagon/Sport Utility Vehicle,QUEENS,11385.0,2022,1,Tuesday,0.0,Low
2022-04-07,00:00,40.79166,-73.96469,WEST 96 STREET,0.0,0,0,0,0,0,0,0,Driver Inattention/Distraction,E-Scooter,Unknown,,2022,4,Thursday,0.0,Low
2022-02-20,10:50,40.682888,-73.78488,LAKEVIEW BOULEVARD EAST,0.0,0,0,0,0,0,0,0,Traffic Control Disregarded,Station Wagon/Sport Utility Vehicle,QUEENS,11434.0,2022,2,Sunday,0.0,Low
2021-12-13,00:00,40.70978,-73.82043,VAN WYCK EXPWY,0.0,0,0,0,0,0,0,0,Driver Inattention/Distraction,Station Wagon/Sport Utility Vehicle,Unknown,,2021,12,Monday,0.0,Low
2025-04-29,19:30,40.596687,-73.74421,SEAGIRT BLVD,0.0,0,0,0,0,0,1,0,Turning Improperly,Sedan,Unknown,,2025,4,Tuesday,0.0,Low
2023-04-11,20:42,40.67921,-73.91375,HULL STREET,0.0,0,0,0,0,0,0,0,Unspecified,Sedan,BROOKLYN,11233.0,2023,4,Tuesday,0.0,Low
2023-08-10,10:25,40.87787,-73.8701,BRONX RIVER PARKWAY,0.0,0,0,0,0,0,0,0,Driver Inattention/Distraction,Sedan,Unknown,,2023,8,Thursday,0.0,Low
2021-06-17,00:00,40.685435999999996,-73.79326,SUTPHIN BOULEVARD,0.0,0,0,0,0,0,0,0,Unspecified,Sedan,QUEENS,11434.0,2021,6,Thursday,0.0,Low
2024-08-22,08:08,40.628679999999996,-74.012146,FORT HAMILTON PARKWAY,0.0,0,0,0,0,0,0,0,Failure to Yield Right-of-Way,Station Wagon/Sport Utility Vehicle,BROOKLYN,11219.0,2024,8,Thursday,0.0,Low
2023-02-21,15:53,40.848735999999995,-73.93234,AUDUBON AVENUE,0.0,0,0,0,0,0,0,0,Unspecified,Sedan,Unknown,,2023,2,Tuesday,0.0,Low
2026-03-15,03:16,40.69692,-73.84266,,0.0,0,0,0,0,0,0,0,Alcohol Involvement,Sedan,QUEENS,11418.0,2026,3,Sunday,0.0,Low
2022-03-05,03:15,40.693394,-73.830345,,0.0,0,0,0,0,0,1,0,Unsafe Speed,Station Wagon/Sport Utility Vehicle,QUEENS,11419.0,2022,3,Saturday,0.0,Low
2022-03-18,00:30,40.64236,-73.91971,,0.0,0,0,0,0,0,0,0,Failure to Yield Right-of-Way,Sedan,BROOKLYN,11236.0,2022,3,Friday,0.0,Low
2025-01-28,10:10,40.58712,-73.96204,E 7 ST,0.0,0,0,0,0,0,0,0,Steering Failure,Station Wagon/Sport Utility Vehicle,BROOKLYN,11235.0,2025,1,Tuesday,0.0,Low
2025-10-17,16:49,40.859325,-73.93131,NAGLE AVE,0.0,0,0,0,0,0,1,0,Driver Inattention/Distraction,Station Wagon/Sport Utility Vehicle,Unknown,,2025,10,Friday,0.0,Low
2022-08-21,14:49,40.81149,-73.94051999999999,,0.0,0,0,0,0,0,0,0,Other Vehicular,Sedan,MANHATTAN,10037.0,2022,8,Sunday,0.0,Low
2021-02-08,04:00,40.839615,-73.88443000000001,CROSS BRONX EXPY,0.0,0,0,0,0,0,2,0,Following Too Closely,Sedan,Unknown,,2021,2,Monday,0.0,Low
2022-05-13,18:55,40.762024,-74.00116,12 AVENUE,0.0,0,0,0,0,0,0,0,Passing or Lane Usage Improper,Station Wagon/Sport Utility Vehicle,MANHATTAN,10036.0,2022,5,Friday,0.0,Low
2022-10-01,16:41,40.74273,-73.91499,50 STREET,0.0,0,0,0,0,0,0,0,Driver Inattention/Distraction,Sedan,QUEENS,11377.0,2022,10,Saturday,0.0,Low
2025-01-15,19:27,40.666940000000004,-73.8701,,0.0,0,0,0,0,0,1,0,Driver Inattention/Distraction,Sedan,BROOKLYN,11208.0,2025,1,Wednesday,0.0,Low
2021-06-26,20:18,40.68039,-73.94955999999999,NOSTRAND AVENUE,0.0,0,0,0,0,0,4,0,Brakes Defective,Station Wagon/Sport Utility Vehicle,BROOKLYN,11216.0,2021,6,Saturday,0.0,Low
2021-08-21,02:55,40.753624,-73.96944,2 AVENUE,0.0,0,0,0,0,0,1,0,Driver Inattention/Distraction,Sedan,MANHATTAN,10017.0,2021,8,Saturday,0.0,Low
2022-04-05,10:09,0.0,0.0,FOSTER AVENUE,0.0,0,0,0,1,0,0,0,Driver Inattention/Distraction,Station Wagon/Sport Utility Vehicle,BROOKLYN,11210.0,2022,4,Tuesday,0.0,Low
2022-02-03,09:02,40.668613,-73.94505,BROOKLYN AVENUE,0.0,0,0,0,0,0,0,0,Following Too Closely,Sedan,Unknown,,2022,2,Thursday,0.0,Low
2024-01-23,12:40,40.73883,-73.983154,3 AVENUE,0.0,0,0,0,1,0,0,0,Traffic Control Disregarded,Sedan,MANHATTAN,10010.0,2024,1,Tuesday,0.0,Low
2024-10-19,20:55,40.76552,-73.97211,EAST 61 STREET,0.0,0,0,0,0,0,0,0,Other Vehicular,Sedan,MANHATTAN,10065.0,2024,10,Saturday,0.0,Low
2023-05-09,16:04,40.62438,-74.124756,MANOR ROAD,0.0,0,0,0,0,0,1,0,Unspecified,Sedan,STATEN ISLAND,10310.0,2023,5,Tuesday,0.0,Low
2023-05-04,20:09,40.670734,-73.93373000000001,SCHENECTADY AVENUE,0.0,0,0,0,0,0,1,0,Backing Unsafely,Sedan,Unknown,,2023,5,Thursday,0.0,Low
2023-01-04,19:30,40.796158,-73.94765500000001,MADISON AVENUE,0.0,0,0,0,0,0,0,0,Animals Action,Unknown,MANHATTAN,10029.0,2023,1,Wednesday,0.0,Low
2023-03-01,13:14,40.661983,-73.90198000000001,POWELL STREET,0.0,0,0,0,0,0,1,0,Unspecified,Station Wagon/Sport Utility Vehicle,BROOKLYN,11212.0,2023,3,Wednesday,0.0,Low
2025-04-14,18:00,40.536556,-74.19462,,0.0,0,0,0,0,0,1,0,Driver Inattention/Distraction,Station Wagon/Sport Utility Vehicle,STATEN ISLAND,10312.0,2025,4,Monday,0.0,Low
2024-09-14,21:40,40.780605,-73.91221999999999,CRESCENT STREET,0.0,0,0,0,0,0,1,0,Failure to Yield Right-of-Way,Sedan,QUEENS,11105.0,2024,9,Saturday,0.0,Low
2023-04-29,19:17,40.667976,-73.93399000000001,UNION STREET,0.0,0,0,0,0,0,0,0,Driver Inattention/Distraction,Sedan,Unknown,,2023,4,Saturday,0.0,Low
2022-09-26,10:52,40.805240000000005,-73.88209499999999,,0.0,0,0,0,0,0,1,0,Unsafe Speed,Taxi,BRONX,10474.0,2022,9,Monday,0.0,Low
2023-05-21,09:58,40.625965,-74.07989,,0.0,0,0,0,0,0,0,0,Unspecified,Sedan,STATEN ISLAND,10304.0,2023,5,Sunday,0.0,Low
2021-07-16,14:35,40.793217,-73.824005,WHITESTONE EXPRESSWAY,0.0,0,0,0,0,0,3,0,Brakes Defective,Tow Truck,Unknown,,2021,7,Friday,0.0,Low
2025-07-16,00:11,40.58478,-73.96255,SHORE PKWY,0.0,0,0,0,0,0,1,0,Unsafe Speed,Sedan,BROOKLYN,11235.0,2025,7,Wednesday,0.0,Low
2024-02-29,12:05,40.70952,-73.95433,SOUTH 3 STREET,0.0,0,0,0,0,0,0,0,Unspecified,Station Wagon/Sport Utility Vehicle,BROOKLYN,11211.0,2024,2,Thursday,0.0,Low
2024-06-14,11:10,40.726933,-73.99991999999999,WEST HOUSTON STREET,0.0,0,1,0,0,0,0,0,Driver Inattention/Distraction,Station Wagon/Sport Utility Vehicle,MANHATTAN,10012.0,2024,6,Friday,0.0,Low
2024-03-28,12:12,40.655293,-73.83995999999999,,0.0,0,0,0,0,0,0,0,Following Too Closely,Station Wagon/Sport Utility Vehicle,QUEENS,11414.0,2024,3,Thursday,0.0,Low
2021-07-01,18:29,40.642384,-73.92539000000001,KINGS HIGHWAY                   ,0.0,0,1,0,0,0,0,0,Failure to Yield Right-of-Way,Station Wagon/Sport Utility Vehicle,BROOKLYN,11203.0,2021,7,Thursday,0.0,Low
2023-07-28,08:00,40.66918,-73.95456,,0.0,0,0,0,0,0,0,0,Unspecified,Sedan,BROOKLYN,11225.0,2023,7,Friday,0.0,Low
2021-06-10,07:20,40.832848,-73.84236,,0.0,0,0,0,0,0,0,0,Unspecified,Sedan,BRONX,10462.0,2021,6,Thursday,0.0,Low
2025-10-10,11:30,40.707947,-73.7833,JAMAICA AVE,0.0,0,0,0,0,0,0,0,Unspecified,Station Wagon/Sport Utility Vehicle,QUEENS,11433.0,2025,10,Friday,0.0,Low
2024-09-11,06:20,0.0,0.0,,0.0,0,0,0,0,0,0,0,Fell Asleep,Sedan,BROOKLYN,11207.0,2024,9,Wednesday,0.0,Low
2022-06-08,22:56,40.874577,-73.90254,,0.0,0,0,0,0,0,0,0,Unspecified,Sedan,BRONX,10463.0,2022,6,Wednesday,0.0,Low
2023-09-01,17:42,40.72526,-73.81876,73 AVENUE,0.0,0,1,0,0,0,0,0,Unspecified,Sedan,QUEENS,11367.0,2023,9,Friday,0.0,Low
2025-02-01,15:00,40.7549,-73.74548,CROSS ISLAND PARKWAY,0.0,0,0,0,0,0,0,0,Driver Inattention/Distraction,Box Truck,Unknown,,2025,2,Saturday,0.0,Low
2022-12-15,18:35,40.57275,-73.997055,SURF AVENUE,0.0,0,0,0,0,0,0,0,Failure to Yield Right-of-Way,Station Wagon/Sport Utility Vehicle,Unknown,,2022,12,Thursday,0.0,Low
2024-06-10,16:19,40.658234,-73.9321,WINTHROP STREET,0.0,0,0,0,0,0,1,0,Failure to Yield Right-of-Way,Sedan,BROOKLYN,11203.0,2024,6,Monday,0.0,Low
2025-12-18,14:38,40.59385,-73.9265,,0.0,0,0,0,0,0,0,0,Unspecified,Sedan,BROOKLYN,11229.0,2025,12,Thursday,0.0,Low
2021-09-29,13:37,40.789609999999996,-73.97362,,0.0,0,0,0,0,0,0,0,Passing or Lane Usage Improper,Sedan,Unknown,,2021,9,Wednesday,0.0,Low
2022-05-12,13:30,40.736694,-73.90819,58 PLACE,0.0,0,0,0,0,0,0,0,Driver Inattention/Distraction,Sedan,Unknown,,2022,5,Thursday,0.0,Low
2024-01-26,07:52,40.779762,-73.94436999999999,YORK AVENUE,0.0,0,0,0,0,0,0,0,Driver Inattention/Distraction,Station Wagon/Sport Utility Vehicle,MANHATTAN,10028.0,2024,1,Friday,0.0,Low
2021-04-28,13:59,40.690636,-73.96831,,0.0,0,0,0,0,0,0,0,Fatigued/Drowsy,Box Truck,BROOKLYN,11205.0,2021,4,Wednesday,0.0,Low
2021-02-24,16:20,40.648293,-73.92,,0.0,0,0,0,0,0,0,0,Driver Inattention/Distraction,Station Wagon/Sport Utility Vehicle,BROOKLYN,11236.0,2021,2,Wednesday,0.0,Low
2022-10-14,07:15,40.84367,-73.93443,,0.0,0,0,0,0,0,0,0,Driver Inattention/Distraction,Station Wagon/Sport Utility Vehicle,MANHATTAN,10033.0,2022,10,Friday,0.0,Low
2021-09-26,18:12,40.88893,-73.83644,EAST 233 STREET,0.0,0,0,0,0,0,1,0,Driver Inexperience,Station Wagon/Sport Utility Vehicle,BRONX,10466.0,2021,9,Sunday,0.0,Low
2022-11-01,10:20,40.540634000000004,-74.18552,DRUMGOOLE ROAD EAST,0.0,0,0,0,0,0,0,0,Driver Inattention/Distraction,Station Wagon/Sport Utility Vehicle,Unknown,,2022,11,Tuesday,0.0,Low
2023-01-18,09:20,40.728134000000004,-73.95328,CALYER STREET,0.0,0,0,0,0,0,0,0,Passing Too Closely,Sedan,BROOKLYN,11222.0,2023,1,Wednesday,0.0,Low
2023-12-19,08:30,40.658203,-73.75397,228 STREET,0.0,0,0,0,0,0,0,0,Unspecified,Station Wagon/Sport Utility Vehicle,Unknown,,2023,12,Tuesday,0.0,Low
2021-06-28,08:38,40.765427,-73.7246,LITTLE NECK PARKWAY,0.0,0,0,0,0,0,0,0,Driver Inattention/Distraction,Sedan,Unknown,,2021,6,Monday,0.0,Low
2021-01-05,11:15,40.745308,-73.90753000000001,57 STREET,0.0,0,0,0,0,0,0,0,Unspecified,Sedan,Unknown,,2021,1,Tuesday,0.0,Low
2021-11-13,11:15,40.747765,-73.98295999999999,EAST 34 STREET,0.0,0,0,0,0,0,1,0,Driver Inattention/Distraction,Taxi,Unknown,,2021,11,Saturday,0.0,Low
2023-07-25,07:20,40.73527,-73.743034,GRAND CENTRAL PKWY,0.0,0,0,0,0,0,0,0,Unspecified,Station Wagon/Sport Utility Vehicle,Unknown,,2023,7,Tuesday,0.0,Low
2024-06-21,20:52,40.588028,-73.94926,OCEAN AVENUE,0.0,0,0,0,0,0,0,0,Unspecified,Sedan,BROOKLYN,11235.0,2024,6,Friday,0.0,Low
2022-09-30,06:04,40.830967,-73.86185,,0.0,0,0,0,0,0,0,0,Brakes Defective,Sedan,BRONX,10472.0,2022,9,Friday,0.0,Low
2024-08-28,15:20,40.771214,-73.92233,,0.0,0,0,0,0,0,4,0,Driver Inattention/Distraction,Station Wagon/Sport Utility Vehicle,QUEENS,11102.0,2024,8,Wednesday,0.0,Low
2021-06-29,11:00,40.815388,-73.94181,,0.0,0,0,0,0,0,0,0,Driver Inattention/Distraction,Sedan,MANHATTAN,10030.0,2021,6,Tuesday,0.0,Low
2023-10-17,09:00,40.701893,-73.74374399999999,,0.0,0,0,0,0,0,0,0,Unspecified,Sedan,QUEENS,11411.0,2023,10,Tuesday,0.0,Low
2023-07-13,22:10,40.741295,-73.88029,WHITNEY AVENUE,0.0,0,0,0,1,0,0,0,Unspecified,Sedan,QUEENS,11373.0,2023,7,Thursday,0.0,Low
2026-09-01,11:25,40.755558,-73.91847,43 ST,0.0,0,0,0,0,0,1,0,Failure to Yield Right-of-Way,Sedan,QUEENS,11101.0,2026,9,Tuesday,0.0,Low
2025-10-07,00:30,40.668735999999996,-73.84227,N CONDUIT AVE,0.0,0,0,0,0,0,2,0,Reaction to Uninvolved Vehicle,Sedan,Unknown,,2025,10,Tuesday,0.0,Low
2023-03-18,14:35,40.64165,-73.879196,LOUISIANA AVENUE,0.0,0,0,0,0,0,0,0,Outside Car Distraction,Station Wagon/Sport Utility Vehicle,Unknown,,2023,3,Saturday,0.0,Low
2025-10-05,01:30,40.565643,-74.10002,ROMA AVE,0.0,0,0,0,0,0,0,0,Passing Too Closely,Sedan,STATEN ISLAND,10306.0,2025,10,Sunday,0.0,Low
2021-09-26,11:00,40.72293,-73.98865,EAST HOUSTON STREET,0.0,0,0,0,1,0,0,0,Traffic Control Disregarded,Station Wagon/Sport Utility Vehicle,MANHATTAN,10002.0,2021,9,Sunday,0.0,Low
2025-12-14,00:28,40.827415,-73.819176,HOLLYWOOD AVE,0.0,0,0,0,0,0,0,0,Passing Too Closely,Station Wagon/Sport Utility Vehicle,BRONX,10465.0,2025,12,Sunday,0.0,Low
2023-04-28,09:00,40.736565,-73.888565,,0.0,0,0,0,0,0,0,0,Driver Inexperience,Sedan,QUEENS,11373.0,2023,4,Friday,0.0,Low
2022-01-05,16:28,40.711323,-73.94725,GRAND STREET,0.0,0,0,0,0,0,2,0,Passing or Lane Usage Improper,Taxi,BROOKLYN,11211.0,2022,1,Wednesday,0.0,Low
2023-01-23,07:00,40.76978,-73.80836500000001,156 STREET,0.0,0,0,0,0,0,0,0,Unspecified,Pick-up Truck,Unknown,,2023,1,Monday,0.0,Low
2023-01-16,16:49,40.722054,-73.84716,,0.0,0,1,0,0,0,0,0,Backing Unsafely,Sedan,QUEENS,11375.0,2023,1,Monday,0.0,Low
2022-07-26,00:05,40.689915,-73.7779,MERRICK BOULEVARD,0.0,0,0,0,0,0,0,0,Failure to Yield Right-of-Way,Sedan,Unknown,,2022,7,Tuesday,0.0,Low
2024-04-16,16:27,40.634575,-74.14584,MORNINGSTAR ROAD,0.0,0,0,0,0,0,0,0,Driver Inattention/Distraction,Sedan,Unknown,,2024,4,Tuesday,0.0,Low
2023-11-20,10:00,40.671170000000004,-73.92534,BUFFALO AVENUE,0.0,0,0,0,0,0,0,0,Unspecified,Sedan,Unknown,,2023,11,Monday,0.0,Low
2023-11-21,17:00,40.579803000000005,-73.97184,NEPTUNE AVENUE,0.0,0,1,0,0,0,0,0,Driver Inattention/Distraction,Sedan,Unknown,,2023,11,Tuesday,0.0,Low
2021-12-08,14:00,40.843502,-73.93799,SAINT NICHOLAS AVENUE,0.0,0,0,0,0,0,0,0,Passing Too Closely,Sedan,MANHATTAN,10032.0,2021,12,Wednesday,0.0,Low
2024-06-05,17:00,40.767662,-73.789665,,0.0,0,0,0,0,0,0,0,Turning Improperly,Station Wagon/Sport Utility Vehicle,QUEENS,11358.0,2024,6,Wednesday,0.0,Low
2021-06-25,10:29,40.764683000000005,-73.758606,CROSS ISLAND PARKWAY,0.0,0,0,0,0,0,0,0,Driver Inattention/Distraction,Station Wagon/Sport Utility Vehicle,Unknown,,2021,6,Friday,0.0,Low
2024-11-08,20:15,40.7081,-73.99940500000001,FDR DRIVE,0.0,0,0,0,0,0,3,0,Passing or Lane Usage Improper,Sedan,MANHATTAN,10038.0,2024,11,Friday,0.0,Low
2024-11-13,16:54,40.821262,-73.946075,W 141 ST,0.0,0,0,0,1,0,0,0,Failure to Yield Right-of-Way,Station Wagon/Sport Utility Vehicle,MANHATTAN,10030.0,2024,11,Wednesday,0.0,Low
2025-10-09,14:45,40.836258,-73.853226,PURDY ST,0.0,0,1,0,0,0,0,0,Driver Inattention/Distraction,Sedan,BRONX,10462.0,2025,10,Thursday,0.0,Low
2021-04-27,13:50,40.69314,-73.96969,,0.0,0,0,0,0,0,0,0,Driver Inattention/Distraction,Station Wagon/Sport Utility Vehicle,BROOKLYN,11205.0,2021,4,Tuesday,0.0,Low
2025-01-04,06:19,40.691437,-73.890625,VERMONT PL,0.0,0,0,0,0,0,0,0,Reaction to Uninvolved Vehicle,E-Bike,QUEENS,11385.0,2025,1,Saturday,0.0,Low
2025-11-18,07:10,0.0,0.0,,0.0,0,0,0,0,0,0,0,Passing Too Closely,Sedan,QUEENS,11102.0,2025,11,Tuesday,0.0,Low
2022-09-21,23:55,40.752563,-73.99319,,0.0,0,0,0,1,0,0,0,Pedestrian/Bicyclist/Other Pedestrian Error/Confusion,Sedan,MANHATTAN,10001.0,2022,9,Wednesday,0.0,Low
2023-02-12,13:00,40.637153999999995,-74.086555,CORSON AVENUE,0.0,0,0,0,0,0,0,0,Unspecified,Sedan,STATEN ISLAND,10301.0,2023,2,Sunday,0.0,Low
2021-02-11,11:20,40.701122,-73.78331999999999,,0.0,0,0,0,0,0,0,0,Driver Inattention/Distraction,Station Wagon/Sport Utility Vehicle,QUEENS,11433.0,2021,2,Thursday,0.0,Low
2023-08-25,21:30,40.630886,-74.130486,POST AVENUE,0.0,0,0,0,0,0,1,0,Driver Inattention/Distraction,Sedan,STATEN ISLAND,10302.0,2023,8,Friday,0.0,Low
2024-05-16,20:00,40.68217,-73.83105,107 AVENUE,0.0,0,0,0,0,0,0,0,Driver Inattention/Distraction,Sedan,Unknown,,2024,5,Thursday,0.0,Low
2021-05-02,17:03,40.766556,-73.96294,3 AVENUE                        ,0.0,0,0,0,1,0,0,0,Traffic Control Disregarded,Station Wagon/Sport Utility Vehicle,MANHATTAN,10065.0,2021,5,Sunday,0.0,Low
2021-06-24,10:00,40.832809999999995,-73.88525,,0.0,0,0,0,0,0,0,0,Passing Too Closely,Sedan,BRONX,10460.0,2021,6,Thursday,0.0,Low
2025-08-10,20:15,40.76311,-73.98634,,0.0,0,0,0,0,0,0,0,Unspecified,Sedan,MANHATTAN,10019.0,2025,8,Sunday,0.0,Low
2022-04-12,18:05,40.66588,-73.80184,SOUTH CONDUIT AVENUE,0.0,0,0,0,0,0,0,0,Passing or Lane Usage Improper,Station Wagon/Sport Utility Vehicle,QUEENS,11434.0,2022,4,Tuesday,0.0,Low
2021-04-11,11:30,40.680313,-73.94332,DECATUR STREET,0.0,0,1,0,0,0,0,0,Failure to Yield Right-of-Way,Sedan,Unknown,,2021,4,Sunday,0.0,Low
2023-11-20,13:00,40.80129,-73.9439,EAST 118 STREET,0.0,0,0,0,0,0,0,0,Unspecified,Sedan,MANHATTAN,10035.0,2023,11,Monday,0.0,Low
2021-06-24,00:41,40.755657,-73.884445,83 STREET,0.0,0,0,0,1,0,0,0,Driver Inexperience,Sedan,QUEENS,11372.0,2021,6,Thursday,0.0,Low
2022-02-23,18:20,40.855385,-73.9181,MAJOR DEEGAN EXPRESSWAY,0.0,0,0,0,0,0,0,0,Unspecified,Station Wagon/Sport Utility Vehicle,Unknown,,2022,2,Wednesday,0.0,Low
2025-07-13,23:00,0.0,0.0,,0.0,0,0,0,0,0,0,0,Unspecified,Sedan,QUEENS,11354.0,2025,7,Sunday,0.0,Low
2024-07-10,12:00,40.593258,-73.97076,,0.0,0,0,0,0,0,0,0,Driver Inattention/Distraction,Station Wagon/Sport Utility Vehicle,BROOKLYN,11223.0,2024,7,Wednesday,0.0,Low
2023-08-01,04:05,40.64815,-74.010826,47 STREET,0.0,0,0,0,1,0,0,0,Pedestrian/Bicyclist/Other Pedestrian Error/Confusion,Sedan,Unknown,,2023,8,Tuesday,0.0,Low
2021-07-14,03:50,40.70324,-73.92615,KNICKERBOCKER AVENUE,0.0,0,1,0,0,0,0,0,Backing Unsafely,Garbage or Refuse,Unknown,,2021,7,Wednesday,0.0,Low
2025-01-01,02:50,0.0,0.0,,0.0,0,0,0,0,0,0,0,Alcohol Involvement,Sedan,BROOKLYN,11221.0,2025,1,Wednesday,0.0,Low
2025-05-23,16:00,40.76843,-73.888176,DITMARS BLVD,0.0,0,0,0,0,0,1,0,Unsafe Lane Changing,Sedan,QUEENS,11370.0,2025,5,Friday,0.0,Low
2023-08-05,17:45,40.758224,-73.91741,BROADWAY,0.0,0,0,0,0,0,0,0,Failure to Yield Right-of-Way,Station Wagon/Sport Utility Vehicle,QUEENS,11103.0,2023,8,Saturday,0.0,Low
2025-10-17,15:15,40.835484,-73.9494,HENRY HUDSON PARKWAY,0.0,0,0,0,0,0,0,0,Driver Inattention/Distraction,Station Wagon/Sport Utility Vehicle,Unknown,,2025,10,Friday,0.0,Low
2023-01-22,00:00,40.84697,-73.89304,EAST 178 STREET,0.0,0,0,0,0,0,0,0,Driver Inattention/Distraction,Sedan,BRONX,10457.0,2023,1,Sunday,0.0,Low
2025-06-10,11:53,40.872040000000005,-73.88611999999999,,0.0,0,0,0,0,0,0,0,Passing Too Closely,Station Wagon/Sport Utility Vehicle,BRONX,10458.0,2025,6,Tuesday,0.0,Low
2025-08-18,04:06,40.700844000000004,-73.81973,,0.0,0,0,0,0,0,0,0,Turning Improperly,Sedan,QUEENS,11418.0,2025,8,Monday,0.0,Low
2023-05-20,15:27,40.636990000000004,-73.92015,EAST 59 STREET,0.0,0,0,0,0,0,2,0,Driver Inattention/Distraction,Station Wagon/Sport Utility Vehicle,BROOKLYN,11234.0,2023,5,Saturday,0.0,Low
2021-07-25,15:00,40.68693,-73.95089,QUINCY STREET,0.0,0,0,0,0,0,0,0,Passing or Lane Usage Improper,Sedan,Unknown,,2021,7,Sunday,0.0,Low
2025-02-26,17:23,40.817825,-73.91526999999999,E 152 ST,0.0,0,0,0,0,0,0,0,Unspecified,Station Wagon/Sport Utility Vehicle,Unknown,,2025,2,Wednesday,0.0,Low
2024-04-11,10:00,40.674853999999996,-73.97078,GRAND ARMY PLZ,0.0,0,0,0,0,0,0,0,Driver Inattention/Distraction,Bus,Unknown,,2024,4,Thursday,0.0,Low
2021-01-18,12:00,40.878853,-73.87349,EAST GUN HILL ROAD              ,0.0,0,0,0,0,0,0,0,Passing Too Closely,Station Wagon/Sport Utility Vehicle,BRONX,10467.0,2021,1,Monday,0.0,Low
2023-12-14,00:40,40.670006,-73.95328,EASTERN PARKWAY,0.0,0,0,0,0,0,1,0,Traffic Control Disregarded,Pick-up Truck,BROOKLYN,11216.0,2023,12,Thursday,0.0,Low
2024-03-24,13:00,40.643786999999996,-74.00664499999999,,0.0,0,0,0,0,0,0,0,Driver Inattention/Distraction,Sedan,BROOKLYN,11220.0,2024,3,Sunday,0.0,Low
2022-11-24,13:43,40.60862,-74.14824,STATEN ISLAND EXPRESSWAY,0.0,0,0,0,0,0,0,0,Driver Inattention/Distraction,Sedan,Unknown,,2022,11,Thursday,0.0,Low
2025-02-15,01:10,40.696740000000005,-73.90050500000001,SUMMERFIELD ST,0.0,0,0,0,0,0,0,0,Passing or Lane Usage Improper,Station Wagon/Sport Utility Vehicle,QUEENS,11385.0,2025,2,Saturday,0.0,Low
2023-02-11,23:27,40.805782,-73.95066,WEST 120 STREET,0.0,0,0,0,0,0,0,0,Traffic Control Disregarded,Station Wagon/Sport Utility Vehicle,MANHATTAN,10027.0,2023,2,Saturday,0.0,Low
2025-05-11,23:10,40.75097,-73.94026,ED KOCH QUEENSBORO BRG,0.0,0,0,0,0,0,2,0,Unsafe Speed,Sedan,Unknown,,2025,5,Sunday,0.0,Low
2025-10-10,08:30,40.74831,-73.70953,263 ST,0.0,0,0,0,0,0,0,0,Unspecified,Station Wagon/Sport Utility Vehicle,QUEENS,11004.0,2025,10,Friday,0.0,Low
2024-09-06,01:41,40.646576,-74.00520999999999,45 STREET,0.0,0,0,0,0,0,0,0,Obstruction/Debris,Station Wagon/Sport Utility Vehicle,Unknown,,2024,9,Friday,0.0,Low
2023-05-17,22:00,40.858909999999995,-73.922966,DYCKMAN STREET,0.0,0,0,0,0,0,0,0,Unspecified,Sedan,MANHATTAN,10034.0,2023,5,Wednesday,0.0,Low
2023-04-12,01:10,40.85512,-73.872215,BRONX RIVER PARKWAY,0.0,0,0,0,0,0,0,0,Passing or Lane Usage Improper,Sedan,Unknown,,2023,4,Wednesday,0.0,Low
2022-04-07,22:58,40.82143,-73.87941,STORY AVENUE,0.0,0,0,0,0,0,0,0,Unspecified,Pick-up Truck,BRONX,10473.0,2022,4,Thursday,0.0,Low
2026-07-03,11:03,40.59748,-73.75678,CAMP ROAD,0.0,0,0,0,1,0,0,0,Unspecified,Station Wagon/Sport Utility Vehicle,QUEENS,11691.0,2026,7,Friday,0.0,Low
2024-10-21,02:47,40.60841,-74.13498,KELL AVE,0.0,0,0,0,0,0,1,0,Fell Asleep,Sedan,Unknown,,2024,10,Monday,0.0,Low
2025-07-19,13:25,40.67989,-73.94033,FULTON ST,0.0,0,0,0,1,0,0,0,Driver Inattention/Distraction,Station Wagon/Sport Utility Vehicle,BROOKLYN,11216.0,2025,7,Saturday,0.0,Low
2025-09-30,15:59,40.775043,-73.96515,5 AVE,0.0,0,0,0,0,0,0,0,Passing Too Closely,Sedan,MANHATTAN,10021.0,2025,9,Tuesday,0.0,Low
2022-06-26,15:40,40.57788,-73.99476999999999,NEPTUNE AVENUE,0.0,0,0,0,0,0,0,0,Unspecified,Sedan,BROOKLYN,11224.0,2022,6,Sunday,0.0,Low
2024-06-06,17:37,40.65602,-73.94032,,0.0,0,0,0,0,0,0,0,Driver Inattention/Distraction,Sedan,BROOKLYN,11203.0,2024,6,Thursday,0.0,Low
2025-03-15,01:10,40.589237,-73.96244,AVENUE Y,0.0,0,0,0,0,0,0,0,Driver Inattention/Distraction,Pick-up Truck,BROOKLYN,11235.0,2025,3,Saturday,0.0,Low
2025-05-20,17:50,40.805954,-73.94157,,0.0,0,0,0,0,0,0,0,Driver Inattention/Distraction,Sedan,MANHATTAN,10035.0,2025,5,Tuesday,0.0,Low
2025-09-25,13:12,40.779747,-73.95309,,0.0,0,0,0,0,0,0,0,Driverless/Runaway Vehicle,Station Wagon/Sport Utility Vehicle,MANHATTAN,10128.0,2025,9,Thursday,0.0,Low
2023-07-03,13:40,40.651367,-73.95591999999999,BEDFORD AVENUE,0.0,0,0,0,1,0,0,0,Driver Inattention/Distraction,Bike,BROOKLYN,11226.0,2023,7,Monday,0.0,Low
2023-03-11,16:00,40.771846999999994,-73.89211,19 DRIVE,0.0,0,0,0,0,0,0,0,Unspecified,Station Wagon/Sport Utility Vehicle,QUEENS,11370.0,2023,3,Saturday,0.0,Low
2021-03-11,08:03,40.66778,-73.996185,,0.0,0,0,0,0,0,1,0,Unspecified,Sedan,BROOKLYN,11232.0,2021,3,Thursday,0.0,Low
2022-04-14,21:00,40.60777,-74.08144,,0.0,0,0,0,0,0,0,0,Unspecified,Sedan,STATEN ISLAND,10304.0,2022,4,Thursday,0.0,Low
2024-11-03,15:55,40.87683,-73.86471999999999,TILDEN STREET,0.0,0,1,0,0,0,0,0,Driver Inattention/Distraction,Station Wagon/Sport Utility Vehicle,Unknown,,2024,11,Sunday,0.0,Low
2022-10-23,06:30,40.714104,-73.77775,,0.0,0,0,0,0,0,1,0,Fell Asleep,Sedan,QUEENS,11432.0,2022,10,Sunday,0.0,Low
2021-06-29,12:05,40.687943,-73.98141,LIVINGSTON STREET,0.0,0,0,0,0,0,0,0,Passing Too Closely,Sedan,Unknown,,2021,6,Tuesday,0.0,Low
2021-08-24,06:45,40.67942,-73.91184,,0.0,0,0,0,0,0,0,0,Unspecified,Sedan,BROOKLYN,11233.0,2021,8,Tuesday,0.0,Low
2025-12-01,17:00,40.874759999999995,-73.87386,PARKSIDE PL,0.0,0,0,0,0,0,0,0,Unspecified,Station Wagon/Sport Utility Vehicle,BRONX,10467.0,2025,12,Monday,0.0,Low
2025-03-07,19:15,40.677578000000004,-73.955475,FRANKLIN AVE,0.0,0,0,0,0,0,1,0,Driver Inexperience,Motorcycle,BROOKLYN,11216.0,2025,3,Friday,0.0,Low
2025-04-30,04:20,40.648777,-73.95019,,0.0,0,0,0,0,0,4,0,Unspecified,Station Wagon/Sport Utility Vehicle,BROOKLYN,11226.0,2025,4,Wednesday,0.0,Low
2023-08-04,14:14,40.71155,-73.744644,,0.0,0,0,0,0,0,0,0,Driver Inattention/Distraction,Sedan,QUEENS,11429.0,2023,8,Friday,0.0,Low
2023-04-15,09:40,40.852270000000004,-73.86019,RADCLIFF AVENUE,0.0,0,0,0,0,0,0,0,Unspecified,Sedan,BRONX,10462.0,2023,4,Saturday,0.0,Low
2025-05-28,18:24,40.82407,-73.92399999999999,,0.0,0,0,0,0,0,0,0,Alcohol Involvement,Sedan,BRONX,10451.0,2025,5,Wednesday,0.0,Low
2022-12-10,08:00,40.716164,-73.74476999999999,HEMPSTEAD AVENUE,0.0,0,1,0,0,0,0,0,Unspecified,Sedan,Unknown,,2022,12,Saturday,0.0,Low
2021-07-22,16:00,40.72222,-73.9771,,0.0,0,0,0,0,0,0,0,Unspecified,Station Wagon/Sport Utility Vehicle,MANHATTAN,10009.0,2021,7,Thursday,0.0,Low
2023-04-19,00:30,40.80213,-73.96185,,0.0,0,0,0,0,0,1,0,Unspecified,Station Wagon/Sport Utility Vehicle,MANHATTAN,10025.0,2023,4,Wednesday,0.0,Low
2021-10-29,07:50,40.81612,-73.926636,PARK AVENUE,0.0,0,0,0,0,0,0,0,Unsafe Lane Changing,Sedan,BRONX,10451.0,2021,10,Friday,0.0,Low
2021-08-30,14:30,40.684383000000004,-73.87982,,0.0,0,0,0,0,0,0,0,Unspecified,Station Wagon/Sport Utility Vehicle,BROOKLYN,11208.0,2021,8,Monday,0.0,Low
2021-01-27,12:20,40.67253,-73.798386,SUTTER AVENUE                   ,0.0,0,0,0,0,0,1,0,Unspecified,Station Wagon/Sport Utility Vehicle,QUEENS,11436.0,2021,1,Wednesday,0.0,Low
2022-03-11,16:04,40.86789,-73.88279,,0.0,0,0,0,0,0,1,0,Driver Inattention/Distraction,Sedan,BRONX,10458.0,2022,3,Friday,0.0,Low
2022-05-17,16:08,40.718456,-73.99481999999999,GRAND STREET,0.0,0,0,0,0,0,0,0,Failure to Yield Right-of-Way,Sedan,MANHATTAN,10013.0,2022,5,Tuesday,0.0,Low
2021-03-19,13:45,40.622826,-73.938416,AVENUE L                        ,0.0,0,0,0,0,0,2,0,Traffic Control Disregarded,Station Wagon/Sport Utility Vehicle,Unknown,,2021,3,Friday,0.0,Low
2025-05-31,11:58,40.779446,-73.80899000000001,21 AVE,0.0,0,0,0,0,0,2,0,Failure to Yield Right-of-Way,Station Wagon/Sport Utility Vehicle,QUEENS,11357.0,2025,5,Saturday,0.0,Low
2024-01-26,17:32,40.686817,-73.97821,ASHLAND PLACE,0.0,0,0,0,1,0,0,0,Driver Inattention/Distraction,Sedan,BROOKLYN,11217.0,2024,1,Friday,0.0,Low
2021-11-13,16:28,40.702892,-73.94422,MANHATTAN AVENUE,0.0,0,0,0,0,0,0,0,Driver Inattention/Distraction,Station Wagon/Sport Utility Vehicle,BROOKLYN,11206.0,2021,11,Saturday,0.0,Low
2023-01-31,14:20,40.892754,-73.85774,EAST 232 STREET,0.0,0,1,0,0,0,0,0,Passing or Lane Usage Improper,Station Wagon/Sport Utility Vehicle,BRONX,10466.0,2023,1,Tuesday,0.0,Low
2024-11-23,20:00,40.770255999999996,-73.94961500000001,,0.0,0,0,0,0,0,0,0,Unspecified,Motorcycle,MANHATTAN,10075.0,2024,11,Saturday,0.0,Low
2022-05-19,09:50,40.65753,-73.89797,LINDEN BOULEVARD,0.0,0,0,0,0,0,1,0,Pavement Slippery,Station Wagon/Sport Utility Vehicle,BROOKLYN,11207.0,2022,5,Thursday,0.0,Low
2022-01-22,14:12,40.71539,-73.99785,,0.0,0,0,0,0,0,0,0,Following Too Closely,Sedan,MANHATTAN,10013.0,2022,1,Saturday,0.0,Low
2022-03-27,09:20,40.847412,-73.93330999999999,WEST 179 STREET,0.0,0,0,0,0,0,0,0,Traffic Control Disregarded,Station Wagon/Sport Utility Vehicle,MANHATTAN,10033.0,2022,3,Sunday,0.0,Low
2024-05-23,17:20,40.783253,-73.95708499999999,,0.0,0,0,0,0,0,0,0,Driver Inattention/Distraction,Station Wagon/Sport Utility Vehicle,MANHATTAN,10128.0,2024,5,Thursday,0.0,Low
2021-12-26,15:15,40.82325,-73.88277,BRUCKNER BOULEVARD,0.0,0,0,0,0,0,0,0,Driver Inattention/Distraction,Station Wagon/Sport Utility Vehicle,Unknown,,2021,12,Sunday,0.0,Low
2026-01-17,18:00,40.751377000000005,-73.835594,FOWLER AVE,0.0,0,0,0,0,0,0,0,Failure to Yield Right-of-Way,Station Wagon/Sport Utility Vehicle,QUEENS,11355.0,2026,1,Saturday,0.0,Low
2024-10-09,12:00,40.80641,-73.94227,EAST 125 STREET,0.0,0,0,0,0,0,1,0,Unspecified,Station Wagon/Sport Utility Vehicle,MANHATTAN,10035.0,2024,10,Wednesday,0.0,Low
2024-10-28,10:00,40.695557,-73.99663000000001,,0.0,0,0,0,0,0,0,0,Unspecified,Sedan,BROOKLYN,11201.0,2024,10,Monday,0.0,Low
2025-08-12,08:00,40.826465999999996,-73.83013000000001,CROSS BRONX EXPY,0.0,0,0,0,0,0,2,0,Aggressive Driving/Road Rage,Tractor Truck Diesel,Unknown,,2025,8,Tuesday,0.0,Low
2026-07-01,19:54,40.76226,-73.75698,CROSS ISLAND PKWY,0.0,0,1,0,0,0,0,0,Aggressive Driving/Road Rage,Sedan,QUEENS,11363.0,2026,7,Wednesday,0.0,Low
2024-08-25,09:30,40.78076,-73.825424,WHITESTONE EXPRESSWAY,0.0,0,0,0,0,0,1,0,Reaction to Uninvolved Vehicle,Station Wagon/Sport Utility Vehicle,Unknown,,2024,8,Sunday,0.0,Low
2021-07-19,17:40,40.666996000000005,-73.86789,LORING AVENUE,0.0,0,0,0,0,0,0,0,Failure to Yield Right-of-Way,Pick-up Truck,BROOKLYN,11208.0,2021,7,Monday,0.0,Low
2021-07-17,17:20,40.797,-73.93778,2 AVENUE,0.0,0,0,0,0,0,0,0,Driver Inattention/Distraction,Box Truck,Unknown,,2021,7,Saturday,0.0,Low
2022-02-18,15:00,40.754622999999995,-73.931335,,0.0,0,0,0,0,0,0,0,Driver Inattention/Distraction,Sedan,QUEENS,11101.0,2022,2,Friday,0.0,Low
2024-07-24,17:45,40.86502,-73.89277,BRIGGS AVENUE,0.0,0,0,0,0,0,1,0,Turning Improperly,Taxi,BRONX,10458.0,2024,7,Wednesday,0.0,Low
2023-06-17,21:30,40.846153,-73.932335,WEST 178 STREET,0.0,0,0,0,0,0,0,0,Unspecified,Station Wagon/Sport Utility Vehicle,MANHATTAN,10033.0,2023,6,Saturday,0.0,Low
2021-11-08,20:35,40.885624,-73.843796,,0.0,0,1,0,0,0,0,0,Unspecified,Station Wagon/Sport Utility Vehicle,BRONX,10466.0,2021,11,Monday,0.0,Low
2023-09-16,05:41,40.74147,-73.82281,LONG ISLAND EXPRESSWAY,0.0,0,0,0,0,0,1,0,Passing Too Closely,Station Wagon/Sport Utility Vehicle,Unknown,,2023,9,Saturday,0.0,Low
2022-07-07,17:30,40.748363,-73.98040999999999,EAST 36 STREET,0.0,0,1,0,0,0,0,0,Unspecified,Taxi,MANHATTAN,10016.0,2022,7,Thursday,0.0,Low
2025-03-14,11:00,40.641342,-74.02955,BELT PARKWAY,0.0,0,0,0,0,0,0,0,Unsafe Lane Changing,Station Wagon/Sport Utility Vehicle,Unknown,,2025,3,Friday,0.0,Low
2023-02-08,08:00,40.742874,-73.933945,VANDAM STREET,0.0,0,0,0,0,0,0,0,Driver Inattention/Distraction,Sedan,QUEENS,11101.0,2023,2,Wednesday,0.0,Low
2022-01-14,10:05,40.8018,-73.96108000000001,CATHEDRAL PARKWAY,0.0,0,0,0,0,0,0,0,Passing Too Closely,Sedan,Unknown,,2022,1,Friday,0.0,Low
2024-05-01,15:45,40.67471,-73.80540500000001,133 STREET,0.0,0,0,0,0,0,0,0,Unspecified,Pick-up Truck,QUEENS,11420.0,2024,5,Wednesday,0.0,Low
2021-06-29,14:20,40.58481,-73.98301,STILLWELL AVENUE,0.0,0,0,0,0,0,1,0,Traffic Control Device Improper/Non-Working,Station Wagon/Sport Utility Vehicle,Unknown,,2021,6,Tuesday,0.0,Low
2023-03-06,19:10,40.672832,-73.96908,,0.0,0,0,0,0,0,0,0,Reaction to Uninvolved Vehicle,E-Bike,BROOKLYN,11238.0,2023,3,Monday,0.0,Low
2024-12-04,19:57,40.757183000000005,-73.83396,COLLEGE POINT BOULEVARD,0.0,0,1,0,0,0,0,0,Failure to Yield Right-of-Way,Unknown,QUEENS,11354.0,2024,12,Wednesday,0.0,Low
2023-11-25,16:30,40.796738,-73.92925,FDR DRIVE,0.0,0,0,0,0,0,0,0,Aggressive Driving/Road Rage,Sedan,Unknown,,2023,11,Saturday,0.0,Low
2024-04-10,10:38,40.711220000000004,-73.72827,CROSS ISLAND PARKWAY,0.0,0,0,0,0,0,2,0,Unspecified,Sedan,Unknown,,2024,4,Wednesday,0.0,Low
2024-09-09,16:28,40.75982,-73.88046,31 AVENUE,0.0,0,0,0,0,0,3,0,Reaction to Uninvolved Vehicle,Station Wagon/Sport Utility Vehicle,QUEENS,11369.0,2024,9,Monday,0.0,Low
2024-11-24,13:30,40.584057,-74.16101,MARSH AVE,0.0,0,0,0,0,0,0,0,Driver Inattention/Distraction,Sedan,Unknown,,2024,11,Sunday,0.0,Low
2021-06-06,12:50,40.77622,-73.97596,WEST 72 STREET,0.0,0,0,0,1,0,0,0,Passenger Distraction,Station Wagon/Sport Utility Vehicle,MANHATTAN,10023.0,2021,6,Sunday,0.0,Low
2023-01-21,16:50,40.70219,-73.928345,WILSON AVENUE,0.0,0,0,0,0,0,0,0,Turning Improperly,Sedan,BROOKLYN,11206.0,2023,1,Saturday,0.0,Low
2023-02-05,22:30,40.67934,-73.891075,,0.0,0,0,0,0,0,1,0,Aggressive Driving/Road Rage,Sedan,BROOKLYN,11207.0,2023,2,Sunday,0.0,Low
2021-10-12,22:20,40.617104,-73.946075,AVENUE N,0.0,0,0,0,0,0,2,0,Driver Inattention/Distraction,Station Wagon/Sport Utility Vehicle,BROOKLYN,11210.0,2021,10,Tuesday,0.0,Low
2021-03-06,09:00,40.722466,-73.73692,SPRINGFIELD BOULEVARD,0.0,0,0,0,0,0,0,0,Unsafe Speed,Sedan,QUEENS,11428.0,2021,3,Saturday,0.0,Low
2024-12-05,09:10,40.737194,-73.97447,FDR DRIVE,0.0,0,0,0,0,0,0,0,Driver Inattention/Distraction,Sedan,Unknown,,2024,12,Thursday,0.0,Low
2023-09-06,16:00,40.69808,-73.92536,MYRTLE AVENUE,0.0,0,0,0,1,0,0,0,Driver Inattention/Distraction,Ambulance,BROOKLYN,11221.0,2023,9,Wednesday,0.0,Low
2025-07-20,16:15,40.682235999999996,-73.90926999999999,PILLING ST,0.0,0,0,0,0,0,0,0,Unspecified,Station Wagon/Sport Utility Vehicle,BROOKLYN,11207.0,2025,7,Sunday,0.0,Low
2022-10-08,15:13,40.746914000000004,-73.94532,45 AVENUE,0.0,0,0,0,0,0,0,0,Driver Inattention/Distraction,Sedan,QUEENS,11101.0,2022,10,Saturday,0.0,Low
2024-10-25,20:00,40.681564,-73.966576,ATLANTIC AVE,0.0,0,0,0,1,0,0,0,Passing Too Closely,Sedan,BROOKLYN,11238.0,2024,10,Friday,0.0,Low
2025-01-21,18:17,40.58465,-73.985664,,0.0,0,0,0,0,0,0,0,Driver Inattention/Distraction,Station Wagon/Sport Utility Vehicle,BROOKLYN,11214.0,2025,1,Tuesday,0.0,Low
2024-05-16,11:30,40.702362,-73.91291,MENAHAN STREET,0.0,0,0,0,0,0,0,0,Failure to Yield Right-of-Way,Sedan,Unknown,,2024,5,Thursday,0.0,Low
2021-05-04,17:11,40.57761,-73.96145,BRIGHTON BEACH AVENUE           ,0.0,0,1,0,0,0,0,0,Unspecified,Station Wagon/Sport Utility Vehicle,Unknown,,2021,5,Tuesday,0.0,Low
2021-09-06,11:30,40.761990000000004,-73.86934000000001,ASTORIA BOULEVARD,0.0,0,0,0,0,0,0,0,Driver Inattention/Distraction,Sedan,QUEENS,11369.0,2021,9,Monday,0.0,Low
2023-08-31,08:27,40.861923,-73.89357,EAST FORDHAM ROAD,0.0,0,1,0,0,0,0,0,Failure to Yield Right-of-Way,Station Wagon/Sport Utility Vehicle,BRONX,10458.0,2023,8,Thursday,0.0,Low
2022-03-28,15:25,40.62945,-73.979866,47 STREET,0.0,0,0,0,0,0,0,0,Following Too Closely,Station Wagon/Sport Utility Vehicle,BROOKLYN,11204.0,2022,3,Monday,0.0,Low
2023-04-12,04:00,40.66793,-73.8613,,0.0,0,0,0,0,0,0,0,Unspecified,Sedan,BROOKLYN,11208.0,2023,4,Wednesday,0.0,Low
2024-07-16,10:15,40.74357,-73.992325,AVENUE OF THE AMERICAS,0.0,0,0,0,0,0,0,0,Driver Inattention/Distraction,Station Wagon/Sport Utility Vehicle,MANHATTAN,10010.0,2024,7,Tuesday,0.0,Low
2024-08-25,20:27,40.718044,-73.90655,60 STREET,0.0,0,0,0,0,0,0,0,Failure to Yield Right-of-Way,Station Wagon/Sport Utility Vehicle,QUEENS,11378.0,2024,8,Sunday,0.0,Low
2021-05-11,10:55,40.764346999999994,-73.92347,31 STREET,0.0,0,1,0,0,0,0,0,Failure to Yield Right-of-Way,Station Wagon/Sport Utility Vehicle,Unknown,,2021,5,Tuesday,0.0,Low
2023-03-14,14:37,40.65166,-73.93219,,0.0,0,0,0,0,0,0,0,Driver Inattention/Distraction,Pick-up Truck,BROOKLYN,11203.0,2023,3,Tuesday,0.0,Low
2021-04-28,20:50,40.678955,-73.86516,ELDERTS LANE,0.0,0,0,0,0,0,0,0,Backing Unsafely,Pick-up Truck,Unknown,,2021,4,Wednesday,0.0,Low
2021-03-23,15:30,40.639922999999996,-73.92693,,0.0,0,0,0,0,0,0,0,Unspecified,Station Wagon/Sport Utility Vehicle,BROOKLYN,11203.0,2021,3,Tuesday,0.0,Low
2026-01-19,08:00,40.745827,-73.83131,134 ST,0.0,0,0,0,0,0,0,0,Unspecified,Sedan,QUEENS,11355.0,2026,1,Monday,0.0,Low
2025-04-16,19:10,40.697407,-73.93600500000001,BROADWAY,0.0,0,1,0,0,0,0,0,Failure to Yield Right-of-Way,Station Wagon/Sport Utility Vehicle,BROOKLYN,11206.0,2025,4,Wednesday,0.0,Low
2021-02-10,00:33,40.868015,-73.89997,WEST KINGSBRIDGE ROAD,0.0,0,0,0,0,0,0,0,Turning Improperly,Station Wagon/Sport Utility Vehicle,Unknown,,2021,2,Wednesday,0.0,Low
2025-01-13,08:21,40.640644,-73.743385,BROOKVILLE BOULEVARD,0.0,0,0,0,0,0,3,0,Following Too Closely,Sedan,Unknown,,2025,1,Monday,0.0,Low
2024-06-01,09:43,40.648014,-73.95251999999999,,0.0,0,0,0,0,0,0,0,Unspecified,Sedan,BROOKLYN,11226.0,2024,6,Saturday,0.0,Low
2024-04-02,15:30,40.798626,-73.93953,3 AVENUE,0.0,0,1,0,0,0,0,0,Unspecified,Taxi,Unknown,,2024,4,Tuesday,0.0,Low
2024-06-11,06:20,40.75507,-73.890015,NORTHERN BLVD,0.0,0,0,0,0,0,1,0,Passing or Lane Usage Improper,Station Wagon/Sport Utility Vehicle,QUEENS,11372.0,2024,6,Tuesday,0.0,Low
2021-01-28,11:00,40.760020000000004,-73.85927,ASTORIA BOULEVARD               ,0.0,0,0,0,0,0,0,0,Passing or Lane Usage Improper,Pick-up Truck,Unknown,,2021,1,Thursday,0.0,Low
2021-06-26,00:15,40.76023,-73.961525,1 AVENUE,0.0,0,0,0,0,0,0,0,Oversized Vehicle,Sedan,MANHATTAN,10022.0,2021,6,Saturday,0.0,Low
2025-08-05,18:52,40.525745,-74.22751,WEST SHORE EXPRESSWAY,0.0,0,0,0,0,0,0,0,Unspecified,Station Wagon/Sport Utility Vehicle,Unknown,,2025,8,Tuesday,0.0,Low
2025-07-01,14:00,40.710888,-73.9808,FDR DRIVE,0.0,0,0,0,0,0,1,0,Driver Inattention/Distraction,Station Wagon/Sport Utility Vehicle,Unknown,,2025,7,Tuesday,0.0,Low
2021-04-22,11:00,40.748863,-73.97584,EAST 39 STREET,0.0,0,0,0,0,0,1,0,Following Too Closely,Station Wagon/Sport Utility Vehicle,MANHATTAN,10016.0,2021,4,Thursday,0.0,Low
2025-06-29,18:30,40.88391,-73.89174,,0.0,0,0,0,0,0,0,0,Unspecified,Sedan,BRONX,10463.0,2025,6,Sunday,0.0,Low
2021-03-03,11:15,40.684734000000006,-73.85112,90 STREET                       ,0.0,0,0,0,0,0,2,0,Unsafe Speed,Sedan,QUEENS,11416.0,2021,3,Wednesday,0.0,Low
2021-09-19,00:15,40.69613,-73.987114,TILLARY STREET,0.0,0,0,0,0,0,5,0,Driver Inattention/Distraction,Sedan,BROOKLYN,11201.0,2021,9,Sunday,0.0,Low
2023-12-07,21:36,40.663345,-73.99829,3 AVENUE,0.0,0,0,0,0,0,3,0,Aggressive Driving/Road Rage,Station Wagon/Sport Utility Vehicle,BROOKLYN,11232.0,2023,12,Thursday,0.0,Low
2023-06-29,18:45,40.74817,-73.9898,,0.0,0,0,0,0,0,0,0,Driver Inattention/Distraction,Sedan,MANHATTAN,10001.0,2023,6,Thursday,0.0,Low
2022-02-10,16:18,40.71882,-73.9468,MEEKER AVENUE,0.0,0,0,0,0,0,1,0,Failure to Yield Right-of-Way,Station Wagon/Sport Utility Vehicle,Unknown,,2022,2,Thursday,0.0,Low
2025-10-12,20:30,40.735554,-73.93478,GREENPOINT AVE,0.0,0,0,0,0,0,1,0,Following Too Closely,Sedan,QUEENS,11101.0,2025,10,Sunday,0.0,Low
2025-11-21,15:00,40.666171999999996,-73.76264,S CONDUIT AVE,0.0,0,0,0,0,0,1,0,Unspecified,Sedan,Unknown,,2025,11,Friday,0.0,Low
2022-04-05,09:52,40.889,-73.84504,,0.0,0,0,0,0,0,0,0,Unspecified,Station Wagon/Sport Utility Vehicle,BRONX,10466.0,2022,4,Tuesday,0.0,Low
2024-03-20,03:06,40.679035,-73.938515,HERKIMER STREET,0.0,0,0,0,0,0,0,0,Unsafe Speed,Station Wagon/Sport Utility Vehicle,Unknown,,2024,3,Wednesday,0.0,Low
2023-04-10,12:45,40.857525,-73.8818,EAST FORDHAM ROAD,0.0,0,0,0,0,0,0,0,Following Too Closely,Sedan,Unknown,,2023,4,Monday,0.0,Low
2021-11-03,22:07,40.739902,-73.97285500000001,FDR DRIVE                       ,0.0,0,0,0,0,0,1,0,Passing or Lane Usage Improper,Sedan,Unknown,,2021,11,Wednesday,0.0,Low
2021-04-19,22:40,40.82124,-73.90992,SAINT ANNS AVENUE,0.0,0,0,0,0,0,1,0,Unspecified,Station Wagon/Sport Utility Vehicle,BRONX,10456.0,2021,4,Monday,0.0,Low
2025-04-23,18:00,40.69168,-73.999344,BROOKLYN QUEENS EXPRESSWAY,0.0,0,0,0,0,0,0,0,Following Too Closely,Station Wagon/Sport Utility Vehicle,Unknown,,2025,4,Wednesday,0.0,Low
2024-02-26,13:50,40.524,-74.186104,HYLAN BOULEVARD,0.0,0,0,0,0,0,1,0,Unspecified,Station Wagon/Sport Utility Vehicle,STATEN ISLAND,10312.0,2024,2,Monday,0.0,Low
2024-12-28,17:00,40.89784,-73.8661,,0.0,0,0,0,0,0,0,0,Following Too Closely,Sedan,BRONX,10470.0,2024,12,Saturday,0.0,Low
2026-01-27,08:00,40.664684,-73.9092,,0.0,0,0,0,0,0,0,0,Driver Inattention/Distraction,Sedan,BROOKLYN,11212.0,2026,1,Tuesday,0.0,Low
2021-06-28,16:00,40.658234,-73.9321,EAST 49 STREET,0.0,0,0,0,0,0,0,0,Driver Inattention/Distraction,Sedan,BROOKLYN,11203.0,2021,6,Monday,0.0,Low
2023-04-28,09:00,40.608627,-73.756935,,0.0,0,0,0,0,0,0,0,Unspecified,E-Bike,QUEENS,11691.0,2023,4,Friday,0.0,Low
2024-09-04,15:15,40.808170000000004,-73.92066,,0.0,0,0,0,0,0,0,0,Failure to Yield Right-of-Way,Sedan,BRONX,10454.0,2024,9,Wednesday,0.0,Low
2024-03-28,17:20,40.659813,-73.926476,EAST 91 STREET,0.0,0,0,0,0,0,0,0,Failure to Yield Right-of-Way,Armored Truck,BROOKLYN,11212.0,2024,3,Thursday,0.0,Low
2022-12-22,08:15,40.707657,-73.813156,143 STREET,0.0,0,0,0,0,0,0,0,Backing Unsafely,Sedan,QUEENS,11435.0,2022,12,Thursday,0.0,Low
2025-10-06,23:35,40.752094,-73.92596,NORTHERN BLVD,0.0,0,0,0,1,0,0,0,Failure to Yield Right-of-Way,Station Wagon/Sport Utility Vehicle,QUEENS,11101.0,2025,10,Monday,0.0,Low
2022-06-19,13:56,40.855736,-73.867645,,0.0,0,0,0,1,0,0,0,Following Too Closely,Sedan,BRONX,10462.0,2022,6,Sunday,0.0,Low
2023-03-28,18:00,40.61054,-74.10345500000001,STATEN ISLAND EXPRESSWAY,0.0,0,0,0,0,0,0,0,Following Too Closely,Station Wagon/Sport Utility Vehicle,Unknown,,2023,3,Tuesday,0.0,Low
2023-11-10,12:30,40.704029999999996,-73.81711,VANWYCK EXPRESSWAY,0.0,0,0,0,0,0,0,0,Unsafe Lane Changing,Station Wagon/Sport Utility Vehicle,Unknown,,2023,11,Friday,0.0,Low
2024-12-24,08:00,40.840496,-73.94599000000001,HENRY HUDSON PARKWAY,0.0,0,0,0,0,0,0,0,Pavement Slippery,Station Wagon/Sport Utility Vehicle,Unknown,,2024,12,Tuesday,0.0,Low
2024-09-05,15:09,40.606995,-74.01134,,0.0,0,0,0,0,0,0,0,Passing Too Closely,Bus,BROOKLYN,11228.0,2024,9,Thursday,0.0,Low
2022-11-26,19:00,40.707954,-73.83715,METROPOLITAN AVENUE,0.0,0,0,0,0,0,0,0,Passing or Lane Usage Improper,Sedan,QUEENS,11418.0,2022,11,Saturday,0.0,Low
2025-03-27,15:10,40.687317,-73.98814399999999,,0.0,0,0,0,0,0,0,0,Passing or Lane Usage Improper,Bus,BROOKLYN,11201.0,2025,3,Thursday,0.0,Low
2024-05-10,16:00,40.78003,-73.89692,,0.0,0,0,0,0,0,0,0,Illnes,Sedan,QUEENS,11105.0,2024,5,Friday,0.0,Low
2021-05-13,18:16,40.79793,-73.934,EAST 119 STREET,0.0,0,0,0,0,0,0,0,Driver Inattention/Distraction,Sedan,MANHATTAN,10035.0,2021,5,Thursday,0.0,Low
2024-04-10,20:25,40.853344,-73.881676,SOUTHERN BOULEVARD,0.0,0,0,0,0,0,0,0,Glare,Sedan,BRONX,10460.0,2024,4,Wednesday,0.0,Low
2023-11-12,11:10,40.767494,-73.91069,,0.0,0,0,0,1,0,0,0,Unspecified,Sedan,QUEENS,11103.0,2023,11,Sunday,0.0,Low
2024-06-26,11:25,40.768974,-73.77376600000001,BELL BOULEVARD,0.0,0,0,0,0,0,0,0,Driver Inattention/Distraction,Bus,QUEENS,11361.0,2024,6,Wednesday,0.0,Low
2023-04-05,16:40,40.753643,-73.90767,BROADWAY,0.0,0,0,0,0,0,0,0,Unspecified,E-Bike,QUEENS,11377.0,2023,4,Wednesday,0.0,Low
2023-04-30,05:45,40.670124,-73.95528,EASTERN PARKWAY,0.0,0,0,0,0,0,2,0,Traffic Control Disregarded,Sedan,Unknown,,2023,4,Sunday,0.0,Low
2021-05-21,02:30,40.59565,-73.908165,BELT PARKWAY,0.0,0,0,0,0,0,1,0,Driver Inattention/Distraction,Station Wagon/Sport Utility Vehicle,Unknown,,2021,5,Friday,0.0,Low
2023-06-02,15:23,40.791786,-73.94451,,0.0,0,0,0,1,0,0,0,Unspecified,Bike,MANHATTAN,10029.0,2023,6,Friday,0.0,Low
2023-08-26,16:00,40.76514,-73.98425999999999,,0.0,0,0,0,0,0,0,0,Driver Inattention/Distraction,Station Wagon/Sport Utility Vehicle,MANHATTAN,10019.0,2023,8,Saturday,0.0,Low
2024-07-30,08:30,40.6177,-73.962654,,0.0,0,0,0,0,0,1,0,Backing Unsafely,Box Truck,BROOKLYN,11230.0,2024,7,Tuesday,0.0,Low
2023-05-02,06:30,40.65953,-73.73261,MEMPHIS AVENUE,0.0,0,0,0,0,0,0,0,Driver Inattention/Distraction,Station Wagon/Sport Utility Vehicle,QUEENS,11422.0,2023,5,Tuesday,0.0,Low
2025-06-14,23:30,40.758873,-73.82064,PARSONS BLVD,0.0,0,0,0,0,0,0,0,Alcohol Involvement,Sedan,QUEENS,11355.0,2025,6,Saturday,0.0,Low
2022-04-18,01:20,40.8452,-73.916885,CROSS BRONX EXPY,0.0,0,0,0,0,0,1,0,Unsafe Lane Changing,Sedan,Unknown,,2022,4,Monday,0.0,Low
2021-03-21,01:43,40.680040000000005,-73.86563000000001,,0.0,0,0,0,0,0,0,0,Unspecified,Station Wagon/Sport Utility Vehicle,BROOKLYN,11208.0,2021,3,Sunday,0.0,Low
2024-07-09,22:50,40.87144,-73.867165,WHITE PLAINS ROAD,0.0,0,1,0,0,0,0,0,Pedestrian/Bicyclist/Other Pedestrian Error/Confusion,Sedan,BRONX,10467.0,2024,7,Tuesday,0.0,Low
2024-03-21,15:30,40.594184999999996,-74.16779,TRAVIS AVENUE,0.0,0,0,0,0,0,1,0,Unspecified,Station Wagon/Sport Utility Vehicle,Unknown,,2024,3,Thursday,0.0,Low
2023-07-24,02:35,40.667664,-73.873695,LOGAN STREET,0.0,0,0,0,0,0,0,0,Unspecified,Station Wagon/Sport Utility Vehicle,BROOKLYN,11208.0,2023,7,Monday,0.0,Low
2026-07-02,19:54,40.619923,-74.16458,GOETHALS RD N,0.0,0,0,0,0,0,0,0,Driver Inattention/Distraction,Station Wagon/Sport Utility Vehicle,Unknown,,2026,7,Thursday,0.0,Low
2024-05-19,12:00,40.74709,-73.71185,260 STREET,0.0,0,1,0,0,0,0,0,Driver Inattention/Distraction,Sedan,QUEENS,11004.0,2024,5,Sunday,0.0,Low
2024-06-30,11:10,40.802433,-73.94270999999999,,0.0,0,1,0,0,0,0,0,Failure to Yield Right-of-Way,Sedan,MANHATTAN,10035.0,2024,6,Sunday,0.0,Low
2025-06-16,09:30,0.0,0.0,,0.0,0,0,0,0,0,0,0,Steering Failure,Station Wagon/Sport Utility Vehicle,MANHATTAN,10000.0,2025,6,Monday,0.0,Low
2022-06-12,22:19,40.806309999999996,-73.93296,HARLEM RIVER DRIVE,0.0,0,0,0,0,0,0,0,Failure to Yield Right-of-Way,Sedan,Unknown,,2022,6,Sunday,0.0,Low
2024-04-16,23:36,40.680695,-74.002975,BROOKLYN QUEENS EXPRESSWAY,0.0,0,0,0,0,0,1,0,Unspecified,Station Wagon/Sport Utility Vehicle,Unknown,,2024,4,Tuesday,0.0,Low
2023-07-13,21:44,40.690025,-73.82571,,0.0,0,0,0,0,0,0,0,Unspecified,Station Wagon/Sport Utility Vehicle,QUEENS,11419.0,2023,7,Thursday,0.0,Low
2024-03-11,21:11,40.812740000000005,-73.93762,W 135 ST,0.0,1,0,1,0,0,0,0,Unspecified,Station Wagon/Sport Utility Vehicle,MANHATTAN,10037.0,2024,3,Monday,1.0,Low
2024-05-01,22:25,40.841026,-73.890396,,0.0,0,0,0,0,0,0,0,Driver Inattention/Distraction,Sedan,BRONX,10460.0,2024,5,Wednesday,0.0,Low
2024-06-26,18:55,40.644344,-73.950806,CORTELYOU ROAD,0.0,0,0,0,1,0,0,0,Traffic Control Disregarded,Station Wagon/Sport Utility Vehicle,BROOKLYN,11226.0,2024,6,Wednesday,0.0,Low
2025-08-31,13:25,40.801865,-73.94135,PARK AVE,0.0,0,0,0,0,0,1,0,Failure to Yield Right-of-Way,Station Wagon/Sport Utility Vehicle,MANHATTAN,10035.0,2025,8,Sunday,0.0,Low
2024-07-14,16:10,40.683132,-73.74937,218 STREET,0.0,0,0,0,0,0,1,0,Failure to Yield Right-of-Way,Station Wagon/Sport Utility Vehicle,QUEENS,11413.0,2024,7,Sunday,0.0,Low
2024-08-10,07:58,40.73457,-73.79549399999999,,0.0,0,0,0,0,0,1,0,Unspecified,Sedan,QUEENS,11365.0,2024,8,Saturday,0.0,Low
2022-06-09,06:44,40.845279999999995,-73.9265,MAJOR DEEGAN EXPRESSWAY,0.0,0,0,0,0,0,1,0,Failure to Yield Right-of-Way,Station Wagon/Sport Utility Vehicle,Unknown,,2022,6,Thursday,0.0,Low
2026-08-01,19:17,40.79465,-73.97179,W 96 ST,0.0,0,0,0,1,0,0,0,Passing Too Closely,Bike,MANHATTAN,10025.0,2026,8,Saturday,0.0,Low
2023-04-29,13:00,40.5832,-73.97304,BELT PARKWAY,0.0,0,0,0,0,0,0,0,Unspecified,Sedan,Unknown,,2023,4,Saturday,0.0,Low
2021-08-19,23:10,40.597706,-74.092545,,0.0,0,0,0,0,0,0,0,Unspecified,Pick-up Truck,STATEN ISLAND,10304.0,2021,8,Thursday,0.0,Low
2024-03-23,11:29,40.671946999999996,-73.96351,,0.0,0,1,0,0,0,0,0,Failure to Yield Right-of-Way,Sedan,BROOKLYN,11238.0,2024,3,Saturday,0.0,Low
2025-04-07,15:00,40.595203000000005,-73.75601999999999,SEAGIRT BLVD,0.0,0,0,0,0,0,0,0,Driver Inattention/Distraction,Sedan,QUEENS,11691.0,2025,4,Monday,0.0,Low
2025-04-15,09:19,0.0,0.0,,0.0,0,0,0,0,0,0,0,Following Too Closely,Sedan,QUEENS,11102.0,2025,4,Tuesday,0.0,Low
2023-06-17,11:55,40.647625,-73.97726999999999,EAST 4 STREET,0.0,0,0,0,0,0,2,0,Driver Inattention/Distraction,Station Wagon/Sport Utility Vehicle,BROOKLYN,11218.0,2023,6,Saturday,0.0,Low
2021-11-08,07:56,40.71082,-73.73179,223 STREET,0.0,0,0,0,0,0,1,0,Driver Inattention/Distraction,Sedan,QUEENS,11429.0,2021,11,Monday,0.0,Low
2025-03-30,11:38,40.65777,-73.93961,ALBANY AVE,0.0,0,1,0,0,0,0,0,Failure to Yield Right-of-Way,Unknown,BROOKLYN,11203.0,2025,3,Sunday,0.0,Low
2025-08-15,08:56,40.661667,-73.98808000000001,PROSPECT EXPRESSWAY EAST,0.0,0,0,0,0,0,1,0,Unspecified,Station Wagon/Sport Utility Vehicle,Unknown,,2025,8,Friday,0.0,Low
2026-08-01,07:26,40.71589,-73.82526999999999,JACKIE ROBINSON PKWY,0.0,0,0,0,0,0,0,0,Unsafe Lane Changing,Sedan,Unknown,,2026,8,Saturday,0.0,Low
2024-03-05,13:05,40.664173,-73.95935,MC KEEVER PLACE,0.0,0,0,0,0,0,2,0,Unsafe Speed,Taxi,BROOKLYN,11225.0,2024,3,Tuesday,0.0,Low
2021-08-13,17:20,40.82269,-73.94946999999999,WEST 141 STREET,0.0,0,0,0,0,0,0,0,Traffic Control Disregarded,Station Wagon/Sport Utility Vehicle,MANHATTAN,10031.0,2021,8,Friday,0.0,Low
2025-05-06,16:35,40.788696,-73.93786,E 106 ST,0.0,0,0,0,0,0,1,0,Driver Inattention/Distraction,Station Wagon/Sport Utility Vehicle,MANHATTAN,10029.0,2025,5,Tuesday,0.0,Low
2021-10-30,05:18,40.846863,-73.90142,EAST 176 STREET,0.0,0,1,0,0,0,0,0,Unspecified,Sedan,BRONX,10457.0,2021,10,Saturday,0.0,Low
2021-08-20,21:00,40.8197,-73.93449,HARLEM RIVER DRIVE,0.0,0,0,0,0,0,0,0,Unspecified,Sedan,Unknown,,2021,8,Friday,0.0,Low
2022-08-12,05:35,40.721965999999995,-74.00824,HUDSON STREET,0.0,0,0,0,0,0,0,0,Passing or Lane Usage Improper,Station Wagon/Sport Utility Vehicle,MANHATTAN,10013.0,2022,8,Friday,0.0,Low
2021-08-10,12:05,40.63203,-73.97447,,0.0,0,0,0,0,0,0,0,Unspecified,Station Wagon/Sport Utility Vehicle,BROOKLYN,11218.0,2021,8,Tuesday,0.0,Low
2022-10-18,15:57,40.681137,-73.95567,FRANKLIN AVENUE,0.0,0,0,0,0,0,0,0,Passing Too Closely,Bus,Unknown,,2022,10,Tuesday,0.0,Low
2024-03-01,15:20,40.716312,-73.81938000000001,GRAND CENTRAL PKWY,0.0,0,0,0,0,0,0,0,Passing or Lane Usage Improper,Sedan,Unknown,,2024,3,Friday,0.0,Low
2026-01-21,15:30,40.868384999999996,-73.89416,E 196 ST,0.0,0,0,0,0,0,0,0,Unspecified,LIMO,BRONX,10468.0,2026,1,Wednesday,0.0,Low
2021-11-10,09:10,40.718647,-73.83771,QUEENS BOULEVARD,0.0,0,0,0,1,0,0,0,Passing or Lane Usage Improper,Bike,Unknown,,2021,11,Wednesday,0.0,Low
2023-07-12,10:15,40.629517,-74.01092,,0.0,0,0,0,0,0,0,0,Driver Inattention/Distraction,Station Wagon/Sport Utility Vehicle,BROOKLYN,11219.0,2023,7,Wednesday,0.0,Low
2021-08-11,14:00,40.676807000000004,-73.95576,FRANKLIN AVENUE,0.0,0,0,0,0,0,0,0,Following Too Closely,Sedan,BROOKLYN,11216.0,2021,8,Wednesday,0.0,Low
2024-11-17,12:30,40.727207,-73.90741,BORDEN AVENUE,0.0,0,0,0,0,0,0,0,Unspecified,Sedan,Unknown,,2024,11,Sunday,0.0,Low
2023-08-09,16:45,40.676964,-73.89895,FULTON STREET,0.0,0,0,0,0,0,0,0,Unspecified,Bus,Unknown,,2023,8,Wednesday,0.0,Low
2025-11-15,08:00,40.662415,-73.93519,,0.0,0,0,0,0,0,0,0,Unsafe Speed,Box Truck,BROOKLYN,11203.0,2025,11,Saturday,0.0,Low
2021-06-06,05:23,40.69761,-73.82005,130 STREET,0.0,0,0,0,0,0,1,0,Following Too Closely,Sedan,QUEENS,11418.0,2021,6,Sunday,0.0,Low
2025-05-13,08:40,40.795437,-73.94395,E 111 ST,0.0,0,0,0,1,0,0,0,Passing Too Closely,Station Wagon/Sport Utility Vehicle,MANHATTAN,10029.0,2025,5,Tuesday,0.0,Low
2025-03-09,12:50,40.852863,-73.900925,E 180 ST,0.0,0,0,0,0,0,0,0,Backing Unsafely,Sedan,BRONX,10457.0,2025,3,Sunday,0.0,Low
2024-03-17,18:30,40.844944,-73.917404,WEST MOUNT EDEN AVENUE,0.0,0,0,0,0,0,0,0,Passing Too Closely,Sedan,BRONX,10452.0,2024,3,Sunday,0.0,Low
2023-04-20,10:45,40.818478000000006,-73.89248,,0.0,0,0,0,0,0,0,0,Following Too Closely,Grumman LL,BRONX,10459.0,2023,4,Thursday,0.0,Low
2023-09-28,19:25,40.695995,-73.96964,BROOKLYN QUEENS EXPRESSWAY,0.0,0,0,0,0,0,1,0,Fell Asleep,Sedan,Unknown,,2023,9,Thursday,0.0,Low
2023-06-14,18:30,40.676342,-73.910934,ATLANTIC AVENUE,0.0,0,0,0,1,0,0,0,Pedestrian/Bicyclist/Other Pedestrian Error/Confusion,Station Wagon/Sport Utility Vehicle,BROOKLYN,11233.0,2023,6,Wednesday,0.0,Low
2024-09-16,01:45,40.74762,-73.88299599999999,,0.0,0,0,0,0,0,0,0,Passing or Lane Usage Improper,Station Wagon/Sport Utility Vehicle,QUEENS,11373.0,2024,9,Monday,0.0,Low
2022-01-10,10:58,40.743904,-73.94877,21 STREET,0.0,0,0,0,0,0,1,0,Driver Inattention/Distraction,Station Wagon/Sport Utility Vehicle,QUEENS,11101.0,2022,1,Monday,0.0,Low
2021-12-22,05:50,40.70453,-73.817245,VAN WYCK EXPWY,0.0,0,0,0,0,0,0,0,Driver Inexperience,Sedan,Unknown,,2021,12,Wednesday,0.0,Low
2026-01-01,07:55,40.691074,-73.9088,WILSON AVE,0.0,0,0,0,0,0,0,0,Failure to Yield Right-of-Way,Station Wagon/Sport Utility Vehicle,BROOKLYN,11207.0,2026,1,Thursday,0.0,Low
2022-05-04,11:40,40.664898,-73.88131,,0.0,0,0,0,0,0,0,0,Other Vehicular,Sedan,BROOKLYN,11208.0,2022,5,Wednesday,0.0,Low
2022-09-17,11:16,40.751526,-73.859184,108 STREET,0.0,0,0,0,0,0,0,0,Failure to Yield Right-of-Way,Station Wagon/Sport Utility Vehicle,QUEENS,11368.0,2022,9,Saturday,0.0,Low
2024-03-16,08:57,40.782866999999996,-73.78454599999999,208 STREET,0.0,0,0,0,0,0,0,0,Unspecified,Sedan,QUEENS,11360.0,2024,3,Saturday,0.0,Low
2023-01-14,14:17,40.67021,-73.98546,,0.0,0,0,0,0,0,0,0,Driver Inexperience,Sedan,BROOKLYN,11215.0,2023,1,Saturday,0.0,Low
2023-07-06,17:05,40.8477,-73.90097,EAST TREMONT AVENUE,0.0,0,0,0,1,0,0,0,Driver Inattention/Distraction,E-Bike,BRONX,10457.0,2023,7,Thursday,0.0,Low
2025-07-16,00:13,40.849957,-73.9429,RIVERSIDE DR,0.0,0,0,0,0,0,1,0,Turning Improperly,Sedan,Unknown,,2025,7,Wednesday,0.0,Low
2022-09-30,16:24,40.610237,-73.921844,AVENUE U,0.0,0,0,0,0,0,0,0,Aggressive Driving/Road Rage,Sedan,BROOKLYN,11234.0,2022,9,Friday,0.0,Low
2021-06-02,16:40,40.722347,-73.98671999999999,,0.0,0,0,0,0,0,0,0,Unspecified,Taxi,MANHATTAN,10002.0,2021,6,Wednesday,0.0,Low
2021-01-07,20:20,40.671627,-73.96263,EASTERN PARKWAY,0.0,0,0,0,0,0,0,0,Unsafe Lane Changing,Sedan,BROOKLYN,11238.0,2021,1,Thursday,0.0,Low
2023-09-08,08:30,40.752693,-73.93291500000001,39 AVENUE,0.0,0,0,0,0,0,0,0,Unspecified,Sedan,QUEENS,11101.0,2023,9,Friday,0.0,Low
2021-08-30,19:34,40.83801,-73.87329,BRONX RIVER PARKWAY,0.0,0,0,0,0,0,0,0,Unspecified,Sedan,Unknown,,2021,8,Monday,0.0,Low
2021-10-16,03:22,40.718984899999995,-73.8372809,75 AVENUE,0.0,0,0,0,0,0,0,0,Traffic Control Disregarded,Station Wagon/Sport Utility Vehicle,QUEENS,11375.0,2021,10,Saturday,0.0,Low
2024-04-11,11:47,40.798621999999995,-73.94162,E 116 ST,0.0,0,1,0,0,0,0,0,Unspecified,Taxi,MANHATTAN,10029.0,2024,4,Thursday,0.0,Low
2025-03-24,14:00,40.827503,-73.8864,HOME ST,0.0,0,0,0,0,0,0,0,Driver Inattention/Distraction,Station Wagon/Sport Utility Vehicle,BRONX,10459.0,2025,3,Monday,0.0,Low
2021-08-10,07:20,40.651234,-73.91804,,0.0,0,0,0,0,0,0,0,Unspecified,Sedan,BROOKLYN,11236.0,2021,8,Tuesday,0.0,Low
2025-03-31,14:40,40.744465000000005,-73.77179,CLEARVIEW EXPRESSWAY,0.0,0,0,0,0,0,1,0,Following Too Closely,Box Truck,Unknown,,2025,3,Monday,0.0,Low
2026-10-03,16:00,40.677997999999995,-74.00414,HICKS ST,0.0,0,0,0,0,0,0,0,Unspecified,Sedan,BROOKLYN,11231.0,2026,10,Saturday,0.0,Low
2026-03-03,09:13,40.75031,-74.00837,W 24 ST,0.0,0,0,0,0,0,0,0,Following Too Closely,Sedan,MANHATTAN,10011.0,2026,3,Tuesday,0.0,Low
2022-07-23,00:00,40.71158,-73.94467,,0.0,0,0,0,0,0,0,0,Driver Inattention/Distraction,Sedan,BROOKLYN,11211.0,2022,7,Saturday,0.0,Low
2021-07-20,12:15,40.787045,-73.97759,BROADWAY,0.0,0,0,0,0,0,0,0,Turning Improperly,Sedan,MANHATTAN,10024.0,2021,7,Tuesday,0.0,Low
2021-09-26,00:00,40.525227,-74.20962,AMBOY ROAD,0.0,0,0,0,0,0,0,0,Unspecified,Station Wagon/Sport Utility Vehicle,STATEN ISLAND,10309.0,2021,9,Sunday,0.0,Low
2024-01-28,01:20,40.892128,-73.84719,EDENWALD AVENUE,0.0,0,0,0,0,0,0,0,Alcohol Involvement,Sedan,Unknown,,2024,1,Sunday,0.0,Low
2021-10-13,01:31,40.692062,-73.95191,,0.0,0,0,0,0,0,0,0,Backing Unsafely,Station Wagon/Sport Utility Vehicle,Unknown,,2021,10,Wednesday,0.0,Low
2022-02-23,00:20,40.70005,-73.95031999999999,,0.0,0,0,0,0,0,0,0,Driver Inattention/Distraction,Sedan,BROOKLYN,11206.0,2022,2,Wednesday,0.0,Low
2025-04-15,14:09,0.0,0.0,,0.0,0,0,0,0,0,0,0,Reaction to Uninvolved Vehicle,Sedan,MANHATTAN,10035.0,2025,4,Tuesday,0.0,Low
2022-06-15,03:40,40.630745000000005,-73.97717,MC DONALD AVENUE,0.0,0,0,0,0,0,2,0,Lost Consciousness,Garbage or Refuse,BROOKLYN,11204.0,2022,6,Wednesday,0.0,Low
2022-04-16,20:30,40.651695000000004,-73.94968,MARTENSE STREET,0.0,0,0,0,0,0,0,0,Passing Too Closely,Sedan,Unknown,,2022,4,Saturday,0.0,Low
2022-12-29,18:05,40.749462,-73.90166500000001,61 STREET,0.0,0,0,0,0,0,0,0,Turning Improperly,Station Wagon/Sport Utility Vehicle,Unknown,,2022,12,Thursday,0.0,Low
2021-01-19,13:08,40.771038,-73.83413,WHITESTONE EXPRESSWAY           ,0.0,0,0,0,0,0,1,0,Unsafe Speed,Sedan,Unknown,,2021,1,Tuesday,0.0,Low
2021-04-05,15:10,40.70066,-73.98775,PROSPECT STREET,0.0,0,0,0,0,0,0,0,Driver Inattention/Distraction,Station Wagon/Sport Utility Vehicle,BROOKLYN,11201.0,2021,4,Monday,0.0,Low
2022-01-08,07:51,40.88171,-73.88101999999999,,0.0,0,0,0,0,0,0,0,Driver Inattention/Distraction,Station Wagon/Sport Utility Vehicle,BRONX,10467.0,2022,1,Saturday,0.0,Low
2025-02-09,03:30,40.843727,-73.82753000000001,JARVIS AVE,0.0,0,0,0,0,0,2,0,Unspecified,Motorcycle,BRONX,10461.0,2025,2,Sunday,0.0,Low
2022-02-02,17:40,40.650448,-73.95767,,0.0,0,1,0,0,0,0,0,Unspecified,Sedan,BROOKLYN,11226.0,2022,2,Wednesday,0.0,Low
2021-12-12,00:00,40.722095,-73.77772,GRAND CENTRAL PKWY,0.0,0,0,0,0,0,1,0,Unspecified,Station Wagon/Sport Utility Vehicle,Unknown,,2021,12,Sunday,0.0,Low
2022-01-24,15:30,40.76132,-73.9171,31 AVENUE,0.0,0,2,0,0,0,0,0,Passing or Lane Usage Improper,Sedan,QUEENS,11103.0,2022,1,Monday,0.0,Low
2024-01-10,08:32,40.759190000000004,-73.80981,CHERRY AVENUE,0.0,0,0,0,0,0,0,0,Unspecified,Sedan,QUEENS,11355.0,2024,1,Wednesday,0.0,Low
2021-07-09,21:30,40.592484000000006,-73.99494,BELT PARKWAY,0.0,0,0,0,0,0,0,0,Unsafe Speed,Sedan,Unknown,,2021,7,Friday,0.0,Low
2021-04-07,21:30,40.745857,-73.71415999999999,,0.0,0,0,0,0,0,0,0,Unspecified,Sedan,QUEENS,11004.0,2021,4,Wednesday,0.0,Low
2025-06-19,19:25,40.817234,-73.92151,,0.0,0,0,0,0,0,0,0,Other Vehicular,Station Wagon/Sport Utility Vehicle,BRONX,10451.0,2025,6,Thursday,0.0,Low
2025-04-22,17:39,40.77046,-73.95845,,0.0,0,0,0,0,0,0,0,Backing Unsafely,Sedan,MANHATTAN,10021.0,2025,4,Tuesday,0.0,Low
2026-11-01,14:00,40.68888,-73.96001,CLASSON AVE,0.0,0,0,0,0,0,0,0,Other Vehicular,Sedan,BROOKLYN,11205.0,2026,11,Sunday,0.0,Low
2024-10-09,14:40,40.69253,-73.95985,WILLOUGHBY AVENUE,0.0,0,0,0,0,0,0,0,Other Vehicular,Ambulance,BROOKLYN,11205.0,2024,10,Wednesday,0.0,Low
2024-06-07,07:39,40.630984999999995,-74.00869,,0.0,0,0,0,0,0,0,0,Following Too Closely,Sedan,BROOKLYN,11219.0,2024,6,Friday,0.0,Low
2022-10-12,22:23,40.746809999999996,-73.89175999999999,BROADWAY,0.0,0,0,0,0,0,0,0,Driver Inattention/Distraction,Sedan,QUEENS,11372.0,2022,10,Wednesday,0.0,Low
2024-02-23,11:20,40.83933,-73.94341999999999,,0.0,0,0,0,0,0,0,0,Following Too Closely,Station Wagon/Sport Utility Vehicle,MANHATTAN,10032.0,2024,2,Friday,0.0,Low
2024-08-24,14:00,40.666695000000004,-73.767136,SOUTH CONDUIT AVENUE,0.0,0,0,0,0,0,0,0,Traffic Control Disregarded,Ambulance,QUEENS,11434.0,2024,8,Saturday,0.0,Low
2021-10-17,16:26,40.7891273,-73.8225863,WHITESTONE EXPRESSWAY,0.0,0,0,0,0,0,0,0,Following Too Closely,Station Wagon/Sport Utility Vehicle,Unknown,,2021,10,Sunday,0.0,Low
2021-11-14,18:45,40.748917,-73.993546,,0.0,0,0,0,1,0,0,0,Other Vehicular,Bike,MANHATTAN,10001.0,2021,11,Sunday,0.0,Low
2021-11-12,04:12,40.845690000000005,-73.8639,,0.0,0,0,0,0,0,0,0,Unspecified,Station Wagon/Sport Utility Vehicle,BRONX,10462.0,2021,11,Friday,0.0,Low
2023-07-19,20:30,40.595707,-73.965065,AVENUE V,0.0,0,0,0,1,0,0,0,Driver Inattention/Distraction,Bike,BROOKLYN,11223.0,2023,7,Wednesday,0.0,Low
2025-01-20,08:45,40.776534999999996,-73.8408,25 AVE,0.0,0,0,0,0,0,0,0,Unspecified,Sedan,QUEENS,11356.0,2025,1,Monday,0.0,Low
2022-06-17,01:45,40.696033,-73.984535,FLATBUSH AVENUE EXTENSION,0.0,0,0,0,0,0,0,0,Driver Inattention/Distraction,E-Bike,BROOKLYN,11201.0,2022,6,Friday,0.0,Low
2023-05-29,01:30,40.748946999999994,-73.993576,,0.0,0,0,0,0,0,0,0,Following Too Closely,Sedan,MANHATTAN,10001.0,2023,5,Monday,0.0,Low
2022-09-09,14:38,40.724292999999996,-73.78057,,0.0,0,0,0,0,0,2,0,Reaction to Uninvolved Vehicle,Sedan,QUEENS,11432.0,2022,9,Friday,0.0,Low
2023-08-30,09:53,40.612003,-73.99056999999999,20 AVENUE,0.0,0,0,0,0,0,1,0,Driver Inattention/Distraction,Sedan,BROOKLYN,11204.0,2023,8,Wednesday,0.0,Low
2023-04-18,18:20,40.674640000000004,-73.89485,,0.0,0,0,0,0,0,0,0,Unspecified,Sedan,BROOKLYN,11207.0,2023,4,Tuesday,0.0,Low
2021-05-14,22:51,40.680325,-73.8009,141 STREET,0.0,0,0,0,0,0,0,0,Passing Too Closely,Station Wagon/Sport Utility Vehicle,Unknown,,2021,5,Friday,0.0,Low
2021-03-23,08:45,40.777874,-73.95175,EAST 86 STREET                  ,0.0,0,0,0,0,0,0,0,Driver Inattention/Distraction,Station Wagon/Sport Utility Vehicle,MANHATTAN,10028.0,2021,3,Tuesday,0.0,Low
2021-09-29,09:49,40.755753000000006,-73.883514,84 STREET,0.0,0,0,0,0,0,1,0,Passing Too Closely,Motorcycle,QUEENS,11372.0,2021,9,Wednesday,0.0,Low
2023-07-08,20:00,40.817116,-73.88306999999999,,0.0,0,1,0,0,0,0,0,Pedestrian/Bicyclist/Other Pedestrian Error/Confusion,Station Wagon/Sport Utility Vehicle,BRONX,10474.0,2023,7,Saturday,0.0,Low
2025-05-03,18:20,40.630337,-73.993416,55 ST,0.0,0,1,0,0,0,0,0,Unspecified,Sedan,BROOKLYN,11219.0,2025,5,Saturday,0.0,Low
2025-09-28,15:23,40.74218,-73.85087,55 AVE,0.0,0,1,0,0,0,0,0,Unspecified,Station Wagon/Sport Utility Vehicle,QUEENS,11368.0,2025,9,Sunday,0.0,Low
2022-07-09,13:00,40.678455,-73.94968399999999,NOSTRAND AVENUE,0.0,0,0,0,0,0,4,0,Driver Inexperience,Station Wagon/Sport Utility Vehicle,Unknown,,2022,7,Saturday,0.0,Low
2024-08-13,10:42,40.738754,-74.0055,HUDSON STREET,0.0,0,0,0,0,0,0,0,Other Vehicular,Sedan,MANHATTAN,10014.0,2024,8,Tuesday,0.0,Low
2025-01-16,12:22,40.638245,-74.02532,,0.0,0,0,0,0,0,0,0,Unspecified,Station Wagon/Sport Utility Vehicle,BROOKLYN,11220.0,2025,1,Thursday,0.0,Low
2021-08-14,21:20,40.72034,-74.00223000000001,HOWARD STREET,0.0,0,0,0,0,0,0,0,Driver Inattention/Distraction,Sedan,MANHATTAN,10013.0,2021,8,Saturday,0.0,Low
2021-06-14,17:26,40.63695,-74.02248399999999,67 STREET,0.0,0,0,0,0,0,0,0,Unspecified,E-Bike,Unknown,,2021,6,Monday,0.0,Low
2024-03-29,16:00,40.663284000000004,-73.93565,,0.0,0,0,0,0,0,0,0,Unspecified,Sedan,BROOKLYN,11203.0,2024,3,Friday,0.0,Low
2021-12-01,02:10,40.673107,-73.99959,BROOKLYN QUEENS EXPRESSWAY      ,0.0,0,0,0,0,0,0,0,Following Too Closely,Sedan,Unknown,,2021,12,Wednesday,0.0,Low
2021-10-25,23:15,40.737359999999995,-73.99685,AVENUE OF THE AMERICAS,0.0,0,0,0,0,0,0,0,Driver Inattention/Distraction,Sedan,Unknown,,2021,10,Monday,0.0,Low
2024-09-10,17:20,40.82325,-73.88277,BRUCKNER BOULEVARD,0.0,0,0,0,0,0,0,0,Unspecified,Sedan,Unknown,,2024,9,Tuesday,0.0,Low
2021-02-11,23:05,40.843174,-73.91196,EAST MOUNT EDEN AVENUE,0.0,0,0,0,0,0,0,0,Failure to Yield Right-of-Way,Sedan,BRONX,10452.0,2021,2,Thursday,0.0,Low
2024-07-06,22:40,40.608654,-73.91279,,0.0,0,0,0,0,0,0,0,Unsafe Speed,Station Wagon/Sport Utility Vehicle,BROOKLYN,11234.0,2024,7,Saturday,0.0,Low
2023-01-16,05:35,40.657036,-73.89383000000001,MALTA STREET,0.0,0,0,0,0,0,0,0,Backing Unsafely,Sedan,BROOKLYN,11207.0,2023,1,Monday,0.0,Low
2022-07-25,18:04,40.863125,-73.86265999999999,MATTHEWS AVENUE,0.0,0,0,0,1,0,0,0,Driver Inattention/Distraction,Bike,BRONX,10467.0,2022,7,Monday,0.0,Low
2025-11-13,18:22,40.68956,-73.96712,DEKALB AVE,0.0,0,0,0,0,0,1,0,Lost Consciousness,Sedan,BROOKLYN,11205.0,2025,11,Thursday,0.0,Low
2024-11-21,17:50,40.750343,-73.98318,E 37 ST,0.0,0,0,0,0,0,0,0,Fatigued/Drowsy,Sedan,MANHATTAN,10016.0,2024,11,Thursday,0.0,Low
2021-04-19,14:53,40.5751,-73.998566,WEST 32 STREET,0.0,0,1,0,0,0,0,0,Driver Inattention/Distraction,Unknown,Unknown,,2021,4,Monday,0.0,Low
2025-11-15,13:03,40.737896,-73.881294,ST JAMES AVE,0.0,0,0,0,0,0,1,0,Unspecified,Motorcycle,QUEENS,11373.0,2025,11,Saturday,0.0,Low
2022-01-25,21:07,40.735794,-74.00156,7 AVENUE SOUTH,0.0,0,0,0,0,0,0,0,Driver Inattention/Distraction,Sedan,MANHATTAN,10014.0,2022,1,Tuesday,0.0,Low
2021-08-24,20:00,40.8297,-73.91932,EAST 164 STREET,0.0,0,0,0,0,0,0,0,Unspecified,Station Wagon/Sport Utility Vehicle,Unknown,,2021,8,Tuesday,0.0,Low
2022-05-31,00:00,40.70665,-73.95042,MONTROSE AVENUE,0.0,0,0,0,0,0,0,0,Other Vehicular,Sedan,BROOKLYN,11206.0,2022,5,Tuesday,0.0,Low
2025-11-13,17:32,40.781025,-73.98131,W 75 ST,0.0,0,1,0,0,0,0,0,Driver Inexperience,Sedan,MANHATTAN,10023.0,2025,11,Thursday,0.0,Low
2021-12-14,10:50,40.71071,-73.79304499999999,169 STREET,0.0,0,0,0,0,0,1,0,Reaction to Uninvolved Vehicle,Sedan,QUEENS,11432.0,2021,12,Tuesday,0.0,Low
2022-09-26,21:35,40.71143,-73.72845,CROSS ISLAND PARKWAY,0.0,0,0,0,0,0,1,0,Unsafe Speed,Station Wagon/Sport Utility Vehicle,Unknown,,2022,9,Monday,0.0,Low
2022-08-11,16:50,40.67887,-73.92165,RALPH AVENUE,0.0,0,1,0,0,0,0,0,Unknown,Unknown,BROOKLYN,11233.0,2022,8,Thursday,0.0,Low
2022-08-28,18:53,40.736534000000006,-73.85611,LONG ISLAND EXPRESSWAY,0.0,0,0,0,0,0,0,0,Driver Inattention/Distraction,Pick-up Truck,Unknown,,2022,8,Sunday,0.0,Low
2025-08-19,07:40,40.76294,-73.86067,GRAND CENTRAL PKWY,0.0,0,0,0,0,0,0,0,Driver Inattention/Distraction,Station Wagon/Sport Utility Vehicle,Unknown,,2025,8,Tuesday,0.0,Low
2025-07-23,13:12,40.849453000000004,-73.906,GRAND CONC,0.0,0,0,0,0,0,3,0,Turning Improperly,Sedan,BRONX,10453.0,2025,7,Wednesday,0.0,Low
2026-08-03,03:15,40.623596,-74.00646,,0.0,0,0,0,0,0,0,0,Driver Inexperience,Station Wagon/Sport Utility Vehicle,BROOKLYN,11228.0,2026,8,Monday,0.0,Low
2023-12-03,07:00,40.671935999999995,-74.003525,,0.0,0,0,0,0,0,0,0,Driver Inexperience,Fork lift,BROOKLYN,11231.0,2023,12,Sunday,0.0,Low
2023-08-17,00:00,40.83209,-73.85538000000001,,0.0,0,0,0,0,0,0,0,Unspecified,Sedan,BRONX,10462.0,2023,8,Thursday,0.0,Low
2023-05-18,18:37,40.84691,-73.93824000000001,BROADWAY,0.0,0,0,0,0,0,0,0,Driver Inattention/Distraction,Station Wagon/Sport Utility Vehicle,MANHATTAN,10033.0,2023,5,Thursday,0.0,Low
2021-07-10,21:05,40.643109700000004,-74.01607109999999,56 STREET,0.0,0,0,0,0,0,1,0,Unsafe Speed,Taxi,BROOKLYN,11220.0,2021,7,Saturday,0.0,Low
2025-01-09,10:22,40.627308,-73.92754000000001,,0.0,0,0,0,0,0,1,0,Driver Inattention/Distraction,Sedan,BROOKLYN,11234.0,2025,1,Thursday,0.0,Low
2021-11-03,09:00,40.820366,-73.87051,METCALF AVENUE                  ,0.0,0,0,0,0,0,0,0,Driver Inattention/Distraction,Sedan,BRONX,10473.0,2021,11,Wednesday,0.0,Low
2021-08-20,05:00,40.60583,-73.75776,,0.0,0,0,0,0,0,0,0,Fell Asleep,Sedan,QUEENS,11691.0,2021,8,Friday,0.0,Low
2023-04-09,22:55,40.841278,-73.86359,UNIONPORT ROAD,0.0,0,0,0,0,0,1,0,Unspecified,Station Wagon/Sport Utility Vehicle,BRONX,10462.0,2023,4,Sunday,0.0,Low
2022-02-26,11:51,40.598420000000004,-73.96019,AVENUE U,0.0,0,1,0,0,0,0,0,Failure to Yield Right-of-Way,Sedan,BROOKLYN,11229.0,2022,2,Saturday,0.0,Low
2023-01-03,17:40,40.789204,-73.95483,5 AVENUE,0.0,0,0,0,0,0,0,0,Turning Improperly,Sedan,MANHATTAN,10029.0,2023,1,Tuesday,0.0,Low
2024-07-26,21:15,40.744587,-73.889114,,0.0,0,0,0,0,0,0,0,Driver Inattention/Distraction,Sedan,QUEENS,11373.0,2024,7,Friday,0.0,Low
2025-04-09,04:38,40.640644,-73.743385,BROOKVILLE BOULEVARD,0.0,0,0,0,0,0,0,0,Unspecified,Dump,Unknown,,2025,4,Wednesday,0.0,Low
2021-04-11,12:45,40.622643,-73.8965,BELT PARKWAY,0.0,0,0,0,0,0,3,0,Unsafe Speed,Sedan,Unknown,,2021,4,Sunday,0.0,Low
2023-10-23,07:30,40.6669,-73.89459000000001,,0.0,0,0,0,0,0,0,0,Unspecified,Sedan,BROOKLYN,11207.0,2023,10,Monday,0.0,Low
2021-11-23,19:48,40.824562,-73.87259,BRUCKNER BOULEVARD,0.0,0,0,0,0,0,0,0,Driver Inattention/Distraction,Station Wagon/Sport Utility Vehicle,Unknown,,2021,11,Tuesday,0.0,Low
2023-02-19,16:20,40.789448,-73.94951999999999,,0.0,0,0,0,0,0,1,0,Pedestrian/Bicyclist/Other Pedestrian Error/Confusion,TRANSPORT,MANHATTAN,10029.0,2023,2,Sunday,0.0,Low
2023-06-09,13:27,40.82696,-73.86808,,0.0,0,1,0,0,0,0,0,Unspecified,Unknown,BRONX,10472.0,2023,6,Friday,0.0,Low
2021-06-28,20:50,40.822678,-73.842575,ZEREGA AVENUE,0.0,0,0,0,0,0,1,0,Unsafe Speed,Station Wagon/Sport Utility Vehicle,BRONX,10473.0,2021,6,Monday,0.0,Low
2022-05-12,19:52,40.67279,-73.922226,RALPH AVENUE,0.0,0,0,0,0,0,0,0,Unspecified,Bus,BROOKLYN,11233.0,2022,5,Thursday,0.0,Low
2025-02-03,18:28,40.738170000000004,-73.9776,E 25 ST,0.0,0,0,0,0,0,1,0,Driver Inattention/Distraction,Sedan,MANHATTAN,10010.0,2025,2,Monday,0.0,Low
2022-06-23,13:29,40.742909999999995,-73.99280999999999,WEST 23 STREET,0.0,0,0,0,1,0,0,0,Failure to Yield Right-of-Way,Bike,MANHATTAN,10010.0,2022,6,Thursday,0.0,Low
2021-03-24,13:25,40.699238,-73.93930999999999,,0.0,0,0,0,0,0,0,0,Failure to Yield Right-of-Way,Sedan,BROOKLYN,11206.0,2021,3,Wednesday,0.0,Low
2024-04-20,05:30,40.67642,-73.94154,KINGSTON AVENUE,0.0,0,0,0,0,0,0,0,Driver Inattention/Distraction,Sedan,Unknown,,2024,4,Saturday,0.0,Low
2026-03-13,00:00,40.650528,-73.955826,CHURCH AVE,0.0,0,0,0,0,0,0,0,Unspecified,Station Wagon/Sport Utility Vehicle,BROOKLYN,11226.0,2026,3,Friday,0.0,Low
2023-10-30,17:30,40.676598,-73.89038000000001,ATLANTIC AVENUE,0.0,0,0,0,0,0,0,0,Unspecified,Sedan,BROOKLYN,11207.0,2023,10,Monday,0.0,Low
2023-07-04,13:00,40.701782,-73.75946,112 AVENUE,0.0,0,0,0,1,0,0,0,Unspecified,Station Wagon/Sport Utility Vehicle,QUEENS,11412.0,2023,7,Tuesday,0.0,Low
2024-07-03,04:17,40.848118,-73.93089,WEST 181 STREET,0.0,0,0,0,0,0,0,0,Driver Inattention/Distraction,Sedan,MANHATTAN,10033.0,2024,7,Wednesday,0.0,Low
2021-10-31,14:50,40.600895,-73.98031,WEST 8 STREET,0.0,0,0,0,0,0,0,0,Passing Too Closely,Station Wagon/Sport Utility Vehicle,Unknown,,2021,10,Sunday,0.0,Low
2021-11-01,22:30,40.754807,-73.871826,,0.0,0,0,0,0,0,0,0,Unspecified,Station Wagon/Sport Utility Vehicle,QUEENS,11368.0,2021,11,Monday,0.0,Low
2022-11-16,14:10,40.679733,-73.97431999999999,FLATBUSH AVENUE,0.0,0,1,0,0,0,0,0,Failure to Yield Right-of-Way,Sedan,BROOKLYN,11217.0,2022,11,Wednesday,0.0,Low
2023-12-19,19:20,40.686626000000004,-73.96654000000001,GREENE AVENUE,0.0,0,0,0,0,0,0,0,Other Vehicular,Sedan,BROOKLYN,11238.0,2023,12,Tuesday,0.0,Low
2024-01-31,13:30,40.844409999999996,-73.8689,MORRIS PARK AVENUE,0.0,0,0,0,0,0,1,0,Driver Inattention/Distraction,Station Wagon/Sport Utility Vehicle,BRONX,10460.0,2024,1,Wednesday,0.0,Low
2025-07-19,11:58,40.759724,-73.9206,BROADWAY,0.0,0,1,0,0,0,0,0,Failure to Yield Right-of-Way,Station Wagon/Sport Utility Vehicle,QUEENS,11103.0,2025,7,Saturday,0.0,Low
2024-07-02,18:03,40.86226,-73.89589000000001,EAST FORDHAM ROAD,0.0,0,0,0,0,0,0,0,Passing Too Closely,Sedan,BRONX,10458.0,2024,7,Tuesday,0.0,Low
2023-08-27,10:00,40.707,-73.9673,WYTHE AVENUE,0.0,0,1,0,0,0,0,0,Failure to Yield Right-of-Way,Station Wagon/Sport Utility Vehicle,Unknown,,2023,8,Sunday,0.0,Low
2024-05-15,18:00,40.649390000000004,-73.975296,PROSPECT EXPRESSWAY EAST,0.0,0,0,0,0,0,0,0,Unsafe Speed,Sedan,Unknown,,2024,5,Wednesday,0.0,Low
2021-05-26,09:20,40.84721,-73.93979,FORT WASHINGTON AVENUE,0.0,0,1,0,0,0,0,0,Failure to Yield Right-of-Way,Station Wagon/Sport Utility Vehicle,MANHATTAN,10033.0,2021,5,Wednesday,0.0,Low
2024-07-16,22:05,40.86173,-73.91181999999999,WEST FORDHAM ROAD,0.0,0,0,0,0,0,2,0,Unspecified,Sedan,BRONX,10468.0,2024,7,Tuesday,0.0,Low
2024-12-27,06:40,40.636787,-73.74056,ROCKAWAY BLVD,0.0,0,0,0,0,0,0,0,Driver Inattention/Distraction,Station Wagon/Sport Utility Vehicle,Unknown,,2024,12,Friday,0.0,Low
2024-10-03,18:17,40.60184,-74.00593,BAY 20 STREET,0.0,0,0,0,0,0,0,0,Driver Inexperience,Sedan,BROOKLYN,11214.0,2024,10,Thursday,0.0,Low
2023-07-20,03:51,40.72748,-73.744644,,0.0,0,0,0,0,0,0,0,Unspecified,Station Wagon/Sport Utility Vehicle,QUEENS,11427.0,2023,7,Thursday,0.0,Low
2021-10-14,09:30,40.7509033,-73.9981196,WEST 30 STREET,0.0,0,0,0,0,0,0,0,Passing or Lane Usage Improper,Box Truck,MANHATTAN,10001.0,2021,10,Thursday,0.0,Low
2025-10-23,06:12,40.823128000000004,-73.94218000000001,,0.0,0,0,0,0,0,0,0,Unspecified,Station Wagon/Sport Utility Vehicle,MANHATTAN,10039.0,2025,10,Thursday,0.0,Low
2022-11-28,15:40,40.847384999999996,-73.9407,WEST 176 STREET,0.0,0,0,0,0,0,0,0,Unsafe Speed,Sedan,MANHATTAN,10033.0,2022,11,Monday,0.0,Low
2023-06-21,17:21,40.87802,-73.90241,WEST 231 STREET,0.0,0,0,0,0,0,0,0,Unspecified,Bus,BRONX,10463.0,2023,6,Wednesday,0.0,Low
2025-11-20,19:30,40.853718,-73.9268,AMSTERDAM AVE,0.0,0,0,0,0,0,0,0,Unspecified,Sedan,MANHATTAN,10040.0,2025,11,Thursday,0.0,Low
2024-05-21,19:25,40.707947,-73.78331,JAMAICA AVENUE,0.0,0,0,0,0,0,1,0,Failure to Yield Right-of-Way,Sedan,QUEENS,11433.0,2024,5,Tuesday,0.0,Low
2022-02-19,19:00,40.847713,-73.89182,,0.0,0,0,0,0,0,0,0,Passing Too Closely,Station Wagon/Sport Utility Vehicle,BRONX,10457.0,2022,2,Saturday,0.0,Low
2023-05-05,23:29,40.64092,-73.93985,,0.0,0,0,0,0,0,0,0,Unspecified,Sedan,BROOKLYN,11203.0,2023,5,Friday,0.0,Low
2024-03-25,17:55,40.579197,-73.98195,STILLWELL AVENUE,0.0,0,0,0,0,0,0,0,Unspecified,Sedan,BROOKLYN,11224.0,2024,3,Monday,0.0,Low
2021-03-17,08:17,40.78826,-73.94869,,0.0,0,0,0,0,0,1,0,Illnes,Sedan,MANHATTAN,10029.0,2021,3,Wednesday,0.0,Low
2025-06-29,13:00,40.59592,-73.94102,NOSTRAND AVE,0.0,0,0,0,0,0,1,0,Unspecified,Sedan,BROOKLYN,11229.0,2025,6,Sunday,0.0,Low
2024-12-13,13:27,40.624733,-74.03643000000001,86 ST,0.0,0,1,0,0,0,0,0,Aggressive Driving/Road Rage,Moped,BROOKLYN,11209.0,2024,12,Friday,0.0,Low
2023-07-15,12:15,40.738471999999994,-73.931984,HUNTERS POINT AVENUE,0.0,0,0,0,0,0,0,0,Driver Inattention/Distraction,Pick-up Truck,Unknown,,2023,7,Saturday,0.0,Low
2024-07-11,06:10,40.56146,-74.11227,TYSENS LN,0.0,0,0,0,0,0,0,0,Driver Inattention/Distraction,Station Wagon/Sport Utility Vehicle,STATEN ISLAND,10306.0,2024,7,Thursday,0.0,Low
2026-02-14,01:49,40.833828000000004,-73.931564,MAJOR DEEGAN EXPRESSWAY,0.0,0,0,0,0,0,3,0,Other Vehicular,Station Wagon/Sport Utility Vehicle,Unknown,,2026,2,Saturday,0.0,Low
2023-02-18,18:59,40.639763,-73.958015,EAST 21 STREET,0.0,1,0,1,0,0,0,0,Unspecified,Station Wagon/Sport Utility Vehicle,BROOKLYN,11226.0,2023,2,Saturday,1.0,Low
2025-01-24,06:04,40.66612,-73.82224000000001,LEFFERTS BLVD,0.0,0,1,0,0,0,0,0,Driver Inattention/Distraction,Sedan,QUEENS,11420.0,2025,1,Friday,0.0,Low
2022-02-04,00:00,40.75327,-73.79313,,0.0,0,0,0,0,0,0,0,Backing Unsafely,Station Wagon/Sport Utility Vehicle,QUEENS,11358.0,2022,2,Friday,0.0,Low
2024-07-01,22:06,40.585772999999996,-73.940445,,0.0,0,0,0,0,0,0,0,Driver Inattention/Distraction,Sedan,BROOKLYN,11235.0,2024,7,Monday,0.0,Low
2022-06-07,17:24,40.680492,-73.915565,,0.0,0,0,0,0,0,0,0,Unspecified,Sedan,BROOKLYN,11233.0,2022,6,Tuesday,0.0,Low
2023-04-07,03:30,40.74185,-74.00336999999999,,0.0,0,0,0,0,0,0,0,Passing or Lane Usage Improper,Taxi,MANHATTAN,10011.0,2023,4,Friday,0.0,Low
2022-06-28,09:10,40.720444,-73.94272600000001,,0.0,0,0,0,0,0,0,0,Passing Too Closely,Sedan,BROOKLYN,11222.0,2022,6,Tuesday,0.0,Low
2021-05-27,15:50,40.704746,-73.91404,CYPRESS AVENUE,0.0,0,0,0,0,0,0,0,Backing Unsafely,Sedan,Unknown,,2021,5,Thursday,0.0,Low
2024-11-22,20:30,40.81,-73.92461,,0.0,0,0,0,0,0,0,0,Backing Unsafely,Station Wagon/Sport Utility Vehicle,BRONX,10454.0,2024,11,Friday,0.0,Low
2022-08-11,05:00,0.0,0.0,BROADWAY,0.0,0,0,0,0,0,0,0,Unsafe Speed,Sedan,Unknown,,2022,8,Thursday,0.0,Low
2026-08-01,06:27,40.682762,-73.935005,LEWIS AVE,0.0,0,1,0,0,0,0,0,Failure to Yield Right-of-Way,Sedan,BROOKLYN,11233.0,2026,8,Saturday,0.0,Low
2022-05-26,12:00,40.692046999999995,-73.96419,,0.0,0,0,0,0,0,0,0,Driver Inattention/Distraction,Station Wagon/Sport Utility Vehicle,BROOKLYN,11205.0,2022,5,Thursday,0.0,Low
2025-07-06,15:40,40.724340000000005,-73.72463,CITY LIMIT,0.0,0,0,0,0,0,0,0,Unspecified,Sedan,Unknown,,2025,7,Sunday,0.0,Low
2023-11-10,05:00,40.66552,-73.74467,BELT PARKWAY,0.0,0,0,0,0,0,0,0,Driver Inattention/Distraction,Station Wagon/Sport Utility Vehicle,Unknown,,2023,11,Friday,0.0,Low
2025-11-14,08:00,40.682957,-73.88929,SUNNYSIDE AVE,0.0,0,0,0,0,0,1,0,Unspecified,Station Wagon/Sport Utility Vehicle,BROOKLYN,11207.0,2025,11,Friday,0.0,Low
2022-03-18,16:20,40.770527,-73.98012,CENTRAL PARK WEST,0.0,0,0,0,0,0,0,0,Driver Inattention/Distraction,Sedan,Unknown,,2022,3,Friday,0.0,Low
2023-12-28,12:28,40.67553,-73.974754,,0.0,0,0,0,1,0,0,0,Driver Inattention/Distraction,Convertible,BROOKLYN,11217.0,2023,12,Thursday,0.0,Low
2022-07-17,23:32,40.5953,-74.06286999999999,CAPODANNO BOULEVARD,0.0,0,0,0,0,0,0,0,Unsafe Speed,Station Wagon/Sport Utility Vehicle,STATEN ISLAND,10305.0,2022,7,Sunday,0.0,Low
2022-06-09,13:35,40.6082,-73.920715,FLATBUSH AVENUE,0.0,0,0,0,0,0,0,0,Passing or Lane Usage Improper,Sedan,BROOKLYN,11234.0,2022,6,Thursday,0.0,Low
2021-11-04,21:30,40.802696000000005,-73.949196,LENOX AVENUE,0.0,0,0,0,0,0,0,0,Turning Improperly,Sedan,MANHATTAN,10026.0,2021,11,Thursday,0.0,Low
2023-04-29,20:30,40.775375,-73.774956,,0.0,0,0,0,0,0,0,0,Driver Inattention/Distraction,Sedan,QUEENS,11360.0,2023,4,Saturday,0.0,Low
2021-09-15,14:58,40.70159,-73.94875,HARRISON AVENUE,0.0,0,1,0,0,0,0,0,Failure to Yield Right-of-Way,Unknown,BROOKLYN,11206.0,2021,9,Wednesday,0.0,Low
2025-05-02,15:03,40.87689,-73.88453,,0.0,0,0,0,0,0,1,0,Other Vehicular,Station Wagon/Sport Utility Vehicle,BRONX,10458.0,2025,5,Friday,0.0,Low
2024-04-18,22:40,40.724552,-73.72452,CROSS ISLAND PARKWAY,0.0,0,0,0,0,0,4,0,Following Too Closely,Sedan,Unknown,,2024,4,Thursday,0.0,Low
2023-11-23,00:35,40.600570000000005,-73.74624,,0.0,0,0,0,0,0,0,0,Outside Car Distraction,Station Wagon/Sport Utility Vehicle,QUEENS,11691.0,2023,11,Thursday,0.0,Low
2025-08-28,14:50,40.83526,-73.8577,,0.0,0,0,0,0,0,1,0,Driver Inattention/Distraction,Station Wagon/Sport Utility Vehicle,BRONX,10462.0,2025,8,Thursday,0.0,Low
2022-01-25,15:51,40.719482,-73.81058,153 STREET,0.0,0,0,0,0,0,0,0,Driver Inattention/Distraction,Sedan,QUEENS,11367.0,2022,1,Tuesday,0.0,Low
2025-12-18,18:10,40.886078000000005,-73.9025,W 238 ST,0.0,0,1,0,0,0,0,0,Traffic Control Disregarded,Station Wagon/Sport Utility Vehicle,BRONX,10463.0,2025,12,Thursday,0.0,Low
2021-08-11,10:17,40.708977000000004,-73.90184,LINDEN STREET,0.0,0,0,0,0,0,0,0,Following Too Closely,Station Wagon/Sport Utility Vehicle,QUEENS,11385.0,2021,8,Wednesday,0.0,Low
2025-12-24,11:51,40.611633000000005,-73.96289,,0.0,0,0,0,0,0,1,0,Driver Inattention/Distraction,Station Wagon/Sport Utility Vehicle,BROOKLYN,11230.0,2025,12,Wednesday,0.0,Low
2022-06-26,04:49,40.598083,-73.99784,,0.0,0,0,0,0,0,0,0,Driver Inattention/Distraction,Sedan,BROOKLYN,11214.0,2022,6,Sunday,0.0,Low
2022-01-27,16:18,40.82751,-73.92495,EAST 161 STREET,0.0,0,0,0,0,0,0,0,Passenger Distraction,Sedan,BRONX,10451.0,2022,1,Thursday,0.0,Low
2023-03-20,09:10,40.880134999999996,-73.90394599999999,WEST 232 STREET,0.0,0,0,0,0,0,0,0,Unspecified,Station Wagon/Sport Utility Vehicle,BRONX,10463.0,2023,3,Monday,0.0,Low
2023-01-20,01:15,40.769432,-73.91216999999999,GRAND CENTRAL PKWY,0.0,0,0,0,0,0,0,0,Unsafe Lane Changing,Station Wagon/Sport Utility Vehicle,Unknown,,2023,1,Friday,0.0,Low
2022-02-23,20:40,40.72938,-73.71066,87 ROAD,0.0,0,0,0,0,0,0,0,Unspecified,Sedan,Unknown,,2022,2,Wednesday,0.0,Low
2021-08-18,17:39,40.852383,-73.92048,SEDGWICK AVENUE,0.0,0,0,0,0,0,1,0,Unspecified,Sedan,Unknown,,2021,8,Wednesday,0.0,Low
2025-03-28,20:00,40.576879999999996,-73.95286999999999,ORIENTAL BLVD,0.0,0,0,0,0,0,0,0,Alcohol Involvement,Station Wagon/Sport Utility Vehicle,BROOKLYN,11235.0,2025,3,Friday,0.0,Low
2026-01-01,07:10,40.709877,-73.91689000000001,,0.0,0,0,0,0,0,0,0,Unsafe Speed,Sedan,QUEENS,11385.0,2026,1,Thursday,0.0,Low
2021-08-12,09:15,40.765015000000005,-73.98484,,0.0,0,0,0,0,0,0,0,Unspecified,Station Wagon/Sport Utility Vehicle,MANHATTAN,10019.0,2021,8,Thursday,0.0,Low
2024-10-01,09:53,40.687984,-73.99443000000001,,0.0,0,0,0,0,0,0,0,Passing Too Closely,Sedan,BROOKLYN,11201.0,2024,10,Tuesday,0.0,Low
2025-07-10,19:00,40.736916,-73.867836,94 ST,0.0,0,0,0,0,0,0,0,Unspecified,Sedan,Unknown,,2025,7,Thursday,0.0,Low
2022-10-13,21:00,40.706215,-73.75648000000001,201 STREET,0.0,0,1,0,0,0,0,0,Failure to Yield Right-of-Way,Unknown,Unknown,,2022,10,Thursday,0.0,Low
2025-04-10,01:03,40.664047,-73.88811,VAN SICLEN AVE,0.0,0,0,0,0,0,0,0,Driver Inattention/Distraction,Station Wagon/Sport Utility Vehicle,BROOKLYN,11207.0,2025,4,Thursday,0.0,Low
2022-03-26,21:10,40.662247,-73.93151999999999,,0.0,0,0,0,0,0,0,0,Driver Inexperience,Station Wagon/Sport Utility Vehicle,BROOKLYN,11203.0,2022,3,Saturday,0.0,Low
2024-03-01,21:20,40.673992,-73.73508000000001,LAURELTON PARKWAY,0.0,0,0,0,0,0,2,0,Driver Inattention/Distraction,Station Wagon/Sport Utility Vehicle,Unknown,,2024,3,Friday,0.0,Low
2025-05-07,01:45,40.65405,-73.95971999999999,,0.0,0,0,0,0,0,4,0,Unspecified,Station Wagon/Sport Utility Vehicle,BROOKLYN,11226.0,2025,5,Wednesday,0.0,Low
2023-01-17,05:04,40.65945,-73.89846999999999,NEW LOTS AVENUE,0.0,0,0,0,0,0,0,0,Turning Improperly,Sedan,BROOKLYN,11207.0,2023,1,Tuesday,0.0,Low
2023-06-07,15:00,40.629593,-73.996735,,0.0,0,0,0,0,0,0,0,Unspecified,Station Wagon/Sport Utility Vehicle,BROOKLYN,11219.0,2023,6,Wednesday,0.0,Low
2026-11-02,18:55,40.685493,-73.97575,,0.0,0,0,0,0,0,0,0,Unspecified,Sedan,BROOKLYN,11217.0,2026,11,Monday,0.0,Low
2021-02-22,15:41,40.701656,-73.96061999999999,WILLIAMSBURG STREET EAST        ,0.0,0,0,0,0,0,0,0,Driver Inattention/Distraction,Sedan,BROOKLYN,11249.0,2021,2,Monday,0.0,Low
2021-08-19,03:45,40.72804,-73.83171,JEWEL AVENUE,0.0,0,0,0,0,0,0,0,Driver Inattention/Distraction,Sedan,Unknown,,2021,8,Thursday,0.0,Low
2026-03-17,20:00,40.823048,-73.88593,,0.0,0,0,0,0,0,0,0,Driver Inattention/Distraction,Station Wagon/Sport Utility Vehicle,BRONX,10459.0,2026,3,Tuesday,0.0,Low
2024-11-06,08:15,40.601734,-73.935036,AVENUE U,0.0,0,0,0,0,0,1,0,Unspecified,Station Wagon/Sport Utility Vehicle,Unknown,,2024,11,Wednesday,0.0,Low
2025-09-25,16:00,40.742474,-73.95276,JACKSON AVE,0.0,0,0,0,0,0,0,0,Unspecified,Sedan,Unknown,,2025,9,Thursday,0.0,Low
2024-03-20,16:45,40.7722,-73.89408,,0.0,0,0,0,0,0,0,0,Driver Inattention/Distraction,Sedan,QUEENS,11370.0,2024,3,Wednesday,0.0,Low
2024-05-21,18:23,40.655563,-73.87974,FLATLANDS AVENUE,0.0,0,0,0,0,0,0,0,Unspecified,Sedan,BROOKLYN,11207.0,2024,5,Tuesday,0.0,Low
2021-11-23,12:16,40.829105,-73.91863000000001,SHERMAN AVENUE,0.0,0,0,0,0,0,0,0,Driver Inattention/Distraction,Sedan,BRONX,10456.0,2021,11,Tuesday,0.0,Low
2022-02-13,03:40,40.844814,-73.891655,,0.0,0,0,0,0,0,0,0,Driver Inattention/Distraction,Sedan,BRONX,10457.0,2022,2,Sunday,0.0,Low
2025-08-04,16:50,40.66591,-73.91853,GRAFTON ST,0.0,0,0,0,0,0,0,0,Unspecified,Pick-up Truck,BROOKLYN,11212.0,2025,8,Monday,0.0,Low
2023-07-06,16:38,40.78095,-73.96117,,0.0,0,0,0,0,0,2,0,Lost Consciousness,Station Wagon/Sport Utility Vehicle,MANHATTAN,10000.0,2023,7,Thursday,0.0,Low
2021-05-03,10:25,40.587055,-74.16431,,0.0,0,1,0,0,0,0,0,Driver Inattention/Distraction,Station Wagon/Sport Utility Vehicle,Unknown,,2021,5,Monday,0.0,Low
2025-03-20,17:58,40.644478,-73.95764,,0.0,0,0,0,0,0,0,0,Backing Unsafely,Sedan,BROOKLYN,11226.0,2025,3,Thursday,0.0,Low
2024-03-21,07:37,40.824065999999995,-73.908714,3 AVENUE,0.0,0,1,0,0,0,0,0,Unspecified,Sedan,BRONX,10456.0,2024,3,Thursday,0.0,Low
2024-03-17,21:00,40.728794,-73.79868,73 AVENUE,0.0,0,0,0,0,0,2,0,Unsafe Speed,Sedan,QUEENS,11366.0,2024,3,Sunday,0.0,Low
2021-04-12,12:30,40.814636,-73.920334,EAST 146 STREET,0.0,0,1,0,0,0,0,0,Unsafe Speed,Unknown,Unknown,,2021,4,Monday,0.0,Low
2023-09-07,06:10,40.784622,-73.91648,SHORE BOULEVARD,0.0,0,0,0,0,0,0,0,Driverless/Runaway Vehicle,Pick-up Truck,QUEENS,11105.0,2023,9,Thursday,0.0,Low
2022-09-13,12:45,40.76514,-73.813675,,0.0,0,1,0,0,0,0,0,Failure to Yield Right-of-Way,Station Wagon/Sport Utility Vehicle,QUEENS,11354.0,2022,9,Tuesday,0.0,Low
2023-07-15,05:19,40.76023,-73.91468,,0.0,0,0,0,0,0,0,0,Driver Inexperience,Station Wagon/Sport Utility Vehicle,QUEENS,11103.0,2023,7,Saturday,0.0,Low
2024-09-03,06:33,40.715668,-73.97907,DELANCEY STREET,0.0,0,0,0,0,0,0,0,Unsafe Lane Changing,Sedan,Unknown,,2024,9,Tuesday,0.0,Low
2021-05-18,19:50,40.730057,-73.999374,WEST 3 STREET,0.0,0,0,0,0,0,1,0,Traffic Control Disregarded,Station Wagon/Sport Utility Vehicle,Unknown,,2021,5,Tuesday,0.0,Low
2024-09-29,08:00,40.739933,-73.84579000000001,LONG ISLAND EXPRESSWAY,0.0,0,0,0,0,0,1,0,Driver Inattention/Distraction,Sedan,Unknown,,2024,9,Sunday,0.0,Low
2021-07-25,18:40,40.708694,-73.92071,CYPRESS AVENUE,0.0,0,0,0,0,0,0,0,Driver Inattention/Distraction,Station Wagon/Sport Utility Vehicle,Unknown,,2021,7,Sunday,0.0,Low
2023-11-20,22:19,40.768646000000004,-73.96983,EAST 66 STREET,0.0,0,0,0,0,0,3,0,Other Vehicular,Taxi,MANHATTAN,10065.0,2023,11,Monday,0.0,Low
2023-07-22,02:04,40.66618,-73.905975,STONE AVENUE,0.0,0,0,0,0,0,3,0,Unsafe Speed,Sedan,BROOKLYN,11212.0,2023,7,Saturday,0.0,Low
2021-11-06,10:00,40.845009999999995,-73.93346,,0.0,0,0,0,0,0,0,0,Unspecified,Station Wagon/Sport Utility Vehicle,MANHATTAN,10033.0,2021,11,Saturday,0.0,Low
2021-11-04,08:30,40.74901,-73.83465,VAN WYCK EXPWY                  ,0.0,0,0,0,0,0,0,0,Driver Inexperience,Sedan,Unknown,,2021,11,Thursday,0.0,Low
2023-03-11,19:30,40.853477000000005,-73.82621999999999,BRUCKNER EXPRESSWAY,0.0,0,0,0,0,0,2,0,Unspecified,Station Wagon/Sport Utility Vehicle,Unknown,,2023,3,Saturday,0.0,Low
2023-04-11,10:10,40.645325,-73.91299000000001,AVENUE D,0.0,0,0,0,0,0,0,0,Failure to Yield Right-of-Way,Sedan,BROOKLYN,11236.0,2023,4,Tuesday,0.0,Low
2021-08-06,08:50,40.743675,-73.88710999999999,78 STREET,0.0,0,0,0,0,0,0,0,Traffic Control Disregarded,Sedan,QUEENS,11373.0,2021,8,Friday,0.0,Low
2023-08-28,13:35,40.70321,-73.94626,BROADWAY,0.0,0,0,0,0,0,2,0,Driver Inattention/Distraction,Sedan,BROOKLYN,11206.0,2023,8,Monday,0.0,Low
2022-03-15,20:00,40.810287,-73.90416,,0.0,0,0,0,0,0,0,0,Unspecified,TRUCK,BRONX,10455.0,2022,3,Tuesday,0.0,Low
2023-05-16,18:30,40.763259999999995,-73.91553,,0.0,0,0,0,0,0,0,0,Unspecified,Sedan,QUEENS,11103.0,2023,5,Tuesday,0.0,Low
2024-01-29,08:40,40.60337,-73.97983599999999,HIGHLAWN AVENUE,0.0,0,0,0,1,0,0,0,Backing Unsafely,Station Wagon/Sport Utility Vehicle,BROOKLYN,11223.0,2024,1,Monday,0.0,Low
2024-06-26,20:00,40.706444,-73.926834,VARICK AVENUE,0.0,0,0,0,0,0,0,0,Driver Inattention/Distraction,Sedan,BROOKLYN,11237.0,2024,6,Wednesday,0.0,Low
2021-06-15,20:55,40.83566,-73.840034,COMMERCE AVENUE,0.0,0,1,0,0,0,0,0,Unspecified,Sedan,BRONX,10462.0,2021,6,Tuesday,0.0,Low
2024-08-09,12:50,40.710808,-73.92313399999999,,0.0,0,0,0,0,0,0,0,Other Vehicular,Station Wagon/Sport Utility Vehicle,BROOKLYN,11237.0,2024,8,Friday,0.0,Low
2022-01-12,08:29,40.872314,-73.91274,BROADWAY,0.0,0,0,0,0,0,1,0,Traffic Control Disregarded,Station Wagon/Sport Utility Vehicle,MANHATTAN,10034.0,2022,1,Wednesday,0.0,Low
2024-07-06,16:17,40.83321,-73.90643,,0.0,0,0,0,0,0,0,0,Passing Too Closely,Sedan,BRONX,10456.0,2024,7,Saturday,0.0,Low
2023-04-05,19:32,40.65011,-73.930214,UTICA AVENUE,0.0,0,0,0,0,0,0,0,Unspecified,Taxi,BROOKLYN,11203.0,2023,4,Wednesday,0.0,Low
2026-01-28,16:08,40.57593,-73.98992,,0.0,0,0,0,0,0,0,0,Pavement Slippery,Sedan,BROOKLYN,11224.0,2026,1,Wednesday,0.0,Low
2025-07-08,07:40,40.703666999999996,-73.926895,KNICKERBOCKER AVE,0.0,0,1,0,0,0,1,0,Failure to Yield Right-of-Way,Van,BROOKLYN,11237.0,2025,7,Tuesday,0.0,Low
2021-11-30,00:50,40.679676,-73.87864,ATLANTIC AVENUE,0.0,0,0,0,0,0,2,0,Driver Inattention/Distraction,Sedan,BROOKLYN,11208.0,2021,11,Tuesday,0.0,Low
2025-08-27,06:43,40.75696,-73.870674,,0.0,0,0,0,0,0,3,0,Driver Inattention/Distraction,Sedan,QUEENS,11368.0,2025,8,Wednesday,0.0,Low
2022-01-01,04:32,40.719997,-73.83379000000001,GRAND CENTRAL PKWY,0.0,0,0,0,0,0,1,0,Unspecified,Sedan,Unknown,,2022,1,Saturday,0.0,Low
2024-08-22,14:30,40.832764000000005,-73.94583,WEST 155 STREET,0.0,0,0,0,0,0,1,0,Failure to Yield Right-of-Way,Sedan,MANHATTAN,10032.0,2024,8,Thursday,0.0,Low
2026-03-02,06:20,40.633465,-73.97665400000001,,0.0,0,0,0,0,0,0,0,Unspecified,Station Wagon/Sport Utility Vehicle,BROOKLYN,11218.0,2026,3,Monday,0.0,Low
2026-01-22,17:20,40.667995,-73.89954,,0.0,0,0,0,0,0,0,0,Unspecified,Station Wagon/Sport Utility Vehicle,BROOKLYN,11207.0,2026,1,Thursday,0.0,Low
2024-01-04,21:10,40.658443,-73.884125,,0.0,0,0,0,0,0,0,0,Driver Inattention/Distraction,Sedan,BROOKLYN,11207.0,2024,1,Thursday,0.0,Low
2023-07-29,21:50,40.860462,-73.907,,0.0,0,0,0,0,0,3,0,Turning Improperly,Station Wagon/Sport Utility Vehicle,BRONX,10468.0,2023,7,Saturday,0.0,Low
2022-05-20,02:00,40.757385,-73.88855,32 AVENUE,0.0,0,0,0,0,0,0,0,Unspecified,Sedan,QUEENS,11370.0,2022,5,Friday,0.0,Low
2024-08-07,13:45,40.655743,-73.85908,BELT PARKWAY,0.0,0,0,0,0,0,4,0,Reaction to Uninvolved Vehicle,Sedan,Unknown,,2024,8,Wednesday,0.0,Low
2025-01-24,17:45,40.758873,-73.82064,SANFORD AVE,0.0,0,0,0,0,0,0,0,Backing Unsafely,Station Wagon/Sport Utility Vehicle,QUEENS,11355.0,2025,1,Friday,0.0,Low
2023-04-05,18:32,40.805153000000004,-73.95111999999999,WEST 119 STREET,0.0,0,0,0,0,0,0,0,Traffic Control Disregarded,Station Wagon/Sport Utility Vehicle,Unknown,,2023,4,Wednesday,0.0,Low
2023-10-26,15:10,40.680244,-73.87661,ATLANTIC AVENUE,0.0,0,0,0,0,0,1,0,Following Too Closely,Station Wagon/Sport Utility Vehicle,BROOKLYN,11208.0,2023,10,Thursday,0.0,Low
2022-03-11,17:20,40.71232,-73.73201999999999,222 STREET,0.0,0,0,0,0,0,0,0,Driver Inattention/Distraction,Sedan,QUEENS,11429.0,2022,3,Friday,0.0,Low
2021-09-29,22:25,40.718272999999996,-73.90219,FRESH POND ROAD,0.0,0,0,0,0,0,1,0,Other Vehicular,Moped,QUEENS,11378.0,2021,9,Wednesday,0.0,Low
2025-06-16,17:20,40.871445,-73.89732,W 197 ST,0.0,0,1,0,0,0,0,0,Unspecified,Sedan,BRONX,10468.0,2025,6,Monday,0.0,Low
2023-10-21,17:25,40.639365999999995,-73.95454000000001,,0.0,0,1,0,0,0,0,0,Backing Unsafely,Station Wagon/Sport Utility Vehicle,BROOKLYN,11226.0,2023,10,Saturday,0.0,Low
2024-10-18,22:42,40.695282,-73.84114,106 STREET,0.0,0,0,0,0,0,0,0,Failure to Yield Right-of-Way,Dump,QUEENS,11418.0,2024,10,Friday,0.0,Low
2026-02-23,09:30,40.781853000000005,-73.82523,WHITESTONE EXPRESSWAY,0.0,0,0,0,0,0,1,0,Driver Inattention/Distraction,Station Wagon/Sport Utility Vehicle,Unknown,,2026,2,Monday,0.0,Low
2021-02-15,00:10,40.64608,-73.89564,,0.0,0,0,0,0,0,0,0,Passing or Lane Usage Improper,Sedan,BROOKLYN,11236.0,2021,2,Monday,0.0,Low
2021-06-21,17:05,40.771515,-73.93128,12 STREET,0.0,0,0,0,0,0,0,0,Unspecified,Sedan,QUEENS,11102.0,2021,6,Monday,0.0,Low
2022-08-08,16:33,40.679844,-73.99856,,0.0,0,0,0,0,0,0,0,Driver Inattention/Distraction,Sedan,BROOKLYN,11231.0,2022,8,Monday,0.0,Low
2021-08-08,23:43,40.74264,-73.86986999999999,,0.0,0,0,0,0,0,0,0,Unspecified,Sedan,QUEENS,11373.0,2021,8,Sunday,0.0,Low
2023-05-28,00:00,40.89481,-73.86183,BRONX RIVER PARKWAY,0.0,0,0,0,0,0,0,0,Failure to Yield Right-of-Way,Sedan,BRONX,10466.0,2023,5,Sunday,0.0,Low
2024-02-18,12:52,40.6686,-73.909164,,0.0,0,0,0,0,0,0,0,Unspecified,Sedan,BROOKLYN,11212.0,2024,2,Sunday,0.0,Low
2026-05-02,09:48,40.586643,-73.8209,BEACH 98 ST,0.0,0,0,0,0,0,1,0,Following Too Closely,Sedan,QUEENS,11694.0,2026,5,Saturday,0.0,Low
2024-06-29,15:27,40.621113,-73.93101999999999,AVENUE M,0.0,0,0,0,0,0,0,0,Failure to Yield Right-of-Way,Sedan,Unknown,,2024,6,Saturday,0.0,Low
2021-04-25,16:55,40.667235999999995,-73.770004,BELT PARKWAY,0.0,0,0,0,0,0,0,0,Following Too Closely,Sedan,Unknown,,2021,4,Sunday,0.0,Low
2021-04-05,17:30,40.641182,-73.9712,AVENUE C,0.0,0,0,0,0,0,0,0,Unsafe Lane Changing,Station Wagon/Sport Utility Vehicle,BROOKLYN,11218.0,2021,4,Monday,0.0,Low
2024-05-03,07:55,40.654133,-73.91234,ROCKAWAY PARKWAY,0.0,0,0,0,0,0,0,0,Unspecified,Sedan,BROOKLYN,11212.0,2024,5,Friday,0.0,Low
2024-04-28,19:50,40.650402,-73.89421999999999,EAST 108 STREET,0.0,0,0,0,0,0,3,0,Following Too Closely,Sedan,Unknown,,2024,4,Sunday,0.0,Low
2022-03-01,23:54,40.668797,-73.93113000000001,EASTERN PARKWAY,0.0,0,0,0,0,0,4,0,Traffic Control Disregarded,Sedan,BROOKLYN,11213.0,2022,3,Tuesday,0.0,Low
2023-07-17,23:15,40.742509999999996,-73.7299,CROSS ISLAND PARKWAY,0.0,0,0,0,0,0,1,0,Following Too Closely,Station Wagon/Sport Utility Vehicle,Unknown,,2023,7,Monday,0.0,Low
2023-05-13,22:49,40.84506,-73.916855,CROSS BRONX EXPY,0.0,0,0,0,0,0,0,0,Unsafe Lane Changing,Sedan,Unknown,,2023,5,Saturday,0.0,Low
2021-07-14,13:50,40.7842,-73.942215,FDR DRIVE,0.0,0,0,0,0,0,0,0,Unsafe Lane Changing,Sedan,Unknown,,2021,7,Wednesday,0.0,Low
2025-07-05,19:58,40.724308,-73.84257,JEWEL AVE,0.0,0,0,0,1,0,0,0,Driver Inattention/Distraction,Bike,QUEENS,11375.0,2025,7,Saturday,0.0,Low
2025-04-25,10:00,40.847366,-73.8995,E TREMONT AVE,0.0,0,0,0,0,0,1,0,Other Vehicular,Sedan,BRONX,10457.0,2025,4,Friday,0.0,Low
2023-07-13,11:30,40.794926000000004,-73.97032,,0.0,0,0,0,0,0,0,0,Unspecified,Station Wagon/Sport Utility Vehicle,MANHATTAN,10025.0,2023,7,Thursday,0.0,Low
2021-10-02,17:57,40.585976,-73.93791,BELT PARKWAY                    ,0.0,0,0,0,0,0,1,0,Unsafe Speed,Sedan,Unknown,,2021,10,Saturday,0.0,Low
2023-11-21,22:05,40.611034000000004,-74.01349,BENSON AVENUE,0.0,0,0,0,0,0,0,0,Driver Inattention/Distraction,Sedan,BROOKLYN,11228.0,2023,11,Tuesday,0.0,Low
2025-01-12,16:00,40.628204,-74.012856,FORT HAMILTON PKWY,0.0,0,0,0,0,0,0,0,Unspecified,Pick-up Truck,BROOKLYN,11228.0,2025,1,Sunday,0.0,Low
2021-12-08,19:10,40.672405,-73.730515,244 STREET,0.0,0,0,0,0,0,1,0,Driver Inattention/Distraction,Sedan,QUEENS,11422.0,2021,12,Wednesday,0.0,Low
2022-09-13,19:54,40.584476,-73.97261999999999,,0.0,0,0,0,0,0,0,0,Unspecified,Sedan,BROOKLYN,11223.0,2022,9,Tuesday,0.0,Low
2023-10-11,14:50,40.808575,-73.88589499999999,COSTER STREET,0.0,0,0,0,0,0,0,0,Passing Too Closely,Sedan,BRONX,10474.0,2023,10,Wednesday,0.0,Low
2026-03-02,08:51,40.85192,-73.90133,,0.0,0,0,0,0,0,0,0,Unspecified,Station Wagon/Sport Utility Vehicle,BRONX,10457.0,2026,3,Monday,0.0,Low
2025-12-02,16:15,40.772240000000004,-73.92743,18 ST,0.0,0,0,0,0,0,0,0,Driver Inattention/Distraction,Sedan,QUEENS,11102.0,2025,12,Tuesday,0.0,Low
2021-08-08,19:00,40.86805,-73.90805,,0.0,0,0,0,0,0,0,0,Unspecified,Station Wagon/Sport Utility Vehicle,BRONX,10463.0,2021,8,Sunday,0.0,Low
2021-09-10,09:03,40.895374,-73.86355999999999,EAST 233 STREET,0.0,0,0,0,1,0,0,0,Unspecified,Bike,BRONX,10470.0,2021,9,Friday,0.0,Low
2023-01-08,12:11,40.745857,-73.98435,EAST 31 STREET,0.0,0,0,0,0,0,1,0,Unspecified,Sedan,MANHATTAN,10016.0,2023,1,Sunday,0.0,Low
2023-10-08,09:40,40.667522,-73.78063,NORTH CONDUIT AVENUE,0.0,0,0,0,0,0,0,0,Backing Unsafely,Station Wagon/Sport Utility Vehicle,Unknown,,2023,10,Sunday,0.0,Low
2021-12-18,04:12,40.680485,-73.774704,BAISLEY BOULEVARD,0.0,0,0,0,0,0,1,0,Brakes Defective,Sedan,QUEENS,11434.0,2021,12,Saturday,0.0,Low
2023-07-17,18:06,40.69599,-73.98321999999999,GOLD STREET,0.0,0,0,0,0,0,0,0,Driver Inattention/Distraction,Station Wagon/Sport Utility Vehicle,BROOKLYN,11201.0,2023,7,Monday,0.0,Low
2025-02-01,13:35,40.840195,-73.94306,W 165 ST,0.0,0,1,0,0,0,0,0,Unspecified,Taxi,MANHATTAN,10032.0,2025,2,Saturday,0.0,Low
2023-10-17,18:06,40.766357,-73.7811,CLEARVIEW EXPRESSWAY,0.0,0,0,0,0,0,1,0,Driver Inattention/Distraction,Sedan,Unknown,,2023,10,Tuesday,0.0,Low
2023-05-06,01:45,40.663887,-73.87827,,0.0,0,0,0,0,0,0,0,Driver Inattention/Distraction,Box Truck,BROOKLYN,11208.0,2023,5,Saturday,0.0,Low
2021-12-07,19:31,40.583690000000004,-73.92156999999999,BELT PARKWAY,0.0,0,0,0,0,0,1,0,Passing Too Closely,Sedan,Unknown,,2021,12,Tuesday,0.0,Low
2021-05-17,16:30,40.625403999999996,-74.13528000000001,,0.0,0,1,0,0,0,0,0,Unspecified,Station Wagon/Sport Utility Vehicle,Unknown,,2021,5,Monday,0.0,Low
2023-09-09,15:49,40.859974,-73.900795,MORRIS AVENUE,0.0,0,0,0,1,0,0,0,Driver Inattention/Distraction,Sedan,BRONX,10468.0,2023,9,Saturday,0.0,Low
2021-11-23,08:13,40.828114,-73.93106999999999,MAJOR DEEGAN EXPRESSWAY,0.0,0,0,0,0,0,1,0,Unsafe Lane Changing,Sedan,Unknown,,2021,11,Tuesday,0.0,Low
2022-10-24,18:53,40.662209999999995,-73.91959,,0.0,0,1,0,0,0,0,0,Failure to Yield Right-of-Way,Sedan,BROOKLYN,11212.0,2022,10,Monday,0.0,Low
2024-05-19,19:51,40.804527,-73.963554,,0.0,0,0,0,0,0,0,0,Backing Unsafely,Sedan,MANHATTAN,10025.0,2024,5,Sunday,0.0,Low
2024-01-21,17:23,40.698640000000005,-73.93819,BROADWAY,0.0,0,0,0,0,0,1,0,Driver Inattention/Distraction,Moped,Unknown,,2024,1,Sunday,0.0,Low
2026-02-20,18:39,40.761990000000004,-73.86933,100 ST,0.0,0,1,0,0,0,0,0,Unspecified,Dump,Unknown,,2026,2,Friday,0.0,Low
2025-01-31,08:40,40.620125,-73.9408,KINGS HWY,0.0,0,0,0,0,0,0,0,Driver Inexperience,Station Wagon/Sport Utility Vehicle,BROOKLYN,11234.0,2025,1,Friday,0.0,Low
2022-05-20,08:41,40.717659999999995,-74.007545,WORTH STREET,0.0,0,0,0,0,0,0,0,Driver Inattention/Distraction,Sedan,MANHATTAN,10013.0,2022,5,Friday,0.0,Low
2024-11-04,22:00,40.70663,-73.806595,HILLSIDE AVENUE,0.0,0,0,0,0,0,0,0,Unsafe Speed,Sedan,QUEENS,11432.0,2024,11,Monday,0.0,Low
2022-08-27,13:00,40.60752,-73.984665,,0.0,0,0,0,0,0,0,0,Passing Too Closely,Sedan,BROOKLYN,11204.0,2022,8,Saturday,0.0,Low
2023-05-12,15:26,40.67272,-73.8814,BELMONT AVENUE,0.0,0,0,0,0,0,1,0,Driver Inattention/Distraction,Station Wagon/Sport Utility Vehicle,BROOKLYN,11208.0,2023,5,Friday,0.0,Low
2021-07-29,02:15,40.81133,-73.96403000000001,WEST 120 STREET,0.0,0,0,0,0,0,0,0,Other Vehicular,Motorcycle,MANHATTAN,10027.0,2021,7,Thursday,0.0,Low
2025-08-04,12:06,40.5916,-73.96068000000001,CONEY ISLAND AVE,0.0,0,0,0,0,0,0,0,Passing Too Closely,Sedan,BROOKLYN,11235.0,2025,8,Monday,0.0,Low
2021-08-25,18:40,40.81423,-73.93444000000001,HARLEM RIVER DRIVE,0.0,0,0,0,0,0,1,0,Driver Inattention/Distraction,Sedan,Unknown,,2021,8,Wednesday,0.0,Low
2022-02-14,19:23,40.680668,-73.84273,ROCKAWAY BOULEVARD,0.0,0,0,0,0,0,1,0,Failure to Yield Right-of-Way,Sedan,Unknown,,2022,2,Monday,0.0,Low
2025-07-02,15:30,40.75843,-73.99263,W 42 ST,0.0,0,1,0,0,0,0,0,Pedestrian/Bicyclist/Other Pedestrian Error/Confusion,HOVERBOARD,MANHATTAN,10036.0,2025,7,Wednesday,0.0,Low
2025-12-05,09:30,40.70467,-73.80565,150 ST,0.0,0,0,0,1,0,0,0,Failure to Yield Right-of-Way,Station Wagon/Sport Utility Vehicle,QUEENS,11432.0,2025,12,Friday,0.0,Low
2024-06-09,12:46,40.849342,-73.941124,CROSS BRONX EXPY,0.0,0,0,0,0,0,0,0,Passing Too Closely,Tractor Truck Diesel,Unknown,,2024,6,Sunday,0.0,Low
2023-04-21,18:05,40.604927,-74.02372,BELT PARKWAY,0.0,0,0,0,0,0,1,0,Following Too Closely,Station Wagon/Sport Utility Vehicle,Unknown,,2023,4,Friday,0.0,Low
2025-05-27,01:00,40.594615999999995,-73.99743000000001,BELT PARKWAY,0.0,0,0,0,0,0,5,0,Brakes Defective,Sedan,Unknown,,2025,5,Tuesday,0.0,Low
2024-12-18,18:55,40.723335,-73.93888000000001,BROOKLYN QUEENS EXPRESSWAY,0.0,0,0,0,0,0,0,0,Unsafe Speed,Station Wagon/Sport Utility Vehicle,Unknown,,2024,12,Wednesday,0.0,Low
2026-01-19,08:28,40.699856,-73.84062,85 AVE,0.0,0,0,0,0,0,4,0,Failure to Yield Right-of-Way,Sedan,QUEENS,11418.0,2026,1,Monday,0.0,Low
2023-03-19,21:57,40.615913,-74.08273,,0.0,0,0,0,0,0,0,0,Alcohol Involvement,Sedan,STATEN ISLAND,10304.0,2023,3,Sunday,0.0,Low
2022-06-15,03:50,40.76275,-73.83434,NORTHERN BOULEVARD,0.0,0,0,0,0,0,0,0,Passing or Lane Usage Improper,Station Wagon/Sport Utility Vehicle,Unknown,,2022,6,Wednesday,0.0,Low
2022-12-28,17:25,40.611767,-73.97638,24 AVENUE,0.0,0,0,0,1,0,0,0,Failure to Yield Right-of-Way,Station Wagon/Sport Utility Vehicle,BROOKLYN,11204.0,2022,12,Wednesday,0.0,Low
2025-01-21,10:05,40.6094,-74.11655999999999,SLOSSON AVE,0.0,0,0,0,0,0,0,0,Driver Inattention/Distraction,Station Wagon/Sport Utility Vehicle,STATEN ISLAND,10314.0,2025,1,Tuesday,0.0,Low
2022-08-30,23:15,40.674934,-73.80185999999999,VAN WYCK EXPWY,0.0,0,0,0,0,0,1,0,Failure to Yield Right-of-Way,Sedan,Unknown,,2022,8,Tuesday,0.0,Low
2023-06-16,11:49,40.67625,-73.95308,BEDFORD AVENUE,0.0,0,0,0,0,0,1,0,Driver Inattention/Distraction,Station Wagon/Sport Utility Vehicle,Unknown,,2023,6,Friday,0.0,Low
2025-08-25,08:00,40.85412,-73.8909,E 183 ST,0.0,0,0,0,0,0,0,0,Passing Too Closely,Station Wagon/Sport Utility Vehicle,BRONX,10457.0,2025,8,Monday,0.0,Low
2025-03-28,15:08,40.75207,-73.70479,,0.0,0,0,0,0,0,0,0,Unspecified,Sedan,QUEENS,11040.0,2025,3,Friday,0.0,Low
2021-05-14,10:00,40.823170000000005,-73.9275,EAST 153 STREET,0.0,0,0,0,0,0,0,0,Unspecified,Sedan,BRONX,10451.0,2021,5,Friday,0.0,Low
2021-10-06,03:15,40.880527,-73.901794,MAJOR DEEGAN EXPRESSWAY,0.0,0,0,0,0,0,0,0,Unspecified,Station Wagon/Sport Utility Vehicle,Unknown,,2021,10,Wednesday,0.0,Low
2021-09-25,10:30,40.794734999999996,-73.96988,AMSTERDAM AVENUE,0.0,0,0,0,0,0,0,0,Passing or Lane Usage Improper,Station Wagon/Sport Utility Vehicle,Unknown,,2021,9,Saturday,0.0,Low
2021-10-31,19:41,40.60098,-73.75555,BEACH 22 STREET,0.0,0,0,0,0,0,0,0,Following Too Closely,Station Wagon/Sport Utility Vehicle,QUEENS,11691.0,2021,10,Sunday,0.0,Low
2022-02-12,13:00,40.82269,-73.91665,,0.0,0,0,0,0,0,0,0,Unspecified,Station Wagon/Sport Utility Vehicle,BRONX,10451.0,2022,2,Saturday,0.0,Low
2022-09-18,03:00,40.657641999999996,-73.8749,FLATLANDS AVENUE,0.0,0,0,0,0,0,1,0,Illnes,Sedan,BROOKLYN,11208.0,2022,9,Sunday,0.0,Low
2024-08-26,12:58,40.519127000000005,-74.19714,HYLAN BOULEVARD,0.0,0,0,0,0,0,2,0,Failure to Yield Right-of-Way,Sedan,STATEN ISLAND,10309.0,2024,8,Monday,0.0,Low
2021-05-19,12:30,40.669740000000004,-73.91043,,0.0,0,0,0,0,0,0,0,Unspecified,Dump,BROOKLYN,11212.0,2021,5,Wednesday,0.0,Low
2022-01-04,14:35,40.757156,-73.73643,,0.0,0,0,0,0,0,1,0,Backing Unsafely,Sedan,QUEENS,11362.0,2022,1,Tuesday,0.0,Low
2025-11-01,05:50,40.850006,-73.84543000000001,,0.0,0,1,0,0,0,0,0,Driver Inattention/Distraction,Station Wagon/Sport Utility Vehicle,BRONX,10461.0,2025,11,Saturday,0.0,Low
2021-07-18,02:00,40.675329999999995,-73.93609000000001,TROY AVENUE,0.0,0,0,0,0,0,0,0,Unspecified,Station Wagon/Sport Utility Vehicle,Unknown,,2021,7,Sunday,0.0,Low
2024-02-15,15:04,40.6752,-73.950005,NOSTRAND AVENUE,0.0,0,1,0,0,0,0,0,Driver Inattention/Distraction,Station Wagon/Sport Utility Vehicle,Unknown,,2024,2,Thursday,0.0,Low
2025-09-28,04:40,40.677498,-73.89532,FULTON ST,0.0,0,1,0,0,0,0,0,Unspecified,Sedan,BROOKLYN,11207.0,2025,9,Sunday,0.0,Low
2023-05-16,19:28,40.59769,-73.94704399999999,,0.0,0,0,0,0,0,2,0,Other Vehicular,Station Wagon/Sport Utility Vehicle,BROOKLYN,11229.0,2023,5,Tuesday,0.0,Low
2022-07-21,14:20,40.817314,-73.81623,,0.0,0,0,0,0,0,0,0,Unspecified,Station Wagon/Sport Utility Vehicle,BRONX,10465.0,2022,7,Thursday,0.0,Low
2025-03-09,17:53,40.587635,-74.09111999999999,HYLAN BLVD,0.0,0,1,0,0,0,0,0,Driver Inattention/Distraction,Sedan,STATEN ISLAND,10305.0,2025,3,Sunday,0.0,Low
2021-08-18,22:19,40.745728,-73.86213000000001,46 AVENUE,0.0,0,0,0,0,0,1,0,Backing Unsafely,Taxi,QUEENS,11368.0,2021,8,Wednesday,0.0,Low
2023-03-26,16:51,40.725975,-73.7575,GRAND CENTRAL PKWY,0.0,0,0,0,0,0,0,0,Unspecified,Sedan,Unknown,,2023,3,Sunday,0.0,Low
2022-08-21,20:04,40.721462,-73.804535,UNION TURNPIKE,0.0,0,1,0,0,0,0,0,Driver Inattention/Distraction,Station Wagon/Sport Utility Vehicle,QUEENS,11366.0,2022,8,Sunday,0.0,Low
2023-05-09,13:00,40.600809999999996,-73.9594,,0.0,0,0,0,0,0,0,0,Unspecified,Sedan,BROOKLYN,11229.0,2023,5,Tuesday,0.0,Low
2025-06-04,15:15,40.732777,-73.95484,,0.0,0,0,0,0,0,1,0,Pavement Slippery,Motorcycle,BROOKLYN,11222.0,2025,6,Wednesday,0.0,Low
2024-06-14,11:50,40.62307,-74.149315,,0.0,0,0,0,0,0,0,0,Driver Inattention/Distraction,Station Wagon/Sport Utility Vehicle,Unknown,,2024,6,Friday,0.0,Low
2021-01-05,14:30,40.769090000000006,-73.91521,,0.0,0,0,0,0,0,0,0,Backing Unsafely,Sedan,QUEENS,11103.0,2021,1,Tuesday,0.0,Low
2023-03-04,13:05,40.548813,-74.15434,SHERWOOD PLACE,0.0,0,1,0,0,0,0,0,Driver Inattention/Distraction,Sedan,STATEN ISLAND,10308.0,2023,3,Saturday,0.0,Low
2022-11-04,00:20,40.70584,-73.894104,,0.0,0,0,0,0,0,0,0,Unspecified,Sedan,QUEENS,11385.0,2022,11,Friday,0.0,Low
2026-03-15,17:34,0.0,0.0,,0.0,0,0,0,0,0,0,0,Unspecified,Station Wagon/Sport Utility Vehicle,QUEENS,11691.0,2026,3,Sunday,0.0,Low
2025-01-15,13:00,40.832390000000004,-73.86456,WESTCHESTER AVE,0.0,0,0,0,0,0,1,0,Failure to Yield Right-of-Way,Moped,BRONX,10472.0,2025,1,Wednesday,0.0,Low
2023-12-29,13:05,40.830154,-73.93964,WEST 155 STREET,0.0,0,1,0,0,0,0,0,Driver Inattention/Distraction,Sedan,Unknown,,2023,12,Friday,0.0,Low
2023-10-15,21:30,40.644863,-74.01748,3 AVENUE,0.0,0,0,0,0,0,0,0,Other Vehicular,Station Wagon/Sport Utility Vehicle,BROOKLYN,11220.0,2023,10,Sunday,0.0,Low
2022-01-06,20:00,40.66675,-73.90211,,0.0,0,1,0,0,0,0,0,Unspecified,Sedan,BROOKLYN,11212.0,2022,1,Thursday,0.0,Low
2022-03-29,12:30,40.69931,-73.83157,,0.0,0,0,0,0,0,0,0,Passing Too Closely,Station Wagon/Sport Utility Vehicle,QUEENS,11418.0,2022,3,Tuesday,0.0,Low
2024-12-16,23:23,40.664997,-73.84406,BELT PARKWAY,0.0,0,0,0,0,0,3,0,Unsafe Lane Changing,Sedan,Unknown,,2024,12,Monday,0.0,Low
2024-05-14,20:00,40.650387,-73.95872,FLATBUSH AVENUE,0.0,0,0,0,0,0,1,0,Unspecified,Box Truck,Unknown,,2024,5,Tuesday,0.0,Low
2022-05-01,14:00,40.738304,-73.94018,,0.0,0,0,0,0,0,0,0,Driver Inattention/Distraction,Sedan,QUEENS,11101.0,2022,5,Sunday,0.0,Low
2021-03-22,22:05,0.0,0.0,AVENUE A                        ,0.0,0,0,0,1,0,0,0,Traffic Control Disregarded,Sedan,MANHATTAN,10009.0,2021,3,Monday,0.0,Low
2023-04-27,22:23,40.83228,-73.871315,CROES AVENUE,0.0,0,0,0,0,0,2,0,Passenger Distraction,Sedan,BRONX,10472.0,2023,4,Thursday,0.0,Low
2023-11-21,13:30,40.667545000000004,-73.89672,,0.0,0,0,0,0,0,0,0,Other Vehicular,Tow Truck / Wrecker,BROOKLYN,11207.0,2023,11,Tuesday,0.0,Low
2023-11-18,18:30,40.666695000000004,-73.767136,SOUTH CONDUIT AVENUE,0.0,0,0,0,0,0,0,0,Traffic Control Disregarded,Station Wagon/Sport Utility Vehicle,QUEENS,11434.0,2023,11,Saturday,0.0,Low
2024-11-10,14:55,40.76229,-73.986115,WEST 50 STREET,0.0,0,1,0,0,0,0,0,Unknown,Bike,MANHATTAN,10019.0,2024,11,Sunday,0.0,Low
2021-07-11,17:30,40.718803,-73.95486,,0.0,0,0,0,0,0,0,0,Driver Inattention/Distraction,Station Wagon/Sport Utility Vehicle,BROOKLYN,11211.0,2021,7,Sunday,0.0,Low
2025-06-17,12:15,40.658854999999996,-73.76758000000001,,0.0,0,0,0,0,0,1,0,Traffic Control Disregarded,Sedan,Unknown,,2025,6,Tuesday,0.0,Low
2022-01-20,21:03,40.626903999999996,-73.99537,,0.0,0,0,0,0,0,0,0,Unspecified,Bus,BROOKLYN,11219.0,2022,1,Thursday,0.0,Low
2024-12-12,14:01,40.84519,-73.90073000000001,PARK AVE,0.0,0,0,0,0,0,1,0,Driver Inattention/Distraction,Motorcycle,BRONX,10457.0,2024,12,Thursday,0.0,Low
2024-07-07,16:00,40.694520000000004,-73.80079,,0.0,0,0,0,0,0,0,0,Turning Improperly,Sedan,QUEENS,11433.0,2024,7,Sunday,0.0,Low
2022-03-13,13:00,40.614033,-74.003204,16 AVENUE,0.0,0,0,0,0,0,0,0,Driver Inattention/Distraction,Station Wagon/Sport Utility Vehicle,BROOKLYN,11214.0,2022,3,Sunday,0.0,Low
2025-03-15,19:20,40.651333,-73.90606,ROCKAWAY AVE,0.0,0,0,0,0,0,1,0,Driver Inattention/Distraction,Station Wagon/Sport Utility Vehicle,Unknown,,2025,3,Saturday,0.0,Low
2021-09-16,23:05,40.842636,-73.84561,,0.0,0,0,0,0,0,0,0,Backing Unsafely,Sedan,BRONX,10461.0,2021,9,Thursday,0.0,Low
2022-06-19,12:55,40.803593,-73.919785,BRUCKNER BOULEVARD,0.0,0,0,0,0,0,0,0,Passing or Lane Usage Improper,Station Wagon/Sport Utility Vehicle,BRONX,10454.0,2022,6,Sunday,0.0,Low
2024-01-02,08:26,40.68039,-73.94955999999999,FULTON STREET,0.0,0,0,0,0,0,0,0,Driver Inattention/Distraction,Box Truck,Unknown,,2024,1,Tuesday,0.0,Low
2024-07-29,10:18,40.71362,-73.83038,KEW GARDEN ROAD,0.0,0,0,0,0,0,0,0,Driver Inexperience,Sedan,QUEENS,11415.0,2024,7,Monday,0.0,Low
2026-02-13,19:36,40.644054,-73.903984,E 95 ST,0.0,0,0,0,0,0,0,0,Unspecified,Bus,BROOKLYN,11236.0,2026,2,Friday,0.0,Low
2024-02-07,13:50,40.804584999999996,-73.91213,EAST 138 STREET,0.0,0,0,0,0,0,0,0,Failure to Yield Right-of-Way,Sedan,Unknown,,2024,2,Wednesday,0.0,Low
2021-12-10,08:46,40.8032165,-73.95253050000001,WEST 116 STREET,0.0,0,1,0,0,0,0,0,Driver Inattention/Distraction,Sedan,MANHATTAN,10026.0,2021,12,Friday,0.0,Low
2022-01-30,10:45,40.754055,-73.99583,WEST 35 STREET,0.0,0,0,0,0,0,0,0,Passing Too Closely,Station Wagon/Sport Utility Vehicle,Unknown,,2022,1,Sunday,0.0,Low
2023-03-19,14:00,40.837771999999994,-73.86007,,0.0,0,0,0,0,0,0,0,Unspecified,Station Wagon/Sport Utility Vehicle,BRONX,10462.0,2023,3,Sunday,0.0,Low
2023-08-18,16:20,40.746334000000004,-73.89633,ROOSEVELT AVENUE,0.0,0,0,0,0,0,1,0,Driver Inattention/Distraction,Sedan,QUEENS,11377.0,2023,8,Friday,0.0,Low
2022-06-17,15:25,40.66855,-73.990234,4 AVENUE,0.0,0,0,0,1,0,0,0,Failure to Yield Right-of-Way,Station Wagon/Sport Utility Vehicle,BROOKLYN,11215.0,2022,6,Friday,0.0,Low
2023-02-12,08:39,40.723003000000006,-73.94502,DRIGGS AVENUE,0.0,0,0,0,0,0,0,0,Driver Inexperience,Sedan,BROOKLYN,11222.0,2023,2,Sunday,0.0,Low
2021-11-08,05:40,40.813796999999994,-73.94986999999999,SAINT NICHOLAS AVENUE,0.0,0,0,0,0,0,0,0,Alcohol Involvement,Sedan,Unknown,,2021,11,Monday,0.0,Low
2023-07-29,13:00,40.582233,-74.16906999999999,,0.0,0,0,0,0,0,0,0,Driver Inattention/Distraction,Sedan,Unknown,,2023,7,Saturday,0.0,Low
2021-12-22,19:20,40.553191999999996,-74.164345,RIDGEWOOD AVENUE,0.0,0,0,0,0,0,1,0,Passing Too Closely,Station Wagon/Sport Utility Vehicle,STATEN ISLAND,10312.0,2021,12,Wednesday,0.0,Low
2021-05-15,12:40,40.645344,-73.87897,HORNELL LOOP,0.0,0,0,0,0,0,0,0,Unspecified,Sedan,Unknown,,2021,5,Saturday,0.0,Low
2025-05-07,07:00,40.598434000000005,-73.99895500000001,,0.0,0,0,0,0,0,0,0,Driver Inattention/Distraction,Station Wagon/Sport Utility Vehicle,BROOKLYN,11214.0,2025,5,Wednesday,0.0,Low
2021-12-11,16:15,40.672059999999995,-73.9036,GLENMORE AVENUE,0.0,0,0,0,0,0,0,0,Unspecified,Sedan,BROOKLYN,11212.0,2021,12,Saturday,0.0,Low
2023-09-06,21:56,40.690273,-73.808334,,0.0,0,0,0,0,0,0,0,Driver Inattention/Distraction,Station Wagon/Sport Utility Vehicle,QUEENS,11435.0,2023,9,Wednesday,0.0,Low
2024-04-03,10:20,40.662014,-73.86838,FOUNTAIN AVENUE,0.0,0,0,0,0,0,0,0,Unspecified,Sedan,BROOKLYN,11208.0,2024,4,Wednesday,0.0,Low
2022-12-05,15:00,40.737682,-73.85206,HORACE HARDING EXPRESSWAY,0.0,0,0,0,0,0,0,0,Driver Inattention/Distraction,Station Wagon/Sport Utility Vehicle,Unknown,,2022,12,Monday,0.0,Low
2024-01-20,13:50,40.756873999999996,-73.94436,10 STREET,0.0,0,0,0,0,0,0,0,Backing Unsafely,Sedan,QUEENS,11101.0,2024,1,Saturday,0.0,Low
2022-09-21,09:30,40.764458000000005,-73.985405,,0.0,0,0,0,0,0,0,0,Glare,Garbage or Refuse,MANHATTAN,10019.0,2022,9,Wednesday,0.0,Low
2025-05-19,19:32,40.729620000000004,-73.85816,64 RD,0.0,0,1,0,0,0,0,0,Passing or Lane Usage Improper,Sedan,QUEENS,11374.0,2025,5,Monday,0.0,Low
2022-11-23,00:45,40.682186,-73.86981999999999,AUTUMN AVENUE,0.0,0,0,0,0,0,0,0,Unspecified,Station Wagon/Sport Utility Vehicle,BROOKLYN,11208.0,2022,11,Wednesday,0.0,Low
2022-12-23,13:00,40.740406,-73.9064,47 AVENUE,0.0,0,0,0,0,0,0,0,Passing or Lane Usage Improper,Sedan,QUEENS,11377.0,2022,12,Friday,0.0,Low
2022-12-14,10:30,40.6827,-73.929016,REID AVENUE,0.0,0,0,0,0,0,3,0,Failure to Yield Right-of-Way,Sedan,Unknown,,2022,12,Wednesday,0.0,Low
2024-05-25,00:10,40.802486,-73.9309,1 AVENUE,0.0,0,0,0,0,0,0,0,Unspecified,Sedan,MANHATTAN,10035.0,2024,5,Saturday,0.0,Low
2024-12-12,23:30,40.838122999999996,-73.82544,THROGS NECK EXPY,0.0,0,0,0,0,0,4,0,Unspecified,Station Wagon/Sport Utility Vehicle,Unknown,,2024,12,Thursday,0.0,Low
2021-10-09,09:30,40.67973,-73.76162,FARMERS BOULEVARD,0.0,0,0,0,0,0,0,0,Passing or Lane Usage Improper,Sedan,Unknown,,2021,10,Saturday,0.0,Low
2022-02-03,13:50,40.602467,-73.96638,AVENUE S,0.0,0,0,0,1,0,0,0,Unspecified,Sedan,Unknown,,2022,2,Thursday,0.0,Low
2025-11-07,06:03,40.671043,-73.78873399999999,,0.0,0,0,0,0,0,2,0,Driver Inattention/Distraction,Sedan,QUEENS,11436.0,2025,11,Friday,0.0,Low
2021-07-15,16:48,40.716484,-73.95704,DRIGGS AVENUE,0.0,0,0,0,0,0,2,0,Passing or Lane Usage Improper,Station Wagon/Sport Utility Vehicle,BROOKLYN,11211.0,2021,7,Thursday,0.0,Low
2025-09-23,11:00,0.0,0.0,,0.0,0,0,0,0,0,0,0,Driver Inattention/Distraction,Sedan,BROOKLYN,11213.0,2025,9,Tuesday,0.0,Low
2021-03-19,00:00,40.70981,-73.99178,SOUTH STREET                    ,0.0,0,0,0,0,0,3,0,Other Vehicular,Sedan,MANHATTAN,10002.0,2021,3,Friday,0.0,Low
2024-04-17,19:50,40.70199,-73.89059,,0.0,0,0,0,0,0,0,0,Passing Too Closely,Sedan,QUEENS,11385.0,2024,4,Wednesday,0.0,Low
2022-03-17,17:30,40.84408,-73.894485,,0.0,0,0,0,0,0,0,0,Driver Inattention/Distraction,Sedan,BRONX,10457.0,2022,3,Thursday,0.0,Low
2023-05-09,23:30,40.67172,-73.850975,NORTH CONDUIT AVENUE,0.0,0,0,0,0,0,4,0,Driver Inattention/Distraction,Station Wagon/Sport Utility Vehicle,Unknown,,2023,5,Tuesday,0.0,Low
2022-05-05,09:00,40.830837,-73.9166,EAST 166 STREET,0.0,0,0,0,0,0,1,0,Failure to Yield Right-of-Way,Sedan,BRONX,10456.0,2022,5,Thursday,0.0,Low
2023-06-27,13:30,40.78627,-73.8359,,0.0,0,0,0,0,0,0,0,Backing Unsafely,Sedan,QUEENS,11356.0,2023,6,Tuesday,0.0,Low
2024-01-20,20:09,40.6826,-73.79993,115 AVENUE,0.0,0,0,0,0,0,1,0,Traffic Control Disregarded,Sedan,QUEENS,11436.0,2024,1,Saturday,0.0,Low
2025-11-16,04:00,40.806915000000004,-73.93556,LEXINGTON AVE,0.0,0,0,0,0,0,0,0,Pavement Slippery,Sedan,MANHATTAN,10035.0,2025,11,Sunday,0.0,Low
2024-06-03,10:20,40.66798,-73.893845,BLAKE AVENUE,0.0,0,0,0,0,0,0,0,Following Too Closely,Sedan,BROOKLYN,11207.0,2024,6,Monday,0.0,Low
2023-02-11,18:16,40.662575,-73.93448000000001,SCHENECTADY AVENUE,0.0,0,0,0,0,0,1,0,Driver Inattention/Distraction,Sedan,Unknown,,2023,2,Saturday,0.0,Low
2025-10-12,20:06,40.60301,-74.01688399999999,BELT PARKWAY,0.0,0,0,0,0,0,0,0,Following Too Closely,Station Wagon/Sport Utility Vehicle,Unknown,,2025,10,Sunday,0.0,Low
2021-07-24,22:15,40.74835,-73.967865,FDR DRIVE,0.0,0,0,0,0,0,1,0,Driver Inattention/Distraction,Motorcycle,Unknown,,2021,7,Saturday,0.0,Low
2023-08-02,13:05,40.880337,-73.85784,BRONXWOOD AVENUE,0.0,0,1,0,0,0,0,0,Driver Inattention/Distraction,Unknown,BRONX,10469.0,2023,8,Wednesday,0.0,Low
2022-11-25,21:00,40.896614,-73.860954,BRONX RIVER PARKWAY,0.0,0,0,0,0,0,1,0,Following Too Closely,Sedan,Unknown,,2022,11,Friday,0.0,Low
2025-12-11,00:00,40.71127,-73.73356,221 ST,0.0,0,0,0,0,0,1,0,Failure to Yield Right-of-Way,Sedan,QUEENS,11429.0,2025,12,Thursday,0.0,Low
2022-07-26,16:45,40.816746,-73.92904,EAST 144 STREET,0.0,0,0,0,0,0,0,0,Following Too Closely,Sedan,BRONX,10451.0,2022,7,Tuesday,0.0,Low
2023-10-24,11:22,40.717724,-73.98577,DELANCEY STREET,0.0,0,0,0,0,0,1,0,Driver Inattention/Distraction,Sedan,MANHATTAN,10002.0,2023,10,Tuesday,0.0,Low
2024-08-03,01:24,40.69168,-73.999344,BROOKLYN QUEENS EXPRESSWAY,0.0,0,0,0,0,0,0,0,Fell Asleep,Sedan,Unknown,,2024,8,Saturday,0.0,Low
2021-03-09,16:17,40.662613,-73.90895,,0.0,0,0,0,0,0,0,0,Unspecified,Station Wagon/Sport Utility Vehicle,BROOKLYN,11212.0,2021,3,Tuesday,0.0,Low
2025-07-19,14:23,40.67393,-73.99995,COURT ST,0.0,0,0,0,0,0,3,0,Unspecified,Station Wagon/Sport Utility Vehicle,BROOKLYN,11231.0,2025,7,Saturday,0.0,Low
2022-09-05,08:30,40.621815000000005,-74.00228,14 AVENUE,0.0,0,0,0,0,0,0,0,Unspecified,Station Wagon/Sport Utility Vehicle,BROOKLYN,11228.0,2022,9,Monday,0.0,Low
2025-11-18,03:15,40.755253,-73.99866,W 35 ST,0.0,0,0,0,0,0,0,0,View Obstructed/Limited,Sedan,MANHATTAN,10001.0,2025,11,Tuesday,0.0,Low
2024-05-05,11:00,40.75244,-73.87533,,0.0,0,0,0,0,0,1,0,Alcohol Involvement,Sedan,QUEENS,11372.0,2024,5,Sunday,0.0,Low
2021-01-23,00:48,40.621815000000005,-74.00228,14 AVENUE                       ,0.0,0,0,0,0,0,0,0,Driver Inattention/Distraction,Station Wagon/Sport Utility Vehicle,BROOKLYN,11228.0,2021,1,Saturday,0.0,Low
2024-10-22,00:05,40.719395,-74.00189,CANAL STREET,0.0,0,0,0,0,0,0,0,Unspecified,Pick-up Truck,MANHATTAN,10013.0,2024,10,Tuesday,0.0,Low
2024-04-09,12:40,40.60675,-74.12098,,0.0,0,0,0,0,0,0,0,Backing Unsafely,Station Wagon/Sport Utility Vehicle,Unknown,,2024,4,Tuesday,0.0,Low
2021-05-27,19:00,40.671432,-73.88718,,0.0,0,1,0,0,0,0,0,Driver Inattention/Distraction,Sedan,BROOKLYN,11207.0,2021,5,Thursday,0.0,Low
2023-01-11,23:42,40.713184000000005,-73.82393,VAN WYCK EXPWY,0.0,0,0,0,0,0,2,0,Driver Inattention/Distraction,Station Wagon/Sport Utility Vehicle,Unknown,,2023,1,Wednesday,0.0,Low
2025-12-13,16:45,40.683144,-73.768585,MERRICK BLVD,0.0,0,0,0,0,0,1,0,Driver Inexperience,Motorcycle,QUEENS,11434.0,2025,12,Saturday,0.0,Low
2025-10-08,15:25,40.649822,-74.00909,4 AVE,0.0,0,0,0,0,0,0,0,Driver Inattention/Distraction,Station Wagon/Sport Utility Vehicle,BROOKLYN,11220.0,2025,10,Wednesday,0.0,Low
2023-11-20,21:50,40.683044,-74.00366,COLUMBIA STREET,0.0,0,0,0,0,0,0,0,Driver Inattention/Distraction,Station Wagon/Sport Utility Vehicle,BROOKLYN,11231.0,2023,11,Monday,0.0,Low
2022-09-15,02:45,40.700424,-73.9444,FLUSHING AVENUE,0.0,0,0,0,0,0,0,0,Driver Inattention/Distraction,Sedan,Unknown,,2022,9,Thursday,0.0,Low
2025-07-21,22:44,40.631454,-73.89028,SKIDMORE AVE,0.0,0,0,0,0,0,2,0,Driver Inattention/Distraction,Sedan,BROOKLYN,11236.0,2025,7,Monday,0.0,Low
2025-12-14,11:40,40.580357,-74.07993,SEAVIEW AVE,0.0,0,0,0,0,0,0,0,Unspecified,Station Wagon/Sport Utility Vehicle,STATEN ISLAND,10305.0,2025,12,Sunday,0.0,Low
2023-03-15,08:04,40.69137,-73.77996999999999,LINDEN BOULEVARD,0.0,0,0,0,0,0,1,0,Failure to Yield Right-of-Way,Station Wagon/Sport Utility Vehicle,QUEENS,11434.0,2023,3,Wednesday,0.0,Low
2025-08-24,12:00,40.706123,-73.922134,STARR ST,0.0,0,0,0,0,0,0,0,Following Too Closely,Sedan,BROOKLYN,11237.0,2025,8,Sunday,0.0,Low
2024-09-26,11:57,40.672745,-73.90765999999999,LIBERTY AVENUE,0.0,0,1,0,0,0,0,0,Driver Inattention/Distraction,Station Wagon/Sport Utility Vehicle,BROOKLYN,11212.0,2024,9,Thursday,0.0,Low
2025-03-18,16:45,40.63043,-73.88593,BELT PARKWAY,0.0,0,0,0,0,0,2,0,Driver Inattention/Distraction,Station Wagon/Sport Utility Vehicle,Unknown,,2025,3,Tuesday,0.0,Low
2021-04-13,09:28,40.812397,-73.90937,,0.0,0,0,0,0,0,0,0,Passing or Lane Usage Improper,Box Truck,BRONX,10455.0,2021,4,Tuesday,0.0,Low
2025-05-28,08:15,40.69141,-73.72668,CROSS ISLAND PARKWAY,0.0,0,0,0,0,0,0,0,Driver Inattention/Distraction,Station Wagon/Sport Utility Vehicle,Unknown,,2025,5,Wednesday,0.0,Low
2025-01-18,16:00,40.629646,-74.12909,,0.0,0,0,0,0,0,0,0,Unspecified,Sedan,STATEN ISLAND,10310.0,2025,1,Saturday,0.0,Low
2024-05-09,13:48,40.589836,-73.803764,,0.0,0,0,0,0,0,0,0,Driver Inattention/Distraction,Motorcycle,QUEENS,11692.0,2024,5,Thursday,0.0,Low
2022-07-16,23:17,40.787224,-73.95416999999999,EAST 96 STREET,0.0,0,0,0,0,0,0,0,Unspecified,Station Wagon/Sport Utility Vehicle,Unknown,,2022,7,Saturday,0.0,Low
2021-05-06,03:40,40.747516999999995,-73.88044000000001,,0.0,0,0,0,0,0,0,0,Driver Inattention/Distraction,Station Wagon/Sport Utility Vehicle,QUEENS,11373.0,2021,5,Thursday,0.0,Low
2023-12-30,14:00,40.777462,-73.80058000000001,22 AVENUE,0.0,0,0,0,0,0,0,0,Passing or Lane Usage Improper,Sedan,QUEENS,11357.0,2023,12,Saturday,0.0,Low
2025-03-20,20:33,40.742943,-73.91684000000001,48 ST,0.0,0,0,0,0,0,0,0,Traffic Control Disregarded,Sedan,QUEENS,11377.0,2025,3,Thursday,0.0,Low
2025-01-27,22:50,40.844788,-73.93704,W 174 ST,0.0,0,0,0,0,0,0,0,Driver Inattention/Distraction,Sedan,MANHATTAN,10033.0,2025,1,Monday,0.0,Low
2021-07-20,09:00,40.804840000000006,-73.912796,EAST 138 STREET,0.0,0,0,0,0,0,0,0,Driver Inattention/Distraction,Tanker,BRONX,10454.0,2021,7,Tuesday,0.0,Low
2022-09-05,10:10,40.682556,-74.00796,BOWNE STREET,0.0,0,0,0,0,0,0,0,Backing Unsafely,Bus,BROOKLYN,11231.0,2022,9,Monday,0.0,Low
2021-04-21,12:08,40.601948,-73.99382,BAY PARKWAY,0.0,0,0,0,0,0,1,0,Driver Inattention/Distraction,Station Wagon/Sport Utility Vehicle,BROOKLYN,11214.0,2021,4,Wednesday,0.0,Low
2023-02-23,14:30,40.86553,-73.8897,,0.0,0,0,0,0,0,0,0,Unspecified,Sedan,BRONX,10458.0,2023,2,Thursday,0.0,Low
2022-12-19,16:20,40.783466,-73.94523000000001,,0.0,0,0,0,0,0,0,0,Unspecified,Sedan,MANHATTAN,10128.0,2022,12,Monday,0.0,Low
2021-06-11,08:50,40.599765999999995,-73.99483000000001,BAY 31 STREET,0.0,0,0,0,0,0,0,0,Unspecified,Sedan,Unknown,,2021,6,Friday,0.0,Low
2024-12-17,17:00,40.745056,-73.97861,3 AVE,0.0,0,0,0,0,0,1,0,Unspecified,Pick-up Truck,MANHATTAN,10016.0,2024,12,Tuesday,0.0,Low
2023-08-15,17:06,40.525543,-74.20546999999999,AMBOY ROAD,0.0,0,0,0,0,0,0,0,Driver Inattention/Distraction,Station Wagon/Sport Utility Vehicle,STATEN ISLAND,10309.0,2023,8,Tuesday,0.0,Low
2024-07-04,00:15,40.668507,-73.92560999999999,BUFFALO AVENUE,0.0,0,0,0,0,0,3,0,Driver Inattention/Distraction,Sedan,Unknown,,2024,7,Thursday,0.0,Low
2023-03-16,20:25,40.859608,-73.90778,UNIVERSITY AVENUE,0.0,0,1,0,0,0,0,0,Unspecified,Unknown,Unknown,,2023,3,Thursday,0.0,Low
2021-02-22,12:45,40.740562,-73.80928,59 AVENUE                       ,0.0,0,0,0,0,0,0,0,Pavement Slippery,Sedan,QUEENS,11365.0,2021,2,Monday,0.0,Low
2025-04-22,17:00,40.743275,-73.77571999999999,LONG ISLAND EXPRESSWAY,0.0,0,0,0,0,0,0,0,Unsafe Lane Changing,Sedan,Unknown,,2025,4,Tuesday,0.0,Low
2025-08-21,16:20,40.717678,-74.005775,CHURCH ST,0.0,0,0,0,0,0,0,0,Traffic Control Disregarded,Station Wagon/Sport Utility Vehicle,MANHATTAN,10013.0,2025,8,Thursday,0.0,Low
2024-12-12,01:05,40.736927,-74.00585,HUDSON ST,0.0,0,0,0,0,0,0,0,Driver Inattention/Distraction,Sedan,MANHATTAN,10014.0,2024,12,Thursday,0.0,Low
2023-03-26,11:23,40.841618,-73.912476,GRAND CONCOURSE,0.0,0,0,0,0,0,0,0,Driver Inattention/Distraction,Sedan,Unknown,,2023,3,Sunday,0.0,Low
2021-04-14,02:02,40.675106,-73.97714,,0.0,0,0,0,0,0,0,0,Driver Inattention/Distraction,Sedan,BROOKLYN,11215.0,2021,4,Wednesday,0.0,Low
2021-06-07,00:00,40.67843,-73.91356999999999,FULTON STREET,0.0,0,0,0,0,0,0,0,Other Vehicular,Sedan,BROOKLYN,11233.0,2021,6,Monday,0.0,Low
2025-09-09,12:10,40.666878000000004,-73.94521,BROOKLYN AVE,0.0,0,0,0,0,0,0,0,Unspecified,Pick-up Truck,BROOKLYN,11213.0,2025,9,Tuesday,0.0,Low
2021-10-20,03:49,40.6153655,-73.9444733,,0.0,0,0,0,0,0,1,0,Reaction to Uninvolved Vehicle,Station Wagon/Sport Utility Vehicle,BROOKLYN,11229.0,2021,10,Wednesday,0.0,Low
2021-05-17,15:00,40.691315,-73.86721999999999,DEXTER COURT,0.0,0,0,0,0,0,0,0,Passing or Lane Usage Improper,Station Wagon/Sport Utility Vehicle,Unknown,,2021,5,Monday,0.0,Low
2024-06-19,02:30,40.693203000000004,-73.95399499999999,WALWORTH STREET,0.0,0,0,0,0,0,0,0,Driver Inattention/Distraction,Pick-up Truck,Unknown,,2024,6,Wednesday,0.0,Low
2024-05-23,14:12,40.745796,-73.982285,PARK AVENUE SOUTH,0.0,0,1,0,0,0,0,0,Unspecified,Sedan,MANHATTAN,10016.0,2024,5,Thursday,0.0,Low
2021-02-05,03:30,40.708904,-73.95926,BROADWAY,0.0,0,1,0,0,0,0,0,Driver Inattention/Distraction,Unknown,BROOKLYN,11211.0,2021,2,Friday,0.0,Low
2021-12-01,11:30,40.693428000000004,-73.81105,VANWYCK EXPRESSWAY              ,0.0,0,0,0,0,0,0,0,Driver Inattention/Distraction,Sedan,Unknown,,2021,12,Wednesday,0.0,Low
2024-07-22,14:09,40.635994000000004,-73.967865,,0.0,0,0,0,0,0,0,0,Driver Inattention/Distraction,Station Wagon/Sport Utility Vehicle,BROOKLYN,11218.0,2024,7,Monday,0.0,Low
2024-03-20,23:00,40.637966,-73.97823000000001,,0.0,0,0,0,0,0,0,0,Unspecified,Station Wagon/Sport Utility Vehicle,BROOKLYN,11218.0,2024,3,Wednesday,0.0,Low
2021-01-19,22:12,40.767371999999995,-73.950066,FDR DRIVE                       ,0.0,0,0,0,0,0,0,0,Obstruction/Debris,Pick-up Truck,Unknown,,2021,1,Tuesday,0.0,Low
2023-10-20,18:41,40.729347,-74.00927,,0.0,0,0,0,0,0,1,0,Unsafe Lane Changing,Station Wagon/Sport Utility Vehicle,MANHATTAN,10014.0,2023,10,Friday,0.0,Low
2022-11-09,19:00,40.80641,-73.94227,WEST 125 STREET,0.0,0,0,0,0,0,1,0,Driver Inattention/Distraction,Sedan,Unknown,,2022,11,Wednesday,0.0,Low
2023-07-04,00:00,40.732162,-73.99431,UNIVERSITY PLACE,0.0,0,0,0,1,0,0,0,Driver Inattention/Distraction,Taxi,MANHATTAN,10003.0,2023,7,Tuesday,0.0,Low
2022-11-18,06:00,40.523396000000005,-74.209595,WOODVALE AVENUE,0.0,0,0,0,0,0,0,0,Unspecified,Sedan,Unknown,,2022,11,Friday,0.0,Low
2021-10-01,17:00,40.680073,-73.8088,,0.0,0,0,0,0,0,0,0,Passing Too Closely,Sedan,QUEENS,11420.0,2021,10,Friday,0.0,Low
2026-03-01,04:30,40.684998,-73.82268499999999,,0.0,0,0,0,0,0,0,0,Driver Inattention/Distraction,Sedan,QUEENS,11419.0,2026,3,Sunday,0.0,Low
2021-03-20,15:45,40.696384,-73.86017,PARK LANE SOUTH                 ,0.0,0,0,0,0,0,0,0,Following Too Closely,Sedan,QUEENS,11421.0,2021,3,Saturday,0.0,Low
2022-10-14,00:00,40.707306,-73.75121999999999,HOLLIS AVENUE,0.0,0,0,0,0,0,0,0,Unspecified,Taxi,QUEENS,11429.0,2022,10,Friday,0.0,Low
2023-08-02,19:13,40.696135999999996,-73.85284,WOODHAVEN BOULEVARD,0.0,0,0,0,0,0,2,0,Passing or Lane Usage Improper,Sedan,QUEENS,11421.0,2023,8,Wednesday,0.0,Low
2021-01-20,20:47,40.822456,-73.88569,,0.0,0,0,0,0,0,0,0,Unspecified,Sedan,BRONX,10459.0,2021,1,Wednesday,0.0,Low
2021-11-25,04:32,40.64703,-74.012,4 AVENUE,0.0,0,0,0,1,0,0,0,Driver Inattention/Distraction,Station Wagon/Sport Utility Vehicle,BROOKLYN,11220.0,2021,11,Thursday,0.0,Low
2023-10-03,15:45,40.84622,-73.86731999999999,,0.0,0,0,0,0,0,0,0,Backing Unsafely,Pick-up Truck,BRONX,10462.0,2023,10,Tuesday,0.0,Low
2025-11-15,07:52,40.745728,-73.97811999999999,E 34 ST,0.0,0,0,0,0,0,2,0,Brakes Defective,Taxi,MANHATTAN,10016.0,2025,11,Saturday,0.0,Low
2022-10-03,23:05,40.664192,-73.87759,LINDEN BOULEVARD,0.0,0,0,0,0,0,0,0,Unsafe Speed,Sedan,BROOKLYN,11208.0,2022,10,Monday,0.0,Low
2022-06-24,12:30,40.7699,-73.91608000000001,GRAND CENTRAL PKWY,0.0,0,0,0,0,0,1,0,Brakes Defective,Bus,Unknown,,2022,6,Friday,0.0,Low
2024-06-09,18:30,40.58396,-73.9253,BELT PARKWAY,0.0,0,0,0,0,0,4,0,Driver Inattention/Distraction,Station Wagon/Sport Utility Vehicle,Unknown,,2024,6,Sunday,0.0,Low
2024-09-22,04:30,40.682003,-73.9687,ATLANTIC AVENUE,0.0,0,0,0,0,0,1,0,Reaction to Uninvolved Vehicle,Sedan,BROOKLYN,11238.0,2024,9,Sunday,0.0,Low
2024-06-12,02:00,40.762226,-73.99204,,0.0,0,0,0,0,0,0,0,Driver Inattention/Distraction,Sedan,MANHATTAN,10036.0,2024,6,Wednesday,0.0,Low
2024-10-24,08:50,40.628809999999994,-74.009346,10 AVENUE,0.0,0,0,0,1,0,0,0,Driver Inattention/Distraction,Station Wagon/Sport Utility Vehicle,BROOKLYN,11219.0,2024,10,Thursday,0.0,Low
2025-04-04,09:11,40.835685999999995,-73.8936,,0.0,0,0,0,0,0,2,0,Unspecified,Sedan,BRONX,10460.0,2025,4,Friday,0.0,Low
2024-01-27,12:25,40.681503,-73.974236,DEAN STREET,0.0,0,0,0,0,0,1,0,Turning Improperly,Station Wagon/Sport Utility Vehicle,BROOKLYN,11217.0,2024,1,Saturday,0.0,Low
2025-12-16,18:08,40.62875,-73.9511,E 26 ST,0.0,0,1,0,0,0,0,0,Driver Inattention/Distraction,Sedan,BROOKLYN,11210.0,2025,12,Tuesday,0.0,Low
2023-06-25,12:44,40.78587,-73.95305,PARK AVENUE,0.0,0,0,0,0,0,0,0,Unspecified,Sedan,MANHATTAN,10128.0,2023,6,Sunday,0.0,Low
2022-07-10,10:50,40.813114,-73.90066,,0.0,0,0,0,0,0,1,0,Unsafe Speed,Station Wagon/Sport Utility Vehicle,BRONX,10455.0,2022,7,Sunday,0.0,Low
2021-09-07,21:30,40.659744,-73.91708,EAST 98 STREET,0.0,0,0,0,0,0,0,0,Unspecified,Sedan,Unknown,,2021,9,Tuesday,0.0,Low
2024-05-14,19:26,40.89083,-73.84933000000001,,0.0,0,1,0,0,0,0,0,Backing Unsafely,Station Wagon/Sport Utility Vehicle,BRONX,10466.0,2024,5,Tuesday,0.0,Low
2025-10-04,11:30,40.87332,-73.90406999999999,,0.0,0,0,0,0,0,0,0,Passing or Lane Usage Improper,PK,BRONX,10463.0,2025,10,Saturday,0.0,Low
2024-09-06,23:50,40.575302,-73.98453,WEST 17 STREET,0.0,0,0,0,0,0,0,0,Unspecified,Station Wagon/Sport Utility Vehicle,BROOKLYN,11224.0,2024,9,Friday,0.0,Low
2024-03-12,16:41,40.703773,-73.93115,WILSON AVE,0.0,0,0,0,0,0,1,0,Passing or Lane Usage Improper,Station Wagon/Sport Utility Vehicle,BROOKLYN,11237.0,2024,3,Tuesday,0.0,Low
2024-12-17,08:52,40.815273,-73.90443,E 152 ST,0.0,0,1,0,0,0,0,0,Driver Inattention/Distraction,Unknown,BRONX,10455.0,2024,12,Tuesday,0.0,Low
2024-06-13,23:38,40.732964,-74.003845,,0.0,0,0,0,0,0,0,0,Backing Unsafely,Taxi,MANHATTAN,10014.0,2024,6,Thursday,0.0,Low
2023-11-14,09:20,40.582874,-73.98053,BELT PARKWAY,0.0,0,0,0,0,0,0,0,Traffic Control Disregarded,Chassis Cab,Unknown,,2023,11,Tuesday,0.0,Low
2024-01-30,12:49,40.7244,-73.84980999999999,68 DRIVE,0.0,0,0,0,0,0,1,0,Other Vehicular,Station Wagon/Sport Utility Vehicle,QUEENS,11375.0,2024,1,Tuesday,0.0,Low
2023-04-16,10:40,40.623585,-74.08278,BROAD STREET,0.0,0,0,0,0,0,0,0,Other Vehicular,Sedan,STATEN ISLAND,10304.0,2023,4,Sunday,0.0,Low
2022-12-16,12:14,40.762024,-74.00116,12 AVENUE,0.0,0,0,0,0,0,0,0,Driver Inattention/Distraction,Sedan,MANHATTAN,10036.0,2022,12,Friday,0.0,Low
2021-03-19,15:33,40.74286,-73.846535,GRAND CENTRAL PKWY              ,0.0,0,0,0,0,0,0,0,Driver Inattention/Distraction,Station Wagon/Sport Utility Vehicle,Unknown,,2021,3,Friday,0.0,Low
2021-03-14,15:00,40.8188,-73.95603,WEST 133 STREET                 ,0.0,0,0,0,0,0,0,0,Unspecified,Sedan,MANHATTAN,10031.0,2021,3,Sunday,0.0,Low
2023-02-07,03:55,40.778605999999996,-73.8452,123 STREET,0.0,0,0,0,0,0,0,0,Unspecified,Station Wagon/Sport Utility Vehicle,QUEENS,11356.0,2023,2,Tuesday,0.0,Low
2024-09-14,14:29,40.769436,-73.943954,,0.0,0,1,0,0,0,0,0,Backing Unsafely,Van,Unknown,,2024,9,Saturday,0.0,Low
2021-06-18,13:01,40.862140000000004,-73.824936,,0.0,0,0,0,0,0,0,0,Unspecified,Station Wagon/Sport Utility Vehicle,BRONX,10475.0,2021,6,Friday,0.0,Low
2022-03-25,01:55,40.610477,-74.09396,STATEN ISLAND EXPRESSWAY,0.0,0,0,0,0,0,4,0,Driver Inexperience,Pick-up Truck,Unknown,,2022,3,Friday,0.0,Low
2025-09-03,18:37,40.687259999999995,-73.99728,,0.0,0,0,0,0,0,0,0,Unspecified,Sedan,BROOKLYN,11201.0,2025,9,Wednesday,0.0,Low
2023-03-21,14:11,40.662727000000004,-73.74786999999999,230 PLACE,0.0,0,0,0,0,0,1,0,Traffic Control Disregarded,Sedan,QUEENS,11413.0,2023,3,Tuesday,0.0,Low
2025-10-07,09:45,40.83801,-73.87329,BRONX RIVER PARKWAY,0.0,0,0,0,0,0,0,0,Following Too Closely,Sedan,Unknown,,2025,10,Tuesday,0.0,Low
2025-08-29,15:12,40.58038,-73.9676,NEPTUNE AVE,0.0,0,0,0,1,0,0,0,Driver Inattention/Distraction,Motorcycle,BROOKLYN,11235.0,2025,8,Friday,0.0,Low
2023-09-14,15:30,40.83226,-73.91369,EAST 167 STREET,0.0,0,0,0,0,0,1,0,Failure to Yield Right-of-Way,Motorcycle,BRONX,10456.0,2023,9,Thursday,0.0,Low
2024-07-17,09:00,40.762287,-73.972374,MADISON AVENUE,0.0,0,0,0,0,0,0,0,Passing Too Closely,Station Wagon/Sport Utility Vehicle,MANHATTAN,10022.0,2024,7,Wednesday,0.0,Low
2023-04-03,14:00,40.8476,-73.90044,,0.0,0,0,0,0,0,0,0,Unsafe Speed,Sedan,BRONX,10457.0,2023,4,Monday,0.0,Low
2024-04-06,16:11,40.714176,-73.995224,,0.0,0,0,0,0,0,0,0,Driver Inattention/Distraction,Sedan,MANHATTAN,10002.0,2024,4,Saturday,0.0,Low
2024-08-02,07:30,40.672413,-73.95734399999999,SAINT JOHNS PLACE,0.0,0,0,0,0,0,0,0,Unspecified,Station Wagon/Sport Utility Vehicle,Unknown,,2024,8,Friday,0.0,Low
2024-01-22,19:00,40.685140000000004,-73.8206,122 STREET,0.0,0,1,0,0,0,0,0,Driver Inattention/Distraction,Station Wagon/Sport Utility Vehicle,QUEENS,11419.0,2024,1,Monday,0.0,Low
2021-08-23,21:10,40.669865,-73.95051,NOSTRAND AVENUE,0.0,0,0,0,0,0,2,0,Following Too Closely,Station Wagon/Sport Utility Vehicle,BROOKLYN,11216.0,2021,8,Monday,0.0,Low
2022-08-31,16:16,40.663727,-73.95385999999999,EMPIRE BOULEVARD,0.0,0,0,0,0,0,0,0,Failure to Yield Right-of-Way,E-Bike,Unknown,,2022,8,Wednesday,0.0,Low
2025-09-26,10:23,40.634815,-73.88094,BELT PARKWAY,0.0,0,0,0,0,0,0,0,Unspecified,Sedan,Unknown,,2025,9,Friday,0.0,Low
2024-01-06,23:54,40.659954,-73.96063000000001,,0.0,0,0,0,0,0,0,0,Driver Inattention/Distraction,Station Wagon/Sport Utility Vehicle,BROOKLYN,11225.0,2024,1,Saturday,0.0,Low
2022-04-28,08:00,0.0,0.0,,0.0,0,0,0,0,0,0,0,Unspecified,Station Wagon/Sport Utility Vehicle,STATEN ISLAND,10301.0,2022,4,Thursday,0.0,Low
2025-06-09,00:46,40.830456,-73.94034599999999,W 155 ST,0.0,0,0,0,0,0,0,0,Unsafe Speed,Garbage or Refuse,Unknown,,2025,6,Monday,0.0,Low
2021-11-15,14:30,40.658318,-73.90516,,0.0,0,0,0,0,0,0,0,Unspecified,Sedan,BROOKLYN,11212.0,2021,11,Monday,0.0,Low
2022-06-05,00:00,0.0,0.0,12 AVENUE,0.0,0,0,0,0,0,2,0,Failure to Yield Right-of-Way,Station Wagon/Sport Utility Vehicle,BROOKLYN,11228.0,2022,6,Sunday,0.0,Low
2021-07-01,14:30,40.82244,-73.8859,BRUCKNER BOULEVARD              ,0.0,0,0,0,0,0,0,0,Unspecified,Station Wagon/Sport Utility Vehicle,BRONX,10459.0,2021,7,Thursday,0.0,Low
2023-10-01,18:50,40.731613,-73.84891999999999,108 STREET,0.0,0,1,0,0,0,0,0,Driver Inattention/Distraction,Sedan,QUEENS,11375.0,2023,10,Sunday,0.0,Low
2021-09-15,04:00,40.749866,-73.86273,ROOSEVELT AVENUE,0.0,0,0,0,0,0,0,0,Unspecified,Station Wagon/Sport Utility Vehicle,Unknown,,2021,9,Wednesday,0.0,Low
2023-05-27,14:15,40.802494,-73.9409,EAST 121 STREET,0.0,0,0,0,0,0,1,0,Driver Inattention/Distraction,Station Wagon/Sport Utility Vehicle,MANHATTAN,10035.0,2023,5,Saturday,0.0,Low
2021-08-01,14:04,40.545677000000005,-74.15992,,0.0,0,1,0,0,0,0,0,View Obstructed/Limited,Sedan,STATEN ISLAND,10312.0,2021,8,Sunday,0.0,Low
2024-04-16,16:05,40.760227,-73.961525,1 AVENUE,0.0,0,0,0,1,0,0,0,Driver Inattention/Distraction,Bike,MANHATTAN,10022.0,2024,4,Tuesday,0.0,Low
2024-05-03,01:06,40.710243,-73.9584,HAVEMEYER STREET,0.0,0,0,0,0,0,1,0,Driver Inattention/Distraction,Taxi,Unknown,,2024,5,Friday,0.0,Low
2021-08-03,10:30,40.524704,-74.21852,HALLISTER STREET                ,0.0,0,0,0,0,0,0,0,Oversized Vehicle,Tractor Truck Diesel,STATEN ISLAND,10309.0,2021,8,Tuesday,0.0,Low
2025-01-15,19:17,40.819824,-73.90956,,0.0,0,0,0,0,0,0,0,Unspecified,Station Wagon/Sport Utility Vehicle,BRONX,10456.0,2025,1,Wednesday,0.0,Low
2024-01-18,22:10,40.74407,-73.73309,CROSS ISLAND PARKWAY,0.0,0,0,0,0,0,1,0,Unsafe Speed,Sedan,Unknown,,2024,1,Thursday,0.0,Low
2024-01-14,16:48,40.741009999999996,-73.90058,65 STREET,0.0,0,0,0,0,0,1,0,Driver Inattention/Distraction,Station Wagon/Sport Utility Vehicle,QUEENS,11377.0,2024,1,Sunday,0.0,Low
2025-08-04,07:47,40.67476,-73.798836,142 ST,0.0,0,0,0,0,0,1,0,Other Vehicular,Sedan,Unknown,,2025,8,Monday,0.0,Low
2023-06-02,20:36,40.67392,-73.91011999999999,EASTERN PARKWAY,0.0,0,0,0,0,0,0,0,Unspecified,Sedan,BROOKLYN,11233.0,2023,6,Friday,0.0,Low
2024-08-16,18:30,40.88599,-73.82791999999999,BOSTON ROAD,0.0,0,0,0,0,0,1,0,Traffic Control Disregarded,Station Wagon/Sport Utility Vehicle,BRONX,10475.0,2024,8,Friday,0.0,Low
2021-06-09,16:24,40.680115,-73.75324,SPRINGFIELD BOULEVARD,0.0,0,0,0,0,0,0,0,Passing or Lane Usage Improper,Sedan,QUEENS,11413.0,2021,6,Wednesday,0.0,Low
2022-12-28,18:00,40.74945,-73.88710999999999,37 AVENUE,0.0,0,1,0,0,0,0,0,Driver Inexperience,Van,QUEENS,11372.0,2022,12,Wednesday,0.0,Low
2021-11-18,23:37,40.699290000000005,-73.793236,,0.0,0,0,0,0,0,0,0,Driver Inattention/Distraction,Sedan,QUEENS,11433.0,2021,11,Thursday,0.0,Low
2022-04-09,05:00,40.632286,-74.01195,,0.0,0,0,0,0,0,0,0,Steering Failure,Station Wagon/Sport Utility Vehicle,BROOKLYN,11220.0,2022,4,Saturday,0.0,Low
2023-01-06,13:16,40.644295,-73.90139,ROCKAWAY PARKWAY,0.0,0,0,0,0,0,1,0,Driver Inattention/Distraction,Sedan,BROOKLYN,11236.0,2023,1,Friday,0.0,Low
2023-02-02,19:26,40.755028,-73.87269599999999,JUNCTION BOULEVARD,0.0,0,0,0,1,0,0,0,Traffic Control Disregarded,E-Bike,QUEENS,11372.0,2023,2,Thursday,0.0,Low
2021-10-12,13:59,40.677334,-73.86763,GLENMORE AVENUE,0.0,0,0,0,0,0,2,0,Failure to Yield Right-of-Way,Station Wagon/Sport Utility Vehicle,BROOKLYN,11208.0,2021,10,Tuesday,0.0,Low
2021-12-24,01:00,40.57521,-74.11528,,0.0,0,0,0,0,0,0,0,Unspecified,Sedan,STATEN ISLAND,10306.0,2021,12,Friday,0.0,Low
2023-03-07,20:01,40.717358000000004,-73.82171,UNION TURNPIKE,0.0,0,0,0,0,0,0,0,Unspecified,Sedan,QUEENS,11367.0,2023,3,Tuesday,0.0,Low
2022-05-27,07:45,40.68052,-74.009186,DELEVAN STREET,0.0,0,0,0,0,0,0,0,Unspecified,Sedan,BROOKLYN,11231.0,2022,5,Friday,0.0,Low
2022-08-09,21:51,40.70237,-73.90338,,0.0,0,0,0,0,0,0,0,Unspecified,Station Wagon/Sport Utility Vehicle,QUEENS,11385.0,2022,8,Tuesday,0.0,Low
2021-09-24,14:50,40.651512,-73.93521,CHURCH AVENUE,0.0,0,0,0,0,0,3,0,Unspecified,Bus,BROOKLYN,11203.0,2021,9,Friday,0.0,Low
2023-04-26,21:20,40.826183,-73.90975,,0.0,0,0,0,0,0,0,0,Brakes Defective,Tow Truck / Wrecker,BRONX,10456.0,2023,4,Wednesday,0.0,Low
